-- phpMyAdmin SQL Dump
-- version 5.2.1
-- https://www.phpmyadmin.net/
--
-- Host: 127.0.0.1
-- Generation Time: Sep 29, 2023 at 12:45 PM
-- Server version: 10.4.28-MariaDB
-- PHP Version: 8.0.28

SET SQL_MODE = "NO_AUTO_VALUE_ON_ZERO";
START TRANSACTION;
SET time_zone = "+00:00";


/*!40101 SET @OLD_CHARACTER_SET_CLIENT=@@CHARACTER_SET_CLIENT */;
/*!40101 SET @OLD_CHARACTER_SET_RESULTS=@@CHARACTER_SET_RESULTS */;
/*!40101 SET @OLD_COLLATION_CONNECTION=@@COLLATION_CONNECTION */;
/*!40101 SET NAMES utf8mb4 */;

--
-- Database: `eswift`
--

-- --------------------------------------------------------

--
-- Table structure for table `answers`
--

CREATE TABLE `answers` (
  `id` bigint(20) UNSIGNED NOT NULL,
  `question_id` bigint(20) UNSIGNED NOT NULL,
  `ans` text NOT NULL,
  `anshindi` text DEFAULT NULL,
  `ansmarathi` text DEFAULT NULL,
  `created_at` timestamp NULL DEFAULT NULL,
  `updated_at` timestamp NULL DEFAULT NULL
) ENGINE=InnoDB DEFAULT CHARSET=utf8mb4 COLLATE=utf8mb4_unicode_ci;

--
-- Dumping data for table `answers`
--

INSERT INTO `answers` (`id`, `question_id`, `ans`, `anshindi`, `ansmarathi`, `created_at`, `updated_at`) VALUES
(85, 2, '<p>refgr</p>', '<p>h</p>', '<p>mm</p>', '2022-02-05 06:46:03', '2022-02-05 06:46:03'),
(86, 2, '<p>gg</p>', '<p>hh</p>', '<p>mmmmmmmmmmm</p>', '2022-02-05 06:46:03', '2022-02-05 06:46:03'),
(87, 2, '<p>rege</p>', '<p>hhh</p>', '<p>mmmm</p>', '2022-02-05 06:46:03', '2022-02-05 06:46:03'),
(88, 2, '<p>erge</p>', '<p>hhhh</p>', '<p>mmm</p>', '2022-02-05 06:46:03', '2022-02-05 06:46:03'),
(89, 3, '<p>(A) Apple</p>', '<p>(A) Apple</p>', '<p>(A) Apple</p>', '2022-02-05 06:56:24', '2022-02-05 06:56:24'),
(90, 3, '<p>(B) Android</p>', '<p>(B) Android</p>', '<p>(B) Android</p>', '2022-02-05 06:56:24', '2022-02-05 06:56:24'),
(91, 3, '<p>(C) Google</p>', '<p>(C) Google</p>', '<p>(C) Google</p>', '2022-02-05 06:56:24', '2022-02-05 06:56:24'),
(92, 3, '<p>(D) Microsoft</p>', '<p>(D) Microsoft</p>', '<p>(D) Microsoft</p>', '2022-02-05 06:56:24', '2022-02-05 06:56:24'),
(93, 4, '<p>(A) Avast</p>', '<p>(A) अवास्ती</p>', '<p>(A) अवास्ट</p>', '2022-02-05 07:00:09', '2022-02-05 07:00:09'),
(94, 4, '<p>(B) MS word 2007</p>', '<p>(B) एमएस वर्ड 2007</p>', '<p>(B) एमएस शब्द 2007</p>', '2022-02-05 07:00:09', '2022-02-05 07:00:09'),
(95, 4, '<p>(C) Google Chrome</p>', '<p>(C) गूगल क्रोम</p>', '<p>(C) Google Chrome</p>', '2022-02-05 07:00:09', '2022-02-05 07:00:09'),
(96, 4, '<p>(D) Mozilla Firefox</p>', '<p>(D) मोज़िला फ़ायरफ़ॉक्स</p>', '<p>(डी) मोझिला फायरफॉक्स</p>', '2022-02-05 07:00:09', '2022-02-05 07:00:09'),
(99, 5, '<p>&nbsp;a. True</p>', '<p>A. सत्य</p>', '<p>a खरे</p>', '2022-02-05 07:15:32', '2022-02-05 07:15:32'),
(100, 5, '<p>&nbsp;b. False</p>', '<p>B. असत्य</p>', '<p>b खोटे</p>', '2022-02-05 07:15:32', '2022-02-05 07:15:32');

-- --------------------------------------------------------

--
-- Table structure for table `attendances`
--

CREATE TABLE `attendances` (
  `id` bigint(20) UNSIGNED NOT NULL,
  `student_id` varchar(255) NOT NULL,
  `batch_id` varchar(255) NOT NULL,
  `d` varchar(255) NOT NULL,
  `attendance` varchar(255) NOT NULL,
  `created_at` timestamp NULL DEFAULT NULL,
  `updated_at` timestamp NULL DEFAULT NULL
) ENGINE=InnoDB DEFAULT CHARSET=utf8mb4 COLLATE=utf8mb4_unicode_ci;

--
-- Dumping data for table `attendances`
--

INSERT INTO `attendances` (`id`, `student_id`, `batch_id`, `d`, `attendance`, `created_at`, `updated_at`) VALUES
(168, '1', '1', '06', 'P', '2022-02-06 10:34:37', '2022-02-06 10:34:37'),
(169, '1', '2', '06', 'P', '2022-02-06 10:34:37', '2022-02-06 10:34:37'),
(170, '1', '3', '06', 'A', '2022-02-06 10:34:37', '2022-02-06 10:34:37'),
(171, '1', '4', '06', 'A', '2022-02-06 10:34:37', '2022-02-06 10:34:37'),
(172, '1', '5', '06', 'A', '2022-02-06 10:34:37', '2022-02-06 10:34:37'),
(173, '1', '6', '06', 'A', '2022-02-06 10:34:37', '2022-02-06 10:34:37'),
(174, '1', '7', '06', 'P', '2022-02-06 10:34:38', '2022-02-06 10:34:38'),
(175, '2', '1', '06', 'A', '2022-02-06 10:34:38', '2022-02-06 10:34:38'),
(176, '2', '2', '06', 'A', '2022-02-06 10:34:38', '2022-02-06 10:34:38'),
(177, '3', '1', '06', 'A', '2022-02-06 10:34:38', '2022-02-06 10:34:38'),
(178, '3', '2', '06', 'A', '2022-02-06 10:34:38', '2022-02-06 10:34:38'),
(179, '3', '3', '06', 'P', '2022-02-06 10:34:38', '2022-02-06 10:34:38'),
(180, '4', '1', '06', 'A', '2022-02-06 10:34:38', '2022-02-06 10:34:38'),
(181, '4', '3', '06', 'A', '2022-02-06 10:34:38', '2022-02-06 10:34:38'),
(182, '5', '1', '06', 'A', '2022-02-06 10:34:38', '2022-02-06 10:34:38'),
(183, '5', '2', '06', 'P', '2022-02-06 10:34:38', '2022-02-06 10:34:38'),
(184, '5', '3', '06', 'A', '2022-02-06 10:34:38', '2022-02-06 10:34:38'),
(185, '5', '4', '06', 'A', '2022-02-06 10:34:38', '2022-02-06 10:34:38'),
(186, '6', '1', '06', 'P', '2022-02-06 10:34:38', '2022-02-06 10:34:38'),
(187, '6', '2', '06', 'A', '2022-02-06 10:34:38', '2022-02-06 10:34:38'),
(188, '7', '1', '06', 'A', '2022-02-06 10:34:38', '2022-02-06 10:34:38'),
(189, '7', '2', '06', 'A', '2022-02-06 10:34:38', '2022-02-06 10:34:38'),
(190, '7', '3', '06', 'P', '2022-02-06 10:34:38', '2022-02-06 10:34:38'),
(191, '1', '1', '07', 'A', '2022-02-07 10:35:00', '2022-02-07 10:35:00'),
(192, '1', '2', '07', 'A', '2022-02-07 10:35:00', '2022-02-07 10:35:00'),
(193, '1', '3', '07', 'P', '2022-02-07 10:35:00', '2022-02-07 10:35:00'),
(194, '1', '4', '07', 'A', '2022-02-07 10:35:00', '2022-02-07 10:35:00'),
(195, '1', '5', '07', 'P', '2022-02-07 10:35:00', '2022-02-07 10:35:00'),
(196, '1', '6', '07', 'A', '2022-02-07 10:35:00', '2022-02-07 10:35:00'),
(197, '1', '7', '07', 'A', '2022-02-07 10:35:00', '2022-02-07 10:35:00'),
(198, '2', '1', '07', 'A', '2022-02-07 10:35:01', '2022-02-07 10:35:01'),
(199, '2', '2', '07', 'A', '2022-02-07 10:35:01', '2022-02-07 10:35:01'),
(200, '3', '1', '07', 'P', '2022-02-07 10:35:01', '2022-02-07 10:35:01'),
(201, '3', '2', '07', 'A', '2022-02-07 10:35:01', '2022-02-07 10:35:01'),
(202, '3', '3', '07', 'P', '2022-02-07 10:35:01', '2022-02-07 10:35:01'),
(203, '4', '1', '07', 'A', '2022-02-07 10:35:01', '2022-02-07 10:35:01'),
(204, '4', '3', '07', 'P', '2022-02-07 10:35:01', '2022-02-07 10:35:01'),
(205, '5', '1', '07', 'A', '2022-02-07 10:35:01', '2022-02-07 10:35:01'),
(206, '5', '2', '07', 'A', '2022-02-07 10:35:01', '2022-02-07 10:35:01'),
(207, '5', '3', '07', 'A', '2022-02-07 10:35:01', '2022-02-07 10:35:01'),
(208, '5', '4', '07', 'A', '2022-02-07 10:35:01', '2022-02-07 10:35:01'),
(209, '6', '1', '07', 'P', '2022-02-07 10:35:01', '2022-02-07 10:35:01'),
(210, '6', '2', '07', 'P', '2022-02-07 10:35:01', '2022-02-07 10:35:01'),
(211, '7', '1', '07', 'A', '2022-02-07 10:35:01', '2022-02-07 10:35:01'),
(212, '7', '2', '07', 'P', '2022-02-07 10:35:01', '2022-02-07 10:35:01'),
(213, '7', '3', '07', 'A', '2022-02-07 10:35:01', '2022-02-07 10:35:01'),
(214, '1', '1', '08', 'A', '2022-02-08 10:35:07', '2022-02-08 10:35:07'),
(215, '1', '2', '08', 'P', '2022-02-08 10:35:07', '2022-02-08 10:35:07'),
(216, '1', '3', '08', 'A', '2022-02-08 10:35:07', '2022-02-08 10:35:07'),
(217, '1', '4', '08', 'P', '2022-02-08 10:35:07', '2022-02-08 10:35:07'),
(218, '1', '5', '08', 'P', '2022-02-08 10:35:07', '2022-02-08 10:35:07'),
(219, '1', '6', '08', 'A', '2022-02-08 10:35:07', '2022-02-08 10:35:07'),
(220, '1', '7', '08', 'P', '2022-02-08 10:35:07', '2022-02-08 10:35:07'),
(221, '2', '1', '08', 'A', '2022-02-08 10:35:07', '2022-02-08 10:35:07'),
(222, '2', '2', '08', 'A', '2022-02-08 10:35:07', '2022-02-08 10:35:07'),
(223, '3', '1', '08', 'A', '2022-02-08 10:35:07', '2022-02-08 10:35:07'),
(224, '3', '2', '08', 'P', '2022-02-08 10:35:07', '2022-02-08 10:35:07'),
(225, '3', '3', '08', 'A', '2022-02-08 10:35:07', '2022-02-08 10:35:07'),
(226, '4', '1', '08', 'A', '2022-02-08 10:35:07', '2022-02-08 10:35:07'),
(227, '4', '3', '08', 'P', '2022-02-08 10:35:07', '2022-02-08 10:35:07'),
(228, '5', '1', '08', 'A', '2022-02-08 10:35:08', '2022-02-08 10:35:08'),
(229, '5', '2', '08', 'P', '2022-02-08 10:35:08', '2022-02-08 10:35:08'),
(230, '5', '3', '08', 'A', '2022-02-08 10:35:08', '2022-02-08 10:35:08'),
(231, '5', '4', '08', 'P', '2022-02-08 10:35:08', '2022-02-08 10:35:08'),
(232, '6', '1', '08', 'A', '2022-02-08 10:35:08', '2022-02-08 10:35:08'),
(233, '6', '2', '08', 'P', '2022-02-08 10:35:08', '2022-02-08 10:35:08'),
(234, '7', '1', '08', 'A', '2022-02-08 10:35:08', '2022-02-08 10:35:08'),
(235, '7', '2', '08', 'A', '2022-02-08 10:35:08', '2022-02-08 10:35:08'),
(236, '7', '3', '08', 'A', '2022-02-08 10:35:08', '2022-02-08 10:35:08'),
(237, '1', '1', '05', 'P', '2022-02-05 10:35:13', '2022-02-05 10:35:13'),
(238, '1', '2', '05', 'A', '2022-02-05 10:35:13', '2022-02-05 10:35:13'),
(239, '1', '3', '05', 'A', '2022-02-05 10:35:13', '2022-02-05 10:35:13'),
(240, '1', '4', '05', 'A', '2022-02-05 10:35:13', '2022-02-05 10:35:13'),
(241, '1', '5', '05', 'P', '2022-02-05 10:35:13', '2022-02-05 10:35:13'),
(242, '1', '6', '05', 'A', '2022-02-05 10:35:14', '2022-02-05 10:35:14'),
(243, '1', '7', '05', 'P', '2022-02-05 10:35:14', '2022-02-05 10:35:14'),
(244, '2', '1', '05', 'A', '2022-02-05 10:35:14', '2022-02-05 10:35:14'),
(245, '2', '2', '05', 'A', '2022-02-05 10:35:14', '2022-02-05 10:35:14'),
(246, '3', '1', '05', 'A', '2022-02-05 10:35:14', '2022-02-05 10:35:14'),
(247, '3', '2', '05', 'P', '2022-02-05 10:35:14', '2022-02-05 10:35:14'),
(248, '3', '3', '05', 'A', '2022-02-05 10:35:14', '2022-02-05 10:35:14'),
(249, '4', '1', '05', 'A', '2022-02-05 10:35:14', '2022-02-05 10:35:14'),
(250, '4', '3', '05', 'A', '2022-02-05 10:35:14', '2022-02-05 10:35:14'),
(251, '5', '1', '05', 'A', '2022-02-05 10:35:14', '2022-02-05 10:35:14'),
(252, '5', '2', '05', 'P', '2022-02-05 10:35:14', '2022-02-05 10:35:14'),
(253, '5', '3', '05', 'A', '2022-02-05 10:35:15', '2022-02-05 10:35:15'),
(254, '5', '4', '05', 'A', '2022-02-05 10:35:15', '2022-02-05 10:35:15'),
(255, '6', '1', '05', 'A', '2022-02-05 10:35:15', '2022-02-05 10:35:15'),
(256, '6', '2', '05', 'A', '2022-02-05 10:35:15', '2022-02-05 10:35:15'),
(257, '7', '1', '05', 'A', '2022-02-05 10:35:15', '2022-02-05 10:35:15'),
(258, '7', '2', '05', 'A', '2022-02-05 10:35:15', '2022-02-05 10:35:15'),
(259, '7', '3', '05', 'A', '2022-02-05 10:35:15', '2022-02-05 10:35:15'),
(352, '1', '2', '09', 'P', '2022-02-09 06:01:00', '2022-02-09 06:01:00'),
(353, '2', '2', '09', 'P', '2022-02-09 06:01:00', '2022-02-09 06:01:00'),
(354, '7', '2', '09', 'P', '2022-02-09 06:05:00', '2022-02-09 06:05:00'),
(355, '1', '1', '09', 'A', '2022-02-09 06:08:50', '2022-02-09 06:08:50'),
(356, '1', '3', '09', 'A', '2022-02-09 06:08:50', '2022-02-09 06:08:50'),
(357, '1', '4', '09', 'A', '2022-02-09 06:08:50', '2022-02-09 06:08:50'),
(358, '1', '5', '09', 'P', '2022-02-09 06:08:50', '2022-02-09 06:08:50'),
(359, '1', '6', '09', 'A', '2022-02-09 06:08:50', '2022-02-09 06:08:50'),
(360, '1', '7', '09', 'P', '2022-02-09 06:08:50', '2022-02-09 06:08:50'),
(361, '2', '1', '09', 'A', '2022-02-09 06:08:50', '2022-02-09 06:08:50'),
(362, '3', '1', '09', 'A', '2022-02-09 06:08:50', '2022-02-09 06:08:50'),
(363, '3', '2', '09', 'A', '2022-02-09 06:08:50', '2022-02-09 06:08:50'),
(364, '3', '3', '09', 'A', '2022-02-09 06:08:50', '2022-02-09 06:08:50'),
(365, '4', '1', '09', 'P', '2022-02-09 06:08:50', '2022-02-09 06:08:50'),
(366, '4', '3', '09', 'A', '2022-02-09 06:08:50', '2022-02-09 06:08:50'),
(367, '5', '1', '09', 'A', '2022-02-09 06:08:50', '2022-02-09 06:08:50'),
(368, '5', '2', '09', 'P', '2022-02-09 06:08:50', '2022-02-09 06:08:50'),
(369, '5', '3', '09', 'A', '2022-02-09 06:08:50', '2022-02-09 06:08:50'),
(370, '5', '4', '09', 'A', '2022-02-09 06:08:50', '2022-02-09 06:08:50'),
(371, '6', '1', '09', 'A', '2022-02-09 06:08:50', '2022-02-09 06:08:50'),
(372, '6', '2', '09', 'P', '2022-02-09 06:08:50', '2022-02-09 06:08:50'),
(373, '7', '1', '09', 'A', '2022-02-09 06:08:50', '2022-02-09 06:08:50'),
(374, '7', '3', '09', 'A', '2022-02-09 06:08:50', '2022-02-09 06:08:50'),
(398, '1', '7', '10', 'P', '2022-02-10 10:46:00', '2022-02-10 10:46:00'),
(421, '1', '1', '10', 'P', '2022-02-10 12:12:00', '2022-02-10 12:12:00'),
(422, '1', '2', '10', 'A', '2022-02-10 12:12:00', '2022-02-10 12:12:00'),
(423, '1', '3', '10', 'A', '2022-02-10 12:12:00', '2022-02-10 12:12:00'),
(424, '1', '4', '10', 'A', '2022-02-10 12:12:01', '2022-02-10 12:12:01'),
(425, '1', '5', '10', 'A', '2022-02-10 12:12:01', '2022-02-10 12:12:01'),
(426, '1', '6', '10', 'P', '2022-02-10 12:12:01', '2022-02-10 12:12:01'),
(427, '2', '1', '10', 'A', '2022-02-10 12:12:01', '2022-02-10 12:12:01'),
(428, '2', '2', '10', 'A', '2022-02-10 12:12:01', '2022-02-10 12:12:01'),
(429, '3', '1', '10', 'P', '2022-02-10 12:12:01', '2022-02-10 12:12:01'),
(430, '3', '2', '10', 'P', '2022-02-10 12:12:01', '2022-02-10 12:12:01'),
(431, '3', '3', '10', 'P', '2022-02-10 12:12:01', '2022-02-10 12:12:01'),
(432, '4', '1', '10', 'A', '2022-02-10 12:12:01', '2022-02-10 12:12:01'),
(433, '4', '3', '10', 'A', '2022-02-10 12:12:01', '2022-02-10 12:12:01'),
(434, '5', '1', '10', 'A', '2022-02-10 12:12:01', '2022-02-10 12:12:01'),
(435, '5', '2', '10', 'A', '2022-02-10 12:12:01', '2022-02-10 12:12:01'),
(436, '5', '3', '10', 'A', '2022-02-10 12:12:01', '2022-02-10 12:12:01'),
(437, '5', '4', '10', 'P', '2022-02-10 12:12:01', '2022-02-10 12:12:01'),
(438, '6', '1', '10', 'A', '2022-02-10 12:12:01', '2022-02-10 12:12:01'),
(439, '6', '2', '10', 'A', '2022-02-10 12:12:02', '2022-02-10 12:12:02'),
(440, '7', '1', '10', 'P', '2022-02-10 12:12:02', '2022-02-10 12:12:02'),
(441, '7', '2', '10', 'A', '2022-02-10 12:12:02', '2022-02-10 12:12:02'),
(442, '7', '3', '10', 'P', '2022-02-10 12:12:02', '2022-02-10 12:12:02'),
(443, '1', '1', '11', 'P', '2022-02-11 05:29:18', '2022-02-11 05:29:18'),
(444, '2', '2', '11', 'P', '2022-02-11 05:30:01', '2022-02-11 05:30:01'),
(445, '1', '2', '11', 'P', '2022-02-11 05:35:01', '2022-02-11 05:35:01'),
(446, '6', '2', '11', 'P', '2022-02-11 05:45:00', '2022-02-11 05:45:00'),
(447, '1', '3', '11', 'P', '2022-02-11 07:13:01', '2022-02-11 07:13:01'),
(486, '1', '4', '11', 'A', '2022-02-11 12:40:00', '2022-02-11 12:40:00'),
(487, '1', '5', '11', 'A', '2022-02-11 12:40:00', '2022-02-11 12:40:00'),
(488, '1', '6', '11', 'A', '2022-02-11 12:40:00', '2022-02-11 12:40:00'),
(489, '1', '7', '11', 'A', '2022-02-11 12:40:00', '2022-02-11 12:40:00'),
(490, '3', '1', '11', 'A', '2022-02-11 12:40:00', '2022-02-11 12:40:00'),
(491, '3', '2', '11', 'A', '2022-02-11 12:40:00', '2022-02-11 12:40:00'),
(492, '3', '3', '11', 'A', '2022-02-11 12:40:00', '2022-02-11 12:40:00'),
(493, '4', '1', '11', 'A', '2022-02-11 12:40:00', '2022-02-11 12:40:00'),
(494, '4', '3', '11', 'A', '2022-02-11 12:40:00', '2022-02-11 12:40:00'),
(495, '5', '1', '11', 'A', '2022-02-11 12:40:00', '2022-02-11 12:40:00'),
(496, '5', '2', '11', 'A', '2022-02-11 12:40:01', '2022-02-11 12:40:01'),
(497, '5', '3', '11', 'A', '2022-02-11 12:40:01', '2022-02-11 12:40:01'),
(498, '5', '4', '11', 'A', '2022-02-11 12:40:01', '2022-02-11 12:40:01'),
(499, '6', '1', '11', 'A', '2022-02-11 12:40:01', '2022-02-11 12:40:01'),
(500, '7', '1', '11', 'A', '2022-02-11 12:40:01', '2022-02-11 12:40:01'),
(501, '7', '2', '11', 'A', '2022-02-11 12:40:01', '2022-02-11 12:40:01'),
(502, '7', '3', '11', 'A', '2022-02-11 12:40:01', '2022-02-11 12:40:01'),
(524, '1', '2', '12', 'P', '2022-02-12 05:30:00', '2022-02-12 05:30:00'),
(525, '1', '3', '12', 'P', '2022-02-12 06:37:00', '2022-02-12 06:37:00'),
(526, '3', '3', '12', 'P', '2022-02-12 07:29:00', '2022-02-12 07:29:00'),
(527, '5', '4', '12', 'P', '2022-02-12 07:32:00', '2022-02-12 07:32:00'),
(528, '1', '4', '12', 'P', '2022-02-12 07:35:00', '2022-02-12 07:35:00'),
(529, '1', '1', '12', 'A', '2022-02-12 12:40:01', '2022-02-12 12:40:01'),
(530, '1', '5', '12', 'A', '2022-02-12 12:40:01', '2022-02-12 12:40:01'),
(531, '1', '6', '12', 'A', '2022-02-12 12:40:01', '2022-02-12 12:40:01'),
(532, '1', '7', '12', 'A', '2022-02-12 12:40:01', '2022-02-12 12:40:01'),
(533, '3', '1', '12', 'A', '2022-02-12 12:40:01', '2022-02-12 12:40:01'),
(534, '3', '2', '12', 'A', '2022-02-12 12:40:01', '2022-02-12 12:40:01'),
(535, '4', '1', '12', 'A', '2022-02-12 12:40:01', '2022-02-12 12:40:01'),
(536, '4', '3', '12', 'A', '2022-02-12 12:40:01', '2022-02-12 12:40:01'),
(537, '5', '1', '12', 'A', '2022-02-12 12:40:01', '2022-02-12 12:40:01'),
(538, '5', '2', '12', 'A', '2022-02-12 12:40:01', '2022-02-12 12:40:01'),
(539, '5', '3', '12', 'A', '2022-02-12 12:40:02', '2022-02-12 12:40:02'),
(540, '6', '1', '12', 'A', '2022-02-12 12:40:02', '2022-02-12 12:40:02'),
(541, '6', '2', '12', 'A', '2022-02-12 12:40:02', '2022-02-12 12:40:02'),
(542, '7', '1', '12', 'A', '2022-02-12 12:40:02', '2022-02-12 12:40:02'),
(543, '7', '2', '12', 'A', '2022-02-12 12:40:02', '2022-02-12 12:40:02'),
(544, '7', '3', '12', 'A', '2022-02-12 12:40:02', '2022-02-12 12:40:02'),
(545, '1', '2', '14', 'P', '2022-02-14 05:34:00', '2022-02-14 05:34:00'),
(546, '5', '2', '14', 'P', '2022-02-14 05:39:00', '2022-02-14 05:39:00'),
(547, '3', '2', '14', 'P', '2022-02-14 05:42:00', '2022-02-14 05:42:00'),
(548, '6', '2', '14', 'P', '2022-02-14 05:52:00', '2022-02-14 05:52:00'),
(549, '1', '6', '14', 'P', '2022-02-14 09:47:01', '2022-02-14 09:47:01'),
(550, '1', '1', '13', 'A', '2022-02-13 10:00:54', '2022-02-13 10:00:54'),
(551, '1', '2', '13', 'A', '2022-02-13 10:00:54', '2022-02-13 10:00:54'),
(552, '1', '3', '13', 'A', '2022-02-13 10:00:54', '2022-02-13 10:00:54'),
(553, '1', '4', '13', 'A', '2022-02-13 10:00:54', '2022-02-13 10:00:54'),
(554, '1', '5', '13', 'A', '2022-02-13 10:00:55', '2022-02-13 10:00:55'),
(555, '1', '6', '13', 'A', '2022-02-13 10:00:55', '2022-02-13 10:00:55'),
(556, '1', '7', '13', 'A', '2022-02-13 10:00:55', '2022-02-13 10:00:55'),
(557, '3', '1', '13', 'A', '2022-02-13 10:00:56', '2022-02-13 10:00:56'),
(558, '3', '2', '13', 'A', '2022-02-13 10:00:56', '2022-02-13 10:00:56'),
(559, '3', '3', '13', 'A', '2022-02-13 10:00:56', '2022-02-13 10:00:56'),
(560, '4', '1', '13', 'A', '2022-02-13 10:00:56', '2022-02-13 10:00:56'),
(561, '4', '3', '13', 'A', '2022-02-13 10:00:57', '2022-02-13 10:00:57'),
(562, '5', '1', '13', 'A', '2022-02-13 10:00:57', '2022-02-13 10:00:57'),
(563, '5', '2', '13', 'A', '2022-02-13 10:00:57', '2022-02-13 10:00:57'),
(564, '5', '3', '13', 'A', '2022-02-13 10:00:57', '2022-02-13 10:00:57'),
(565, '5', '4', '13', 'A', '2022-02-13 10:00:57', '2022-02-13 10:00:57'),
(566, '6', '1', '13', 'A', '2022-02-13 10:00:57', '2022-02-13 10:00:57'),
(567, '6', '2', '13', 'A', '2022-02-13 10:00:57', '2022-02-13 10:00:57'),
(568, '7', '1', '13', 'A', '2022-02-13 10:00:57', '2022-02-13 10:00:57'),
(569, '7', '2', '13', 'A', '2022-02-13 10:00:58', '2022-02-13 10:00:58'),
(570, '7', '3', '13', 'A', '2022-02-13 10:00:58', '2022-02-13 10:00:58'),
(571, '1', '7', '14', 'P', '2022-02-14 11:15:01', '2022-02-14 11:15:01'),
(572, '1', '1', '14', 'A', '2022-02-14 13:02:15', '2022-02-14 13:02:15'),
(573, '1', '3', '14', 'A', '2022-02-14 13:02:15', '2022-02-14 13:02:15'),
(574, '1', '4', '14', 'A', '2022-02-14 13:02:15', '2022-02-14 13:02:15'),
(575, '1', '5', '14', 'A', '2022-02-14 13:02:15', '2022-02-14 13:02:15'),
(576, '3', '1', '14', 'A', '2022-02-14 13:02:15', '2022-02-14 13:02:15'),
(577, '3', '3', '14', 'A', '2022-02-14 13:02:15', '2022-02-14 13:02:15'),
(578, '4', '1', '14', 'A', '2022-02-14 13:02:15', '2022-02-14 13:02:15'),
(579, '4', '3', '14', 'A', '2022-02-14 13:02:15', '2022-02-14 13:02:15'),
(580, '5', '1', '14', 'A', '2022-02-14 13:02:15', '2022-02-14 13:02:15'),
(581, '5', '3', '14', 'A', '2022-02-14 13:02:16', '2022-02-14 13:02:16'),
(582, '5', '4', '14', 'A', '2022-02-14 13:02:16', '2022-02-14 13:02:16'),
(583, '6', '1', '14', 'A', '2022-02-14 13:02:16', '2022-02-14 13:02:16'),
(584, '7', '1', '14', 'A', '2022-02-14 13:02:16', '2022-02-14 13:02:16'),
(585, '7', '2', '14', 'A', '2022-02-14 13:02:16', '2022-02-14 13:02:16'),
(586, '7', '3', '14', 'A', '2022-02-14 13:02:16', '2022-02-14 13:02:16'),
(587, '1', '2', '15', 'P', '2022-02-15 05:43:01', '2022-02-15 05:43:01'),
(588, '5', '2', '15', 'P', '2022-02-15 05:47:00', '2022-02-15 05:47:00'),
(589, '1', '4', '15', 'P', '2022-02-15 08:10:00', '2022-02-15 08:10:00'),
(590, '1', '1', '15', 'A', '2022-02-15 12:49:29', '2022-02-15 12:49:29'),
(591, '1', '3', '15', 'A', '2022-02-15 12:49:29', '2022-02-15 12:49:29'),
(592, '1', '5', '15', 'A', '2022-02-15 12:49:30', '2022-02-15 12:49:30'),
(593, '1', '6', '15', 'A', '2022-02-15 12:49:30', '2022-02-15 12:49:30'),
(594, '1', '7', '15', 'A', '2022-02-15 12:49:30', '2022-02-15 12:49:30'),
(595, '3', '1', '15', 'A', '2022-02-15 12:49:30', '2022-02-15 12:49:30'),
(596, '3', '2', '15', 'A', '2022-02-15 12:49:30', '2022-02-15 12:49:30'),
(597, '3', '3', '15', 'A', '2022-02-15 12:49:30', '2022-02-15 12:49:30'),
(598, '4', '1', '15', 'A', '2022-02-15 12:49:30', '2022-02-15 12:49:30'),
(599, '4', '3', '15', 'A', '2022-02-15 12:49:30', '2022-02-15 12:49:30'),
(600, '5', '1', '15', 'A', '2022-02-15 12:49:30', '2022-02-15 12:49:30'),
(601, '5', '3', '15', 'A', '2022-02-15 12:49:30', '2022-02-15 12:49:30'),
(602, '5', '4', '15', 'A', '2022-02-15 12:49:31', '2022-02-15 12:49:31'),
(603, '6', '1', '15', 'A', '2022-02-15 12:49:31', '2022-02-15 12:49:31'),
(604, '6', '2', '15', 'A', '2022-02-15 12:49:31', '2022-02-15 12:49:31'),
(605, '7', '1', '15', 'A', '2022-02-15 12:49:31', '2022-02-15 12:49:31'),
(606, '7', '2', '15', 'A', '2022-02-15 12:49:31', '2022-02-15 12:49:31'),
(607, '7', '3', '15', 'A', '2022-02-15 12:49:31', '2022-02-15 12:49:31'),
(608, '1', '3', '16', 'P', '2022-02-16 06:40:00', '2022-02-16 06:40:00'),
(609, '7', '3', '16', 'P', '2022-02-16 06:54:00', '2022-02-16 06:54:00'),
(610, '1', '6', '16', 'P', '2022-02-16 10:09:00', '2022-02-16 10:09:00'),
(611, '1', '7', '16', 'P', '2022-02-16 10:49:00', '2022-02-16 10:49:00'),
(612, '1', '1', '16', 'A', '2022-02-16 12:40:01', '2022-02-16 12:40:01'),
(613, '1', '2', '16', 'A', '2022-02-16 12:40:01', '2022-02-16 12:40:01'),
(614, '1', '4', '16', 'A', '2022-02-16 12:40:01', '2022-02-16 12:40:01'),
(615, '1', '5', '16', 'A', '2022-02-16 12:40:01', '2022-02-16 12:40:01'),
(616, '3', '1', '16', 'A', '2022-02-16 12:40:01', '2022-02-16 12:40:01'),
(617, '3', '2', '16', 'A', '2022-02-16 12:40:01', '2022-02-16 12:40:01'),
(618, '3', '3', '16', 'A', '2022-02-16 12:40:01', '2022-02-16 12:40:01'),
(619, '4', '1', '16', 'A', '2022-02-16 12:40:01', '2022-02-16 12:40:01'),
(620, '4', '3', '16', 'A', '2022-02-16 12:40:02', '2022-02-16 12:40:02'),
(621, '5', '1', '16', 'A', '2022-02-16 12:40:02', '2022-02-16 12:40:02'),
(622, '5', '2', '16', 'A', '2022-02-16 12:40:02', '2022-02-16 12:40:02'),
(623, '5', '3', '16', 'A', '2022-02-16 12:40:02', '2022-02-16 12:40:02'),
(624, '5', '4', '16', 'A', '2022-02-16 12:40:02', '2022-02-16 12:40:02'),
(625, '6', '1', '16', 'A', '2022-02-16 12:40:02', '2022-02-16 12:40:02'),
(626, '6', '2', '16', 'A', '2022-02-16 12:40:02', '2022-02-16 12:40:02'),
(627, '7', '1', '16', 'A', '2022-02-16 12:40:02', '2022-02-16 12:40:02'),
(628, '7', '2', '16', 'A', '2022-02-16 12:40:02', '2022-02-16 12:40:02'),
(629, '3', '3', '17', 'P', '2022-02-17 07:27:01', '2022-02-17 07:27:01'),
(632, '1', '5', '17', 'P', '2022-02-17 08:30:01', '2022-02-17 08:30:01'),
(634, '1', '7', '17', 'P', '2022-02-17 10:38:01', '2022-02-17 10:38:01'),
(635, '1', '4', '17', 'P', '2022-02-17 07:39:00', '2022-02-17 07:39:00'),
(636, '1', '1', '17', 'A', '2022-02-17 13:19:18', '2022-02-17 13:19:18'),
(637, '1', '2', '17', 'A', '2022-02-17 13:19:18', '2022-02-17 13:19:18'),
(638, '1', '3', '17', 'A', '2022-02-17 13:19:18', '2022-02-17 13:19:18'),
(639, '1', '6', '17', 'A', '2022-02-17 13:19:18', '2022-02-17 13:19:18'),
(640, '3', '1', '17', 'A', '2022-02-17 13:19:18', '2022-02-17 13:19:18'),
(641, '3', '2', '17', 'A', '2022-02-17 13:19:18', '2022-02-17 13:19:18'),
(642, '3', '4', '17', 'A', '2022-02-17 13:19:18', '2022-02-17 13:19:18'),
(643, '4', '1', '17', 'A', '2022-02-17 13:19:18', '2022-02-17 13:19:18'),
(644, '4', '3', '17', 'A', '2022-02-17 13:19:19', '2022-02-17 13:19:19'),
(645, '5', '1', '17', 'A', '2022-02-17 13:19:19', '2022-02-17 13:19:19'),
(646, '5', '2', '17', 'A', '2022-02-17 13:19:19', '2022-02-17 13:19:19'),
(647, '5', '3', '17', 'A', '2022-02-17 13:19:19', '2022-02-17 13:19:19'),
(648, '5', '4', '17', 'A', '2022-02-17 13:19:19', '2022-02-17 13:19:19'),
(649, '6', '1', '17', 'A', '2022-02-17 13:19:19', '2022-02-17 13:19:19'),
(650, '6', '2', '17', 'A', '2022-02-17 13:19:20', '2022-02-17 13:19:20'),
(651, '7', '1', '17', 'A', '2022-02-17 13:19:20', '2022-02-17 13:19:20'),
(652, '7', '2', '17', 'A', '2022-02-17 13:19:20', '2022-02-17 13:19:20'),
(653, '7', '3', '17', 'A', '2022-02-17 13:19:20', '2022-02-17 13:19:20'),
(654, '1', '2', '18', 'P', '2022-02-18 06:26:00', '2022-02-18 06:26:00'),
(655, '1', '3', '18', 'P', '2022-02-18 06:30:00', '2022-02-18 06:30:00'),
(656, '1', '4', '18', 'P', '2022-02-18 08:05:01', '2022-02-18 08:05:01'),
(657, '1', '1', '19', 'A', '2022-02-19 06:24:59', '2022-02-19 06:24:59'),
(658, '1', '2', '19', 'A', '2022-02-19 06:24:59', '2022-02-19 06:24:59'),
(659, '1', '3', '19', 'A', '2022-02-19 06:24:59', '2022-02-19 06:24:59'),
(660, '1', '4', '19', 'A', '2022-02-19 06:25:00', '2022-02-19 06:25:00'),
(661, '1', '5', '19', 'A', '2022-02-19 06:25:00', '2022-02-19 06:25:00'),
(662, '1', '6', '19', 'A', '2022-02-19 06:25:00', '2022-02-19 06:25:00'),
(663, '1', '7', '19', 'A', '2022-02-19 06:25:00', '2022-02-19 06:25:00'),
(664, '3', '1', '19', 'A', '2022-02-19 06:25:00', '2022-02-19 06:25:00'),
(665, '3', '2', '19', 'A', '2022-02-19 06:25:01', '2022-02-19 06:25:01'),
(666, '3', '3', '19', 'A', '2022-02-19 06:25:01', '2022-02-19 06:25:01'),
(667, '3', '4', '19', 'A', '2022-02-19 06:25:03', '2022-02-19 06:25:03'),
(668, '4', '1', '19', 'A', '2022-02-19 06:25:03', '2022-02-19 06:25:03'),
(669, '4', '3', '19', 'A', '2022-02-19 06:25:03', '2022-02-19 06:25:03'),
(670, '5', '1', '19', 'A', '2022-02-19 06:25:03', '2022-02-19 06:25:03'),
(671, '5', '2', '19', 'A', '2022-02-19 06:25:04', '2022-02-19 06:25:04'),
(672, '5', '3', '19', 'A', '2022-02-19 06:25:04', '2022-02-19 06:25:04'),
(673, '5', '4', '19', 'A', '2022-02-19 06:25:04', '2022-02-19 06:25:04'),
(674, '6', '1', '19', 'A', '2022-02-19 06:25:04', '2022-02-19 06:25:04'),
(675, '6', '2', '19', 'A', '2022-02-19 06:25:04', '2022-02-19 06:25:04'),
(676, '7', '1', '19', 'A', '2022-02-19 06:25:04', '2022-02-19 06:25:04'),
(677, '7', '2', '19', 'A', '2022-02-19 06:25:04', '2022-02-19 06:25:04'),
(678, '7', '3', '19', 'A', '2022-02-19 06:25:04', '2022-02-19 06:25:04'),
(679, '3', '4', '15', 'A', '2022-02-15 08:28:15', '2022-02-15 08:28:15'),
(680, '3', '4', '16', 'A', '2022-02-16 08:28:32', '2022-02-16 08:28:32'),
(681, '1', '1', '18', 'A', '2022-02-18 08:28:53', '2022-02-18 08:28:53'),
(682, '1', '5', '18', 'A', '2022-02-18 08:28:53', '2022-02-18 08:28:53'),
(683, '1', '6', '18', 'A', '2022-02-18 08:28:53', '2022-02-18 08:28:53'),
(684, '1', '7', '18', 'A', '2022-02-18 08:28:53', '2022-02-18 08:28:53'),
(685, '3', '1', '18', 'A', '2022-02-18 08:28:53', '2022-02-18 08:28:53'),
(686, '3', '2', '18', 'A', '2022-02-18 08:28:53', '2022-02-18 08:28:53'),
(687, '3', '3', '18', 'A', '2022-02-18 08:28:53', '2022-02-18 08:28:53'),
(688, '3', '4', '18', 'A', '2022-02-18 08:28:53', '2022-02-18 08:28:53'),
(689, '4', '1', '18', 'A', '2022-02-18 08:28:54', '2022-02-18 08:28:54'),
(690, '4', '3', '18', 'A', '2022-02-18 08:28:54', '2022-02-18 08:28:54'),
(691, '5', '1', '18', 'A', '2022-02-18 08:28:54', '2022-02-18 08:28:54'),
(692, '5', '2', '18', 'A', '2022-02-18 08:28:54', '2022-02-18 08:28:54'),
(693, '5', '3', '18', 'A', '2022-02-18 08:28:54', '2022-02-18 08:28:54'),
(694, '5', '4', '18', 'A', '2022-02-18 08:28:54', '2022-02-18 08:28:54'),
(695, '6', '1', '18', 'A', '2022-02-18 08:28:54', '2022-02-18 08:28:54'),
(696, '6', '2', '18', 'A', '2022-02-18 08:28:54', '2022-02-18 08:28:54'),
(697, '7', '1', '18', 'A', '2022-02-18 08:28:54', '2022-02-18 08:28:54'),
(698, '7', '2', '18', 'A', '2022-02-18 08:28:55', '2022-02-18 08:28:55'),
(699, '7', '3', '18', 'A', '2022-02-18 08:28:55', '2022-02-18 08:28:55'),
(700, '3', '3', '21', 'P', '2022-02-21 07:06:01', '2022-02-21 07:06:01'),
(701, '1', '4', '21', 'P', '2022-02-21 08:14:01', '2022-02-21 08:14:01'),
(702, '1', '3', '22', 'P', '2022-02-22 06:47:00', '2022-02-22 06:47:00'),
(703, '1', '4', '22', 'P', '2022-02-22 08:05:00', '2022-02-22 08:05:00'),
(704, '1', '6', '22', 'P', '2022-02-22 09:34:00', '2022-02-22 09:34:00'),
(705, '1', '7', '22', 'P', '2022-02-22 10:33:00', '2022-02-22 10:33:00'),
(706, '1', '1', '22', 'A', '2022-02-22 12:54:44', '2022-02-22 12:54:44'),
(707, '1', '2', '22', 'A', '2022-02-22 12:54:44', '2022-02-22 12:54:44'),
(708, '1', '5', '22', 'A', '2022-02-22 12:54:44', '2022-02-22 12:54:44'),
(709, '3', '1', '22', 'A', '2022-02-22 12:54:44', '2022-02-22 12:54:44'),
(710, '3', '2', '22', 'A', '2022-02-22 12:54:44', '2022-02-22 12:54:44'),
(711, '3', '3', '22', 'A', '2022-02-22 12:54:45', '2022-02-22 12:54:45'),
(712, '3', '4', '22', 'A', '2022-02-22 12:54:45', '2022-02-22 12:54:45'),
(713, '4', '1', '22', 'A', '2022-02-22 12:54:45', '2022-02-22 12:54:45'),
(714, '4', '3', '22', 'A', '2022-02-22 12:54:45', '2022-02-22 12:54:45'),
(715, '5', '1', '22', 'A', '2022-02-22 12:54:45', '2022-02-22 12:54:45'),
(716, '5', '2', '22', 'A', '2022-02-22 12:54:45', '2022-02-22 12:54:45'),
(717, '5', '3', '22', 'A', '2022-02-22 12:54:45', '2022-02-22 12:54:45'),
(718, '5', '4', '22', 'A', '2022-02-22 12:54:45', '2022-02-22 12:54:45'),
(719, '6', '1', '22', 'A', '2022-02-22 12:54:45', '2022-02-22 12:54:45'),
(720, '6', '2', '22', 'A', '2022-02-22 12:54:46', '2022-02-22 12:54:46'),
(721, '7', '1', '22', 'A', '2022-02-22 12:54:46', '2022-02-22 12:54:46'),
(722, '7', '2', '22', 'A', '2022-02-22 12:54:46', '2022-02-22 12:54:46'),
(723, '7', '3', '22', 'A', '2022-02-22 12:54:46', '2022-02-22 12:54:46'),
(724, '1', '7', '23', 'P', '2022-02-23 11:02:00', '2022-02-23 11:02:00'),
(725, '1', '1', '23', 'A', '2022-02-23 12:40:01', '2022-02-23 12:40:01'),
(726, '1', '2', '23', 'A', '2022-02-23 12:40:01', '2022-02-23 12:40:01'),
(727, '1', '3', '23', 'A', '2022-02-23 12:40:01', '2022-02-23 12:40:01'),
(728, '1', '4', '23', 'A', '2022-02-23 12:40:01', '2022-02-23 12:40:01'),
(729, '1', '5', '23', 'A', '2022-02-23 12:40:01', '2022-02-23 12:40:01'),
(730, '1', '6', '23', 'A', '2022-02-23 12:40:01', '2022-02-23 12:40:01'),
(731, '3', '1', '23', 'A', '2022-02-23 12:40:01', '2022-02-23 12:40:01'),
(732, '3', '2', '23', 'A', '2022-02-23 12:40:01', '2022-02-23 12:40:01'),
(733, '3', '3', '23', 'A', '2022-02-23 12:40:01', '2022-02-23 12:40:01'),
(734, '3', '4', '23', 'A', '2022-02-23 12:40:02', '2022-02-23 12:40:02'),
(735, '4', '1', '23', 'A', '2022-02-23 12:40:02', '2022-02-23 12:40:02'),
(736, '4', '3', '23', 'A', '2022-02-23 12:40:02', '2022-02-23 12:40:02'),
(737, '5', '1', '23', 'A', '2022-02-23 12:40:02', '2022-02-23 12:40:02'),
(738, '5', '2', '23', 'A', '2022-02-23 12:40:02', '2022-02-23 12:40:02'),
(739, '5', '3', '23', 'A', '2022-02-23 12:40:02', '2022-02-23 12:40:02'),
(740, '5', '4', '23', 'A', '2022-02-23 12:40:02', '2022-02-23 12:40:02'),
(741, '6', '1', '23', 'A', '2022-02-23 12:40:02', '2022-02-23 12:40:02'),
(742, '6', '2', '23', 'A', '2022-02-23 12:40:02', '2022-02-23 12:40:02'),
(743, '7', '1', '23', 'A', '2022-02-23 12:40:02', '2022-02-23 12:40:02'),
(744, '7', '2', '23', 'A', '2022-02-23 12:40:02', '2022-02-23 12:40:02'),
(745, '7', '3', '23', 'A', '2022-02-23 12:40:02', '2022-02-23 12:40:02'),
(746, '1', '1', '24', 'A', '2022-02-24 13:29:34', '2022-02-24 13:29:34'),
(747, '1', '2', '24', 'A', '2022-02-24 13:29:34', '2022-02-24 13:29:34'),
(748, '1', '3', '24', 'A', '2022-02-24 13:29:34', '2022-02-24 13:29:34'),
(749, '1', '4', '24', 'A', '2022-02-24 13:29:34', '2022-02-24 13:29:34'),
(750, '1', '5', '24', 'A', '2022-02-24 13:29:34', '2022-02-24 13:29:34'),
(751, '1', '6', '24', 'A', '2022-02-24 13:29:35', '2022-02-24 13:29:35'),
(752, '1', '7', '24', 'A', '2022-02-24 13:29:35', '2022-02-24 13:29:35'),
(753, '3', '1', '24', 'A', '2022-02-24 13:29:35', '2022-02-24 13:29:35'),
(754, '3', '2', '24', 'A', '2022-02-24 13:29:35', '2022-02-24 13:29:35'),
(755, '3', '3', '24', 'A', '2022-02-24 13:29:35', '2022-02-24 13:29:35'),
(756, '3', '4', '24', 'A', '2022-02-24 13:29:35', '2022-02-24 13:29:35'),
(757, '4', '1', '24', 'A', '2022-02-24 13:29:35', '2022-02-24 13:29:35'),
(758, '4', '3', '24', 'A', '2022-02-24 13:29:35', '2022-02-24 13:29:35'),
(759, '5', '1', '24', 'A', '2022-02-24 13:29:35', '2022-02-24 13:29:35'),
(760, '5', '2', '24', 'A', '2022-02-24 13:29:35', '2022-02-24 13:29:35'),
(761, '5', '3', '24', 'A', '2022-02-24 13:29:36', '2022-02-24 13:29:36'),
(762, '5', '4', '24', 'A', '2022-02-24 13:29:36', '2022-02-24 13:29:36'),
(763, '6', '1', '24', 'A', '2022-02-24 13:29:36', '2022-02-24 13:29:36'),
(764, '6', '2', '24', 'A', '2022-02-24 13:29:36', '2022-02-24 13:29:36'),
(765, '7', '1', '24', 'A', '2022-02-24 13:29:36', '2022-02-24 13:29:36'),
(766, '7', '2', '24', 'A', '2022-02-24 13:29:36', '2022-02-24 13:29:36'),
(767, '7', '3', '24', 'A', '2022-02-24 13:29:36', '2022-02-24 13:29:36'),
(768, '1', '1', '26', 'A', '2022-02-26 05:22:56', '2022-02-26 05:22:56'),
(769, '1', '2', '26', 'A', '2022-02-26 05:22:57', '2022-02-26 05:22:57'),
(770, '1', '3', '26', 'A', '2022-02-26 05:22:57', '2022-02-26 05:22:57'),
(771, '1', '4', '26', 'A', '2022-02-26 05:22:57', '2022-02-26 05:22:57'),
(772, '1', '5', '26', 'A', '2022-02-26 05:22:57', '2022-02-26 05:22:57'),
(773, '1', '6', '26', 'A', '2022-02-26 05:22:57', '2022-02-26 05:22:57'),
(774, '1', '7', '26', 'A', '2022-02-26 05:22:57', '2022-02-26 05:22:57'),
(775, '3', '1', '26', 'A', '2022-02-26 05:22:57', '2022-02-26 05:22:57'),
(776, '3', '2', '26', 'A', '2022-02-26 05:22:57', '2022-02-26 05:22:57'),
(777, '3', '3', '26', 'A', '2022-02-26 05:22:57', '2022-02-26 05:22:57'),
(778, '3', '4', '26', 'A', '2022-02-26 05:22:58', '2022-02-26 05:22:58'),
(779, '4', '1', '26', 'A', '2022-02-26 05:22:58', '2022-02-26 05:22:58'),
(780, '4', '3', '26', 'A', '2022-02-26 05:22:58', '2022-02-26 05:22:58'),
(781, '5', '1', '26', 'A', '2022-02-26 05:22:58', '2022-02-26 05:22:58'),
(782, '5', '2', '26', 'A', '2022-02-26 05:22:58', '2022-02-26 05:22:58'),
(783, '5', '3', '26', 'A', '2022-02-26 05:22:58', '2022-02-26 05:22:58'),
(784, '5', '4', '26', 'A', '2022-02-26 05:22:58', '2022-02-26 05:22:58'),
(785, '6', '1', '26', 'A', '2022-02-26 05:22:58', '2022-02-26 05:22:58'),
(786, '6', '2', '26', 'A', '2022-02-26 05:22:58', '2022-02-26 05:22:58'),
(787, '7', '1', '26', 'A', '2022-02-26 05:22:58', '2022-02-26 05:22:58'),
(788, '7', '2', '26', 'A', '2022-02-26 05:22:58', '2022-02-26 05:22:58'),
(789, '7', '3', '26', 'A', '2022-02-26 05:22:59', '2022-02-26 05:22:59'),
(790, '7', '2', '30', 'P', '2022-03-30 06:21:01', '2022-03-30 06:21:01'),
(791, '1', '1', '30', 'A', '2022-03-30 12:40:00', '2022-03-30 12:40:00'),
(792, '1', '2', '30', 'A', '2022-03-30 12:40:00', '2022-03-30 12:40:00'),
(793, '1', '3', '30', 'A', '2022-03-30 12:40:01', '2022-03-30 12:40:01'),
(794, '1', '4', '30', 'A', '2022-03-30 12:40:01', '2022-03-30 12:40:01'),
(795, '1', '5', '30', 'A', '2022-03-30 12:40:01', '2022-03-30 12:40:01'),
(796, '1', '6', '30', 'A', '2022-03-30 12:40:01', '2022-03-30 12:40:01'),
(797, '1', '7', '30', 'A', '2022-03-30 12:40:01', '2022-03-30 12:40:01'),
(798, '3', '1', '30', 'A', '2022-03-30 12:40:01', '2022-03-30 12:40:01'),
(799, '3', '2', '30', 'A', '2022-03-30 12:40:01', '2022-03-30 12:40:01'),
(800, '3', '3', '30', 'A', '2022-03-30 12:40:01', '2022-03-30 12:40:01'),
(801, '3', '4', '30', 'A', '2022-03-30 12:40:01', '2022-03-30 12:40:01'),
(802, '4', '1', '30', 'A', '2022-03-30 12:40:01', '2022-03-30 12:40:01'),
(803, '4', '3', '30', 'A', '2022-03-30 12:40:02', '2022-03-30 12:40:02'),
(804, '5', '1', '30', 'A', '2022-03-30 12:40:02', '2022-03-30 12:40:02'),
(805, '5', '2', '30', 'A', '2022-03-30 12:40:02', '2022-03-30 12:40:02'),
(806, '5', '3', '30', 'A', '2022-03-30 12:40:02', '2022-03-30 12:40:02'),
(807, '5', '4', '30', 'A', '2022-03-30 12:40:02', '2022-03-30 12:40:02'),
(808, '6', '1', '30', 'A', '2022-03-30 12:40:02', '2022-03-30 12:40:02'),
(809, '6', '2', '30', 'A', '2022-03-30 12:40:02', '2022-03-30 12:40:02'),
(810, '7', '1', '30', 'A', '2022-03-30 12:40:02', '2022-03-30 12:40:02'),
(811, '7', '3', '30', 'A', '2022-03-30 12:40:02', '2022-03-30 12:40:02'),
(812, '1', '1', '01', 'A', '2022-04-01 06:28:54', '2022-04-01 06:28:54'),
(813, '1', '2', '01', 'A', '2022-04-01 06:28:54', '2022-04-01 06:28:54'),
(814, '1', '3', '01', 'A', '2022-04-01 06:28:55', '2022-04-01 06:28:55'),
(815, '1', '4', '01', 'A', '2022-04-01 06:28:55', '2022-04-01 06:28:55'),
(816, '1', '5', '01', 'A', '2022-04-01 06:28:55', '2022-04-01 06:28:55'),
(817, '1', '6', '01', 'A', '2022-04-01 06:28:55', '2022-04-01 06:28:55'),
(818, '1', '7', '01', 'A', '2022-04-01 06:28:55', '2022-04-01 06:28:55'),
(819, '3', '1', '01', 'A', '2022-04-01 06:28:55', '2022-04-01 06:28:55'),
(820, '3', '2', '01', 'A', '2022-04-01 06:28:56', '2022-04-01 06:28:56'),
(821, '3', '3', '01', 'A', '2022-04-01 06:28:56', '2022-04-01 06:28:56'),
(822, '3', '4', '01', 'A', '2022-04-01 06:28:56', '2022-04-01 06:28:56'),
(823, '4', '1', '01', 'A', '2022-04-01 06:28:56', '2022-04-01 06:28:56'),
(824, '4', '3', '01', 'A', '2022-04-01 06:28:56', '2022-04-01 06:28:56'),
(825, '5', '1', '01', 'A', '2022-04-01 06:28:56', '2022-04-01 06:28:56'),
(826, '5', '2', '01', 'A', '2022-04-01 06:28:56', '2022-04-01 06:28:56'),
(827, '5', '3', '01', 'A', '2022-04-01 06:28:57', '2022-04-01 06:28:57'),
(828, '5', '4', '01', 'A', '2022-04-01 06:28:57', '2022-04-01 06:28:57'),
(829, '6', '1', '01', 'A', '2022-04-01 06:28:57', '2022-04-01 06:28:57'),
(830, '6', '2', '01', 'A', '2022-04-01 06:28:57', '2022-04-01 06:28:57'),
(831, '7', '1', '01', 'A', '2022-04-01 06:28:57', '2022-04-01 06:28:57'),
(832, '7', '2', '01', 'A', '2022-04-01 06:28:57', '2022-04-01 06:28:57'),
(833, '7', '3', '01', 'A', '2022-04-01 06:28:58', '2022-04-01 06:28:58'),
(834, '3', '4', '05', 'A', '2022-04-05 05:23:55', '2022-04-05 05:23:55'),
(835, '3', '4', '06', 'A', '2022-04-06 13:01:38', '2022-04-06 13:01:38'),
(836, '3', '4', '08', 'A', '2022-04-08 13:09:47', '2022-04-08 13:09:47'),
(837, '3', '4', '09', 'A', '2022-04-09 12:40:01', '2022-04-09 12:40:01'),
(838, '7', '2', '25', 'P', '2022-04-25 05:41:01', '2022-04-25 05:41:01'),
(839, '4', '2', '26', 'A', '2022-04-26 12:40:01', '2022-04-26 12:40:01'),
(840, '3', '4', '28', 'P', '2022-04-28 07:40:27', '2022-04-28 07:40:27'),
(841, '4', '6', '28', 'P', '2022-04-28 10:07:00', '2022-04-28 10:07:00'),
(842, '4', '8', '28', 'P', '2022-04-28 12:04:00', '2022-04-28 12:04:00'),
(843, '3', '1', '28', 'A', '2022-04-28 12:40:01', '2022-04-28 12:40:01'),
(844, '3', '2', '28', 'A', '2022-04-28 12:40:01', '2022-04-28 12:40:01'),
(845, '3', '3', '28', 'A', '2022-04-28 12:40:01', '2022-04-28 12:40:01'),
(846, '4', '1', '28', 'A', '2022-04-28 12:40:01', '2022-04-28 12:40:01'),
(847, '4', '2', '28', 'A', '2022-04-28 12:40:01', '2022-04-28 12:40:01'),
(848, '4', '3', '28', 'A', '2022-04-28 12:40:01', '2022-04-28 12:40:01'),
(849, '4', '7', '28', 'A', '2022-04-28 12:40:01', '2022-04-28 12:40:01'),
(850, '4', '9', '28', 'A', '2022-04-28 12:40:01', '2022-04-28 12:40:01'),
(851, '5', '1', '28', 'A', '2022-04-28 12:40:02', '2022-04-28 12:40:02'),
(852, '5', '2', '28', 'A', '2022-04-28 12:40:02', '2022-04-28 12:40:02'),
(853, '5', '3', '28', 'A', '2022-04-28 12:40:02', '2022-04-28 12:40:02'),
(854, '5', '4', '28', 'A', '2022-04-28 12:40:02', '2022-04-28 12:40:02'),
(855, '6', '1', '28', 'A', '2022-04-28 12:40:02', '2022-04-28 12:40:02'),
(856, '6', '2', '28', 'A', '2022-04-28 12:40:02', '2022-04-28 12:40:02'),
(857, '8', '2', '28', 'A', '2022-04-28 12:40:02', '2022-04-28 12:40:02'),
(858, '8', '3', '28', 'A', '2022-04-28 12:40:02', '2022-04-28 12:40:02'),
(859, '8', '4', '28', 'A', '2022-04-28 12:40:02', '2022-04-28 12:40:02'),
(860, '8', '5', '28', 'A', '2022-04-28 12:40:02', '2022-04-28 12:40:02'),
(861, '4', '7', '29', 'P', '2022-04-29 10:37:00', '2022-04-29 10:37:00'),
(862, '4', '3', '02', 'P', '2022-05-02 07:09:00', '2022-05-02 07:09:00'),
(863, '8', '4', '05', 'P', '2022-05-05 08:04:00', '2022-05-05 08:04:00'),
(864, '8', '2', '06', 'P', '2022-05-06 06:07:00', '2022-05-06 06:07:00'),
(865, '4', '3', '06', 'P', '2022-05-06 07:01:00', '2022-05-06 07:01:00'),
(866, '4', '6', '06', 'P', '2022-05-06 09:36:00', '2022-05-06 09:36:00'),
(867, '4', '7', '06', 'P', '2022-05-06 10:30:00', '2022-05-06 10:30:00'),
(868, '4', '8', '06', 'P', '2022-05-06 12:02:00', '2022-05-06 12:02:00'),
(869, '4', '9', '06', 'P', '2022-05-06 12:53:01', '2022-05-06 12:53:01'),
(870, '4', '2', '06', 'A', '2022-05-06 13:07:41', '2022-05-06 13:07:41'),
(871, '8', '3', '06', 'A', '2022-05-06 13:07:41', '2022-05-06 13:07:41'),
(872, '8', '4', '06', 'A', '2022-05-06 13:07:41', '2022-05-06 13:07:41'),
(873, '8', '5', '06', 'A', '2022-05-06 13:07:41', '2022-05-06 13:07:41'),
(874, '8', '4', '07', 'P', '2022-05-07 07:54:01', '2022-05-07 07:54:01'),
(875, '4', '6', '07', 'P', '2022-05-07 10:00:00', '2022-05-07 10:00:00'),
(876, '3', '4', '07', 'A', '2022-05-07 12:40:00', '2022-05-07 12:40:00'),
(877, '4', '2', '07', 'A', '2022-05-07 12:40:01', '2022-05-07 12:40:01'),
(878, '4', '7', '07', 'A', '2022-05-07 12:40:01', '2022-05-07 12:40:01'),
(879, '4', '8', '07', 'A', '2022-05-07 12:40:01', '2022-05-07 12:40:01'),
(880, '4', '9', '07', 'A', '2022-05-07 12:40:01', '2022-05-07 12:40:01'),
(881, '8', '2', '07', 'A', '2022-05-07 12:40:01', '2022-05-07 12:40:01'),
(882, '8', '3', '07', 'A', '2022-05-07 12:40:01', '2022-05-07 12:40:01'),
(883, '8', '5', '07', 'A', '2022-05-07 12:40:01', '2022-05-07 12:40:01'),
(884, '8', '3', '09', 'P', '2022-05-09 07:27:00', '2022-05-09 07:27:00'),
(885, '4', '2', '09', 'A', '2022-05-09 13:15:18', '2022-05-09 13:15:18'),
(886, '4', '6', '09', 'A', '2022-05-09 13:15:18', '2022-05-09 13:15:18'),
(887, '4', '7', '09', 'A', '2022-05-09 13:15:18', '2022-05-09 13:15:18'),
(888, '4', '8', '09', 'A', '2022-05-09 13:15:18', '2022-05-09 13:15:18'),
(889, '4', '9', '09', 'A', '2022-05-09 13:15:18', '2022-05-09 13:15:18'),
(890, '8', '2', '09', 'A', '2022-05-09 13:15:18', '2022-05-09 13:15:18'),
(891, '8', '4', '09', 'A', '2022-05-09 13:15:19', '2022-05-09 13:15:19'),
(892, '8', '5', '09', 'A', '2022-05-09 13:15:19', '2022-05-09 13:15:19'),
(893, '8', '10', '09', 'A', '2022-05-09 13:15:19', '2022-05-09 13:15:19'),
(894, '8', '11', '09', 'A', '2022-05-09 13:15:19', '2022-05-09 13:15:19'),
(895, '8', '2', '10', 'P', '2022-05-10 05:34:00', '2022-05-10 05:34:00'),
(896, '8', '3', '10', 'P', '2022-05-10 06:44:00', '2022-05-10 06:44:00'),
(897, '3', '4', '11', 'A', '2022-05-11 13:22:22', '2022-05-11 13:22:22'),
(898, '3', '12', '11', 'A', '2022-05-11 13:22:22', '2022-05-11 13:22:22'),
(899, '4', '2', '11', 'A', '2022-05-11 13:22:22', '2022-05-11 13:22:22'),
(900, '4', '6', '11', 'A', '2022-05-11 13:22:22', '2022-05-11 13:22:22'),
(901, '4', '7', '11', 'A', '2022-05-11 13:22:22', '2022-05-11 13:22:22'),
(902, '4', '8', '11', 'A', '2022-05-11 13:22:22', '2022-05-11 13:22:22'),
(903, '4', '9', '11', 'A', '2022-05-11 13:22:22', '2022-05-11 13:22:22'),
(904, '8', '2', '11', 'A', '2022-05-11 13:22:22', '2022-05-11 13:22:22'),
(905, '8', '3', '11', 'A', '2022-05-11 13:22:22', '2022-05-11 13:22:22'),
(906, '8', '4', '11', 'A', '2022-05-11 13:22:23', '2022-05-11 13:22:23'),
(907, '8', '5', '11', 'A', '2022-05-11 13:22:23', '2022-05-11 13:22:23'),
(908, '8', '10', '11', 'A', '2022-05-11 13:22:23', '2022-05-11 13:22:23'),
(909, '8', '11', '11', 'A', '2022-05-11 13:22:23', '2022-05-11 13:22:23'),
(910, '3', '4', '13', 'A', '2022-05-13 13:41:26', '2022-05-13 13:41:26'),
(911, '3', '5', '13', 'A', '2022-05-13 13:41:26', '2022-05-13 13:41:26'),
(912, '3', '6', '13', 'A', '2022-05-13 13:41:26', '2022-05-13 13:41:26'),
(913, '3', '7', '13', 'A', '2022-05-13 13:41:26', '2022-05-13 13:41:26'),
(914, '3', '8', '13', 'A', '2022-05-13 13:41:26', '2022-05-13 13:41:26'),
(915, '3', '9', '13', 'A', '2022-05-13 13:41:26', '2022-05-13 13:41:26'),
(916, '3', '10', '13', 'A', '2022-05-13 13:41:26', '2022-05-13 13:41:26'),
(917, '3', '11', '13', 'A', '2022-05-13 13:41:26', '2022-05-13 13:41:26'),
(918, '3', '12', '13', 'A', '2022-05-13 13:41:26', '2022-05-13 13:41:26'),
(919, '4', '2', '13', 'A', '2022-05-13 13:41:26', '2022-05-13 13:41:26'),
(920, '4', '6', '13', 'A', '2022-05-13 13:41:27', '2022-05-13 13:41:27'),
(921, '4', '7', '13', 'A', '2022-05-13 13:41:27', '2022-05-13 13:41:27'),
(922, '4', '8', '13', 'A', '2022-05-13 13:41:27', '2022-05-13 13:41:27'),
(923, '4', '9', '13', 'A', '2022-05-13 13:41:27', '2022-05-13 13:41:27'),
(924, '8', '2', '13', 'A', '2022-05-13 13:41:27', '2022-05-13 13:41:27'),
(925, '8', '3', '13', 'A', '2022-05-13 13:41:27', '2022-05-13 13:41:27'),
(926, '8', '4', '13', 'A', '2022-05-13 13:41:27', '2022-05-13 13:41:27'),
(927, '8', '5', '13', 'A', '2022-05-13 13:41:28', '2022-05-13 13:41:28'),
(928, '8', '10', '13', 'A', '2022-05-13 13:41:28', '2022-05-13 13:41:28'),
(929, '8', '11', '13', 'A', '2022-05-13 13:41:28', '2022-05-13 13:41:28'),
(930, '8', '2', '14', 'P', '2022-05-14 05:50:00', '2022-05-14 05:50:00'),
(931, '4', '3', '16', 'P', '2022-05-16 07:24:06', '2022-05-16 07:24:06'),
(932, '3', '5', '16', 'A', '2022-05-16 12:57:02', '2022-05-16 12:57:02'),
(933, '3', '6', '16', 'A', '2022-05-16 12:57:02', '2022-05-16 12:57:02'),
(934, '3', '7', '16', 'A', '2022-05-16 12:57:02', '2022-05-16 12:57:02'),
(935, '3', '8', '16', 'A', '2022-05-16 12:57:03', '2022-05-16 12:57:03'),
(936, '3', '9', '16', 'A', '2022-05-16 12:57:03', '2022-05-16 12:57:03'),
(937, '3', '10', '16', 'A', '2022-05-16 12:57:03', '2022-05-16 12:57:03'),
(938, '3', '11', '16', 'A', '2022-05-16 12:57:03', '2022-05-16 12:57:03'),
(939, '3', '12', '16', 'A', '2022-05-16 12:57:03', '2022-05-16 12:57:03'),
(940, '4', '2', '16', 'A', '2022-05-16 12:57:03', '2022-05-16 12:57:03'),
(941, '4', '6', '16', 'A', '2022-05-16 12:57:03', '2022-05-16 12:57:03'),
(942, '4', '7', '16', 'A', '2022-05-16 12:57:03', '2022-05-16 12:57:03'),
(943, '4', '8', '16', 'A', '2022-05-16 12:57:04', '2022-05-16 12:57:04'),
(944, '4', '9', '16', 'A', '2022-05-16 12:57:04', '2022-05-16 12:57:04'),
(945, '6', '10', '16', 'A', '2022-05-16 12:57:04', '2022-05-16 12:57:04'),
(946, '8', '2', '16', 'A', '2022-05-16 12:57:04', '2022-05-16 12:57:04'),
(947, '8', '3', '16', 'A', '2022-05-16 12:57:05', '2022-05-16 12:57:05'),
(948, '8', '4', '16', 'A', '2022-05-16 12:57:05', '2022-05-16 12:57:05'),
(949, '8', '5', '16', 'A', '2022-05-16 12:57:05', '2022-05-16 12:57:05'),
(950, '8', '10', '16', 'A', '2022-05-16 12:57:05', '2022-05-16 12:57:05'),
(951, '8', '11', '16', 'A', '2022-05-16 12:57:05', '2022-05-16 12:57:05'),
(952, '9', '2', '16', 'A', '2022-05-16 12:57:05', '2022-05-16 12:57:05'),
(953, '9', '3', '16', 'A', '2022-05-16 12:57:05', '2022-05-16 12:57:05'),
(954, '9', '4', '16', 'A', '2022-05-16 12:57:05', '2022-05-16 12:57:05'),
(955, '3', '5', '17', 'A', '2022-05-17 13:49:23', '2022-05-17 13:49:23'),
(956, '3', '6', '17', 'A', '2022-05-17 13:49:23', '2022-05-17 13:49:23'),
(957, '3', '7', '17', 'A', '2022-05-17 13:49:23', '2022-05-17 13:49:23'),
(958, '3', '8', '17', 'A', '2022-05-17 13:49:23', '2022-05-17 13:49:23'),
(959, '3', '9', '17', 'A', '2022-05-17 13:49:23', '2022-05-17 13:49:23'),
(960, '3', '10', '17', 'A', '2022-05-17 13:49:24', '2022-05-17 13:49:24'),
(961, '3', '11', '17', 'A', '2022-05-17 13:49:24', '2022-05-17 13:49:24'),
(962, '3', '12', '17', 'A', '2022-05-17 13:49:24', '2022-05-17 13:49:24'),
(963, '4', '2', '17', 'A', '2022-05-17 13:49:24', '2022-05-17 13:49:24'),
(964, '4', '6', '17', 'A', '2022-05-17 13:49:24', '2022-05-17 13:49:24'),
(965, '4', '7', '17', 'A', '2022-05-17 13:49:24', '2022-05-17 13:49:24'),
(966, '4', '8', '17', 'A', '2022-05-17 13:49:24', '2022-05-17 13:49:24'),
(967, '4', '9', '17', 'A', '2022-05-17 13:49:24', '2022-05-17 13:49:24'),
(968, '6', '10', '17', 'A', '2022-05-17 13:49:25', '2022-05-17 13:49:25'),
(969, '8', '2', '17', 'A', '2022-05-17 13:49:25', '2022-05-17 13:49:25'),
(970, '8', '3', '17', 'A', '2022-05-17 13:49:25', '2022-05-17 13:49:25'),
(971, '8', '4', '17', 'A', '2022-05-17 13:49:25', '2022-05-17 13:49:25'),
(972, '8', '5', '17', 'A', '2022-05-17 13:49:25', '2022-05-17 13:49:25'),
(973, '8', '10', '17', 'A', '2022-05-17 13:49:25', '2022-05-17 13:49:25'),
(974, '8', '11', '17', 'A', '2022-05-17 13:49:26', '2022-05-17 13:49:26'),
(975, '9', '2', '17', 'A', '2022-05-17 13:49:26', '2022-05-17 13:49:26'),
(976, '9', '3', '17', 'A', '2022-05-17 13:49:26', '2022-05-17 13:49:26'),
(977, '9', '4', '17', 'A', '2022-05-17 13:49:26', '2022-05-17 13:49:26'),
(978, '8', '2', '19', 'P', '2022-05-19 05:38:00', '2022-05-19 05:38:00'),
(979, '8', '3', '19', 'P', '2022-05-19 06:34:00', '2022-05-19 06:34:00'),
(980, '3', '5', '19', 'A', '2022-05-19 12:44:28', '2022-05-19 12:44:28'),
(981, '3', '6', '19', 'A', '2022-05-19 12:44:28', '2022-05-19 12:44:28'),
(982, '3', '7', '19', 'A', '2022-05-19 12:44:28', '2022-05-19 12:44:28'),
(983, '3', '8', '19', 'A', '2022-05-19 12:44:28', '2022-05-19 12:44:28'),
(984, '3', '9', '19', 'A', '2022-05-19 12:44:28', '2022-05-19 12:44:28'),
(985, '3', '10', '19', 'A', '2022-05-19 12:44:28', '2022-05-19 12:44:28'),
(986, '3', '11', '19', 'A', '2022-05-19 12:44:29', '2022-05-19 12:44:29'),
(987, '3', '12', '19', 'A', '2022-05-19 12:44:29', '2022-05-19 12:44:29'),
(988, '4', '2', '19', 'A', '2022-05-19 12:44:29', '2022-05-19 12:44:29'),
(989, '4', '6', '19', 'A', '2022-05-19 12:44:30', '2022-05-19 12:44:30'),
(990, '4', '7', '19', 'A', '2022-05-19 12:44:30', '2022-05-19 12:44:30'),
(991, '4', '8', '19', 'A', '2022-05-19 12:44:30', '2022-05-19 12:44:30'),
(992, '4', '9', '19', 'A', '2022-05-19 12:44:30', '2022-05-19 12:44:30'),
(993, '6', '10', '19', 'A', '2022-05-19 12:44:30', '2022-05-19 12:44:30'),
(994, '8', '4', '19', 'A', '2022-05-19 12:44:30', '2022-05-19 12:44:30'),
(995, '8', '5', '19', 'A', '2022-05-19 12:44:30', '2022-05-19 12:44:30'),
(996, '8', '10', '19', 'A', '2022-05-19 12:44:31', '2022-05-19 12:44:31'),
(997, '8', '11', '19', 'A', '2022-05-19 12:44:31', '2022-05-19 12:44:31'),
(998, '9', '2', '19', 'A', '2022-05-19 12:44:31', '2022-05-19 12:44:31'),
(999, '9', '3', '19', 'A', '2022-05-19 12:44:31', '2022-05-19 12:44:31'),
(1000, '9', '4', '19', 'A', '2022-05-19 12:44:31', '2022-05-19 12:44:31'),
(1001, '3', '1', '20', 'P', '2022-05-20 05:28:00', '2022-05-20 05:28:00'),
(1002, '3', '2', '20', 'P', '2022-05-20 05:46:00', '2022-05-20 05:46:00'),
(1003, '3', '3', '20', 'P', '2022-05-20 06:40:00', '2022-05-20 06:40:00'),
(1004, '3', '4', '20', 'A', '2022-05-20 13:08:23', '2022-05-20 13:08:23'),
(1005, '3', '5', '20', 'A', '2022-05-20 13:08:24', '2022-05-20 13:08:24'),
(1006, '3', '6', '20', 'A', '2022-05-20 13:08:25', '2022-05-20 13:08:25'),
(1007, '3', '7', '20', 'A', '2022-05-20 13:08:25', '2022-05-20 13:08:25'),
(1008, '3', '8', '20', 'A', '2022-05-20 13:08:25', '2022-05-20 13:08:25'),
(1009, '3', '9', '20', 'A', '2022-05-20 13:08:25', '2022-05-20 13:08:25'),
(1010, '3', '10', '20', 'A', '2022-05-20 13:08:25', '2022-05-20 13:08:25'),
(1011, '3', '11', '20', 'A', '2022-05-20 13:08:25', '2022-05-20 13:08:25'),
(1012, '3', '12', '20', 'A', '2022-05-20 13:08:25', '2022-05-20 13:08:25'),
(1013, '4', '1', '20', 'A', '2022-05-20 13:08:25', '2022-05-20 13:08:25'),
(1014, '4', '2', '20', 'A', '2022-05-20 13:08:26', '2022-05-20 13:08:26'),
(1015, '4', '3', '20', 'A', '2022-05-20 13:08:26', '2022-05-20 13:08:26'),
(1016, '4', '6', '20', 'A', '2022-05-20 13:08:26', '2022-05-20 13:08:26'),
(1017, '4', '7', '20', 'A', '2022-05-20 13:08:26', '2022-05-20 13:08:26'),
(1018, '4', '8', '20', 'A', '2022-05-20 13:08:26', '2022-05-20 13:08:26'),
(1019, '4', '9', '20', 'A', '2022-05-20 13:08:26', '2022-05-20 13:08:26'),
(1020, '5', '1', '20', 'A', '2022-05-20 13:08:26', '2022-05-20 13:08:26'),
(1021, '5', '2', '20', 'A', '2022-05-20 13:08:26', '2022-05-20 13:08:26'),
(1022, '5', '3', '20', 'A', '2022-05-20 13:08:26', '2022-05-20 13:08:26'),
(1023, '5', '4', '20', 'A', '2022-05-20 13:08:26', '2022-05-20 13:08:26'),
(1024, '6', '1', '20', 'A', '2022-05-20 13:08:26', '2022-05-20 13:08:26'),
(1025, '6', '2', '20', 'A', '2022-05-20 13:08:26', '2022-05-20 13:08:26'),
(1026, '6', '10', '20', 'A', '2022-05-20 13:08:26', '2022-05-20 13:08:26'),
(1027, '8', '2', '20', 'A', '2022-05-20 13:08:27', '2022-05-20 13:08:27'),
(1028, '8', '3', '20', 'A', '2022-05-20 13:08:27', '2022-05-20 13:08:27'),
(1029, '8', '4', '20', 'A', '2022-05-20 13:08:27', '2022-05-20 13:08:27'),
(1030, '8', '5', '20', 'A', '2022-05-20 13:08:27', '2022-05-20 13:08:27'),
(1031, '8', '10', '20', 'A', '2022-05-20 13:08:27', '2022-05-20 13:08:27'),
(1032, '8', '11', '20', 'A', '2022-05-20 13:08:27', '2022-05-20 13:08:27'),
(1033, '9', '2', '20', 'A', '2022-05-20 13:08:27', '2022-05-20 13:08:27'),
(1034, '9', '3', '20', 'A', '2022-05-20 13:08:27', '2022-05-20 13:08:27'),
(1035, '9', '4', '20', 'A', '2022-05-20 13:08:27', '2022-05-20 13:08:27'),
(1036, '3', '2', '21', 'P', '2022-05-21 06:05:00', '2022-05-21 06:05:00'),
(1037, '3', '3', '21', 'P', '2022-05-21 06:35:01', '2022-05-21 06:35:01'),
(1038, '3', '1', '23', 'P', '2022-05-23 05:24:00', '2022-05-23 05:24:00'),
(1039, '3', '3', '23', 'P', '2022-05-23 06:42:01', '2022-05-23 06:42:01'),
(1040, '3', '1', '24', 'P', '2022-05-24 05:13:00', '2022-05-24 05:13:00'),
(1041, '3', '2', '24', 'P', '2022-05-24 05:31:00', '2022-05-24 05:31:00'),
(1042, '3', '3', '24', 'P', '2022-05-24 06:42:00', '2022-05-24 06:42:00'),
(1043, '3', '1', '25', 'A', '2022-05-25 12:40:09', '2022-05-25 12:40:09'),
(1044, '3', '2', '25', 'A', '2022-05-25 12:40:09', '2022-05-25 12:40:09'),
(1045, '3', '3', '25', 'A', '2022-05-25 12:40:09', '2022-05-25 12:40:09'),
(1046, '3', '4', '25', 'A', '2022-05-25 12:40:09', '2022-05-25 12:40:09'),
(1047, '3', '5', '25', 'A', '2022-05-25 12:40:09', '2022-05-25 12:40:09'),
(1048, '3', '6', '25', 'A', '2022-05-25 12:40:09', '2022-05-25 12:40:09'),
(1049, '3', '7', '25', 'A', '2022-05-25 12:40:09', '2022-05-25 12:40:09'),
(1050, '3', '8', '25', 'A', '2022-05-25 12:40:09', '2022-05-25 12:40:09'),
(1051, '3', '9', '25', 'A', '2022-05-25 12:40:09', '2022-05-25 12:40:09'),
(1052, '3', '10', '25', 'A', '2022-05-25 12:40:09', '2022-05-25 12:40:09'),
(1053, '3', '11', '25', 'A', '2022-05-25 12:40:09', '2022-05-25 12:40:09'),
(1054, '3', '12', '25', 'A', '2022-05-25 12:40:10', '2022-05-25 12:40:10'),
(1055, '4', '1', '25', 'A', '2022-05-25 12:40:10', '2022-05-25 12:40:10'),
(1056, '4', '2', '25', 'A', '2022-05-25 12:40:10', '2022-05-25 12:40:10'),
(1057, '4', '3', '25', 'A', '2022-05-25 12:40:10', '2022-05-25 12:40:10');
INSERT INTO `attendances` (`id`, `student_id`, `batch_id`, `d`, `attendance`, `created_at`, `updated_at`) VALUES
(1058, '4', '6', '25', 'A', '2022-05-25 12:40:10', '2022-05-25 12:40:10'),
(1059, '4', '7', '25', 'A', '2022-05-25 12:40:10', '2022-05-25 12:40:10'),
(1060, '4', '8', '25', 'A', '2022-05-25 12:40:10', '2022-05-25 12:40:10'),
(1061, '4', '9', '25', 'A', '2022-05-25 12:40:10', '2022-05-25 12:40:10'),
(1062, '5', '1', '25', 'A', '2022-05-25 12:40:10', '2022-05-25 12:40:10'),
(1063, '5', '2', '25', 'A', '2022-05-25 12:40:10', '2022-05-25 12:40:10'),
(1064, '5', '3', '25', 'A', '2022-05-25 12:40:10', '2022-05-25 12:40:10'),
(1065, '5', '4', '25', 'A', '2022-05-25 12:40:10', '2022-05-25 12:40:10'),
(1066, '6', '1', '25', 'A', '2022-05-25 12:40:11', '2022-05-25 12:40:11'),
(1067, '6', '2', '25', 'A', '2022-05-25 12:40:11', '2022-05-25 12:40:11'),
(1068, '6', '10', '25', 'A', '2022-05-25 12:40:11', '2022-05-25 12:40:11'),
(1069, '8', '2', '25', 'A', '2022-05-25 12:40:11', '2022-05-25 12:40:11'),
(1070, '8', '3', '25', 'A', '2022-05-25 12:40:11', '2022-05-25 12:40:11'),
(1071, '8', '4', '25', 'A', '2022-05-25 12:40:11', '2022-05-25 12:40:11'),
(1072, '8', '5', '25', 'A', '2022-05-25 12:40:11', '2022-05-25 12:40:11'),
(1073, '8', '10', '25', 'A', '2022-05-25 12:40:11', '2022-05-25 12:40:11'),
(1074, '8', '11', '25', 'A', '2022-05-25 12:40:11', '2022-05-25 12:40:11'),
(1075, '9', '2', '25', 'A', '2022-05-25 12:40:11', '2022-05-25 12:40:11'),
(1076, '9', '3', '25', 'A', '2022-05-25 12:40:11', '2022-05-25 12:40:11'),
(1077, '9', '4', '25', 'A', '2022-05-25 12:40:12', '2022-05-25 12:40:12'),
(1078, '3', '1', '27', 'A', '2022-05-27 05:11:24', '2022-05-27 05:11:24'),
(1079, '3', '2', '27', 'A', '2022-05-27 05:11:25', '2022-05-27 05:11:25'),
(1080, '3', '3', '27', 'A', '2022-05-27 05:11:25', '2022-05-27 05:11:25'),
(1081, '3', '4', '27', 'A', '2022-05-27 05:11:25', '2022-05-27 05:11:25'),
(1082, '3', '5', '27', 'A', '2022-05-27 05:11:25', '2022-05-27 05:11:25'),
(1083, '3', '6', '27', 'A', '2022-05-27 05:11:25', '2022-05-27 05:11:25'),
(1084, '3', '7', '27', 'A', '2022-05-27 05:11:25', '2022-05-27 05:11:25'),
(1085, '3', '8', '27', 'A', '2022-05-27 05:11:25', '2022-05-27 05:11:25'),
(1086, '3', '9', '27', 'A', '2022-05-27 05:11:25', '2022-05-27 05:11:25'),
(1087, '3', '10', '27', 'A', '2022-05-27 05:11:25', '2022-05-27 05:11:25'),
(1088, '3', '11', '27', 'A', '2022-05-27 05:11:26', '2022-05-27 05:11:26'),
(1089, '3', '12', '27', 'A', '2022-05-27 05:11:26', '2022-05-27 05:11:26'),
(1090, '4', '1', '27', 'A', '2022-05-27 05:11:26', '2022-05-27 05:11:26'),
(1091, '4', '2', '27', 'A', '2022-05-27 05:11:26', '2022-05-27 05:11:26'),
(1092, '4', '3', '27', 'A', '2022-05-27 05:11:26', '2022-05-27 05:11:26'),
(1093, '4', '6', '27', 'A', '2022-05-27 05:11:26', '2022-05-27 05:11:26'),
(1094, '4', '7', '27', 'A', '2022-05-27 05:11:26', '2022-05-27 05:11:26'),
(1095, '4', '8', '27', 'A', '2022-05-27 05:11:26', '2022-05-27 05:11:26'),
(1096, '4', '9', '27', 'A', '2022-05-27 05:11:26', '2022-05-27 05:11:26'),
(1097, '5', '1', '27', 'A', '2022-05-27 05:11:26', '2022-05-27 05:11:26'),
(1098, '5', '2', '27', 'A', '2022-05-27 05:11:26', '2022-05-27 05:11:26'),
(1099, '5', '3', '27', 'A', '2022-05-27 05:11:26', '2022-05-27 05:11:26'),
(1100, '5', '4', '27', 'A', '2022-05-27 05:11:27', '2022-05-27 05:11:27'),
(1101, '6', '1', '27', 'A', '2022-05-27 05:11:27', '2022-05-27 05:11:27'),
(1102, '6', '2', '27', 'A', '2022-05-27 05:11:27', '2022-05-27 05:11:27'),
(1103, '6', '10', '27', 'A', '2022-05-27 05:11:27', '2022-05-27 05:11:27'),
(1104, '8', '2', '27', 'A', '2022-05-27 05:11:27', '2022-05-27 05:11:27'),
(1105, '8', '3', '27', 'A', '2022-05-27 05:11:27', '2022-05-27 05:11:27'),
(1106, '8', '4', '27', 'A', '2022-05-27 05:11:27', '2022-05-27 05:11:27'),
(1107, '8', '5', '27', 'A', '2022-05-27 05:11:27', '2022-05-27 05:11:27'),
(1108, '8', '10', '27', 'A', '2022-05-27 05:11:27', '2022-05-27 05:11:27'),
(1109, '8', '11', '27', 'A', '2022-05-27 05:11:27', '2022-05-27 05:11:27'),
(1110, '9', '2', '27', 'A', '2022-05-27 05:11:27', '2022-05-27 05:11:27'),
(1111, '9', '3', '27', 'A', '2022-05-27 05:11:27', '2022-05-27 05:11:27'),
(1112, '9', '4', '27', 'A', '2022-05-27 05:11:27', '2022-05-27 05:11:27'),
(1113, '3', '1', '07', 'P', '2022-06-07 05:29:00', '2022-06-07 05:29:00'),
(1114, '3', '5', '08', 'A', '2022-06-08 12:40:32', '2022-06-08 12:40:32'),
(1115, '3', '6', '08', 'A', '2022-06-08 12:40:32', '2022-06-08 12:40:32'),
(1116, '3', '7', '08', 'A', '2022-06-08 12:40:32', '2022-06-08 12:40:32'),
(1117, '3', '8', '08', 'A', '2022-06-08 12:40:32', '2022-06-08 12:40:32'),
(1118, '3', '9', '08', 'A', '2022-06-08 12:40:33', '2022-06-08 12:40:33'),
(1119, '3', '10', '08', 'A', '2022-06-08 12:40:33', '2022-06-08 12:40:33'),
(1120, '3', '11', '08', 'A', '2022-06-08 12:40:33', '2022-06-08 12:40:33'),
(1121, '3', '12', '08', 'A', '2022-06-08 12:40:33', '2022-06-08 12:40:33'),
(1122, '4', '2', '08', 'A', '2022-06-08 12:40:33', '2022-06-08 12:40:33'),
(1123, '4', '6', '08', 'A', '2022-06-08 12:40:33', '2022-06-08 12:40:33'),
(1124, '4', '7', '08', 'A', '2022-06-08 12:40:33', '2022-06-08 12:40:33'),
(1125, '4', '8', '08', 'A', '2022-06-08 12:40:33', '2022-06-08 12:40:33'),
(1126, '4', '9', '08', 'A', '2022-06-08 12:40:33', '2022-06-08 12:40:33'),
(1127, '6', '10', '08', 'A', '2022-06-08 12:40:33', '2022-06-08 12:40:33'),
(1128, '8', '2', '08', 'A', '2022-06-08 12:40:34', '2022-06-08 12:40:34'),
(1129, '8', '3', '08', 'A', '2022-06-08 12:40:34', '2022-06-08 12:40:34'),
(1130, '8', '4', '08', 'A', '2022-06-08 12:40:34', '2022-06-08 12:40:34'),
(1131, '8', '5', '08', 'A', '2022-06-08 12:40:34', '2022-06-08 12:40:34'),
(1132, '8', '10', '08', 'A', '2022-06-08 12:40:34', '2022-06-08 12:40:34'),
(1133, '8', '11', '08', 'A', '2022-06-08 12:40:34', '2022-06-08 12:40:34'),
(1134, '9', '2', '08', 'A', '2022-06-08 12:40:34', '2022-06-08 12:40:34'),
(1135, '9', '3', '08', 'A', '2022-06-08 12:40:34', '2022-06-08 12:40:34'),
(1136, '9', '4', '08', 'A', '2022-06-08 12:40:34', '2022-06-08 12:40:34'),
(1137, '3', '5', '09', 'A', '2022-06-09 12:40:05', '2022-06-09 12:40:05'),
(1138, '3', '6', '09', 'A', '2022-06-09 12:40:05', '2022-06-09 12:40:05'),
(1139, '3', '7', '09', 'A', '2022-06-09 12:40:05', '2022-06-09 12:40:05'),
(1140, '3', '8', '09', 'A', '2022-06-09 12:40:05', '2022-06-09 12:40:05'),
(1141, '3', '9', '09', 'A', '2022-06-09 12:40:05', '2022-06-09 12:40:05'),
(1142, '3', '10', '09', 'A', '2022-06-09 12:40:05', '2022-06-09 12:40:05'),
(1143, '3', '11', '09', 'A', '2022-06-09 12:40:05', '2022-06-09 12:40:05'),
(1144, '3', '12', '09', 'A', '2022-06-09 12:40:05', '2022-06-09 12:40:05'),
(1145, '6', '10', '09', 'A', '2022-06-09 12:40:06', '2022-06-09 12:40:06'),
(1146, '9', '2', '09', 'A', '2022-06-09 12:40:06', '2022-06-09 12:40:06'),
(1147, '9', '3', '09', 'A', '2022-06-09 12:40:06', '2022-06-09 12:40:06'),
(1148, '9', '4', '09', 'A', '2022-06-09 12:40:06', '2022-06-09 12:40:06'),
(1149, '3', '4', '10', 'A', '2022-06-10 12:40:04', '2022-06-10 12:40:04'),
(1150, '3', '5', '10', 'A', '2022-06-10 12:40:04', '2022-06-10 12:40:04'),
(1151, '3', '6', '10', 'A', '2022-06-10 12:40:05', '2022-06-10 12:40:05'),
(1152, '3', '7', '10', 'A', '2022-06-10 12:40:05', '2022-06-10 12:40:05'),
(1153, '3', '8', '10', 'A', '2022-06-10 12:40:06', '2022-06-10 12:40:06'),
(1154, '3', '9', '10', 'A', '2022-06-10 12:40:06', '2022-06-10 12:40:06'),
(1155, '3', '10', '10', 'A', '2022-06-10 12:40:07', '2022-06-10 12:40:07'),
(1156, '3', '11', '10', 'A', '2022-06-10 12:40:08', '2022-06-10 12:40:08'),
(1157, '3', '12', '10', 'A', '2022-06-10 12:40:09', '2022-06-10 12:40:09'),
(1158, '4', '2', '10', 'A', '2022-06-10 12:40:09', '2022-06-10 12:40:09'),
(1159, '4', '6', '10', 'A', '2022-06-10 12:40:15', '2022-06-10 12:40:15'),
(1160, '4', '7', '10', 'A', '2022-06-10 12:40:16', '2022-06-10 12:40:16'),
(1161, '4', '8', '10', 'A', '2022-06-10 12:40:17', '2022-06-10 12:40:17'),
(1162, '4', '9', '10', 'A', '2022-06-10 12:40:18', '2022-06-10 12:40:18'),
(1163, '6', '10', '10', 'A', '2022-06-10 12:40:19', '2022-06-10 12:40:19'),
(1164, '8', '4', '10', 'A', '2022-06-10 12:40:20', '2022-06-10 12:40:20'),
(1165, '8', '5', '10', 'A', '2022-06-10 12:40:20', '2022-06-10 12:40:20'),
(1166, '8', '10', '10', 'A', '2022-06-10 12:40:21', '2022-06-10 12:40:21'),
(1167, '8', '11', '10', 'A', '2022-06-10 12:40:22', '2022-06-10 12:40:22'),
(1168, '9', '2', '10', 'A', '2022-06-10 12:40:24', '2022-06-10 12:40:24'),
(1169, '9', '3', '10', 'A', '2022-06-10 12:40:26', '2022-06-10 12:40:26'),
(1170, '9', '4', '10', 'A', '2022-06-10 12:40:29', '2022-06-10 12:40:29'),
(1171, '3', '2', '11', 'P', '2022-06-11 05:34:01', '2022-06-11 05:34:01'),
(1172, '3', '2', '11', 'P', '2022-06-11 05:34:01', '2022-06-11 05:34:01'),
(1173, '3', '3', '11', 'P', '2022-06-11 06:43:00', '2022-06-11 06:43:00'),
(1174, '3', '5', '11', 'A', '2022-06-11 12:40:01', '2022-06-11 12:40:01'),
(1175, '3', '6', '11', 'A', '2022-06-11 12:40:01', '2022-06-11 12:40:01'),
(1176, '3', '7', '11', 'A', '2022-06-11 12:40:01', '2022-06-11 12:40:01'),
(1177, '3', '8', '11', 'A', '2022-06-11 12:40:01', '2022-06-11 12:40:01'),
(1178, '3', '9', '11', 'A', '2022-06-11 12:40:02', '2022-06-11 12:40:02'),
(1179, '3', '10', '11', 'A', '2022-06-11 12:40:02', '2022-06-11 12:40:02'),
(1180, '3', '11', '11', 'A', '2022-06-11 12:40:02', '2022-06-11 12:40:02'),
(1181, '6', '10', '11', 'A', '2022-06-11 12:40:02', '2022-06-11 12:40:02'),
(1182, '9', '2', '11', 'A', '2022-06-11 12:40:02', '2022-06-11 12:40:02'),
(1183, '9', '3', '11', 'A', '2022-06-11 12:40:02', '2022-06-11 12:40:02'),
(1184, '9', '4', '11', 'A', '2022-06-11 12:40:02', '2022-06-11 12:40:02'),
(1185, '3', '2', '13', 'P', '2022-06-13 05:57:58', '2022-06-13 05:57:58'),
(1186, '6', '10', '13', 'A', '2022-06-13 12:40:02', '2022-06-13 12:40:02'),
(1187, '9', '2', '13', 'A', '2022-06-13 12:40:02', '2022-06-13 12:40:02'),
(1188, '9', '3', '13', 'A', '2022-06-13 12:40:02', '2022-06-13 12:40:02'),
(1189, '9', '4', '13', 'A', '2022-06-13 12:40:02', '2022-06-13 12:40:02'),
(1190, '3', '1', '14', 'P', '2022-06-14 05:21:00', '2022-06-14 05:21:00'),
(1191, '3', '2', '14', 'P', '2022-06-14 05:34:00', '2022-06-14 05:34:00'),
(1192, '3', '4', '14', 'A', '2022-06-14 13:40:15', '2022-06-14 13:40:15'),
(1193, '3', '5', '14', 'A', '2022-06-14 13:40:15', '2022-06-14 13:40:15'),
(1194, '3', '6', '14', 'A', '2022-06-14 13:40:15', '2022-06-14 13:40:15'),
(1195, '3', '7', '14', 'A', '2022-06-14 13:40:15', '2022-06-14 13:40:15'),
(1196, '3', '8', '14', 'A', '2022-06-14 13:40:15', '2022-06-14 13:40:15'),
(1197, '3', '9', '14', 'A', '2022-06-14 13:40:15', '2022-06-14 13:40:15'),
(1198, '3', '10', '14', 'A', '2022-06-14 13:40:15', '2022-06-14 13:40:15'),
(1199, '3', '11', '14', 'A', '2022-06-14 13:40:15', '2022-06-14 13:40:15'),
(1200, '3', '12', '14', 'A', '2022-06-14 13:40:16', '2022-06-14 13:40:16'),
(1201, '4', '2', '14', 'A', '2022-06-14 13:40:16', '2022-06-14 13:40:16'),
(1202, '4', '6', '14', 'A', '2022-06-14 13:40:16', '2022-06-14 13:40:16'),
(1203, '4', '7', '14', 'A', '2022-06-14 13:40:16', '2022-06-14 13:40:16'),
(1204, '4', '8', '14', 'A', '2022-06-14 13:40:16', '2022-06-14 13:40:16'),
(1205, '4', '9', '14', 'A', '2022-06-14 13:40:17', '2022-06-14 13:40:17'),
(1206, '6', '10', '14', 'A', '2022-06-14 13:40:17', '2022-06-14 13:40:17'),
(1207, '8', '3', '14', 'A', '2022-06-14 13:40:17', '2022-06-14 13:40:17'),
(1208, '8', '4', '14', 'A', '2022-06-14 13:40:17', '2022-06-14 13:40:17'),
(1209, '8', '5', '14', 'A', '2022-06-14 13:40:17', '2022-06-14 13:40:17'),
(1210, '8', '10', '14', 'A', '2022-06-14 13:40:17', '2022-06-14 13:40:17'),
(1211, '8', '11', '14', 'A', '2022-06-14 13:40:17', '2022-06-14 13:40:17'),
(1212, '9', '2', '14', 'A', '2022-06-14 13:40:17', '2022-06-14 13:40:17'),
(1213, '9', '3', '14', 'A', '2022-06-14 13:40:17', '2022-06-14 13:40:17'),
(1214, '9', '4', '14', 'A', '2022-06-14 13:40:17', '2022-06-14 13:40:17'),
(1215, '3', '2', '15', 'P', '2022-06-15 05:48:00', '2022-06-15 05:48:00'),
(1216, '3', '5', '15', 'A', '2022-06-15 13:30:29', '2022-06-15 13:30:29'),
(1217, '3', '6', '15', 'A', '2022-06-15 13:30:30', '2022-06-15 13:30:30'),
(1218, '3', '7', '15', 'A', '2022-06-15 13:30:30', '2022-06-15 13:30:30'),
(1219, '3', '8', '15', 'A', '2022-06-15 13:30:30', '2022-06-15 13:30:30'),
(1220, '3', '9', '15', 'A', '2022-06-15 13:30:30', '2022-06-15 13:30:30'),
(1221, '3', '10', '15', 'A', '2022-06-15 13:30:30', '2022-06-15 13:30:30'),
(1222, '3', '11', '15', 'A', '2022-06-15 13:30:30', '2022-06-15 13:30:30'),
(1223, '3', '12', '15', 'A', '2022-06-15 13:30:30', '2022-06-15 13:30:30'),
(1224, '4', '2', '15', 'A', '2022-06-15 13:30:30', '2022-06-15 13:30:30'),
(1225, '4', '6', '15', 'A', '2022-06-15 13:30:30', '2022-06-15 13:30:30'),
(1226, '4', '7', '15', 'A', '2022-06-15 13:30:31', '2022-06-15 13:30:31'),
(1227, '4', '8', '15', 'A', '2022-06-15 13:30:31', '2022-06-15 13:30:31'),
(1228, '4', '9', '15', 'A', '2022-06-15 13:30:31', '2022-06-15 13:30:31'),
(1229, '6', '10', '15', 'A', '2022-06-15 13:30:31', '2022-06-15 13:30:31'),
(1230, '8', '2', '15', 'A', '2022-06-15 13:30:31', '2022-06-15 13:30:31'),
(1231, '8', '3', '15', 'A', '2022-06-15 13:30:32', '2022-06-15 13:30:32'),
(1232, '8', '4', '15', 'A', '2022-06-15 13:30:32', '2022-06-15 13:30:32'),
(1233, '8', '5', '15', 'A', '2022-06-15 13:30:32', '2022-06-15 13:30:32'),
(1234, '8', '10', '15', 'A', '2022-06-15 13:30:32', '2022-06-15 13:30:32'),
(1235, '8', '11', '15', 'A', '2022-06-15 13:30:32', '2022-06-15 13:30:32'),
(1236, '9', '2', '15', 'A', '2022-06-15 13:30:32', '2022-06-15 13:30:32'),
(1237, '9', '3', '15', 'A', '2022-06-15 13:30:32', '2022-06-15 13:30:32'),
(1238, '9', '4', '15', 'A', '2022-06-15 13:30:32', '2022-06-15 13:30:32'),
(1239, '3', '1', '18', 'P', '2022-06-18 05:28:00', '2022-06-18 05:28:00'),
(1240, '3', '2', '18', 'P', '2022-06-18 05:34:01', '2022-06-18 05:34:01'),
(1241, '3', '5', '18', 'A', '2022-06-18 13:54:13', '2022-06-18 13:54:13'),
(1242, '3', '6', '18', 'A', '2022-06-18 13:54:13', '2022-06-18 13:54:13'),
(1243, '3', '7', '18', 'A', '2022-06-18 13:54:13', '2022-06-18 13:54:13'),
(1244, '3', '8', '18', 'A', '2022-06-18 13:54:13', '2022-06-18 13:54:13'),
(1245, '3', '9', '18', 'A', '2022-06-18 13:54:14', '2022-06-18 13:54:14'),
(1246, '3', '10', '18', 'A', '2022-06-18 13:54:14', '2022-06-18 13:54:14'),
(1247, '3', '11', '18', 'A', '2022-06-18 13:54:14', '2022-06-18 13:54:14'),
(1248, '3', '12', '18', 'A', '2022-06-18 13:54:14', '2022-06-18 13:54:14'),
(1249, '4', '2', '18', 'A', '2022-06-18 13:54:14', '2022-06-18 13:54:14'),
(1250, '4', '6', '18', 'A', '2022-06-18 13:54:15', '2022-06-18 13:54:15'),
(1251, '4', '7', '18', 'A', '2022-06-18 13:54:15', '2022-06-18 13:54:15'),
(1252, '4', '8', '18', 'A', '2022-06-18 13:54:15', '2022-06-18 13:54:15'),
(1253, '4', '9', '18', 'A', '2022-06-18 13:54:15', '2022-06-18 13:54:15'),
(1254, '6', '10', '18', 'A', '2022-06-18 13:54:15', '2022-06-18 13:54:15'),
(1255, '8', '2', '18', 'A', '2022-06-18 13:54:15', '2022-06-18 13:54:15'),
(1256, '8', '3', '18', 'A', '2022-06-18 13:54:15', '2022-06-18 13:54:15'),
(1257, '8', '4', '18', 'A', '2022-06-18 13:54:16', '2022-06-18 13:54:16'),
(1258, '8', '5', '18', 'A', '2022-06-18 13:54:16', '2022-06-18 13:54:16'),
(1259, '8', '10', '18', 'A', '2022-06-18 13:54:16', '2022-06-18 13:54:16'),
(1260, '8', '11', '18', 'A', '2022-06-18 13:54:16', '2022-06-18 13:54:16'),
(1261, '9', '2', '18', 'A', '2022-06-18 13:54:16', '2022-06-18 13:54:16'),
(1262, '9', '3', '18', 'A', '2022-06-18 13:54:16', '2022-06-18 13:54:16'),
(1263, '9', '4', '18', 'A', '2022-06-18 13:54:16', '2022-06-18 13:54:16'),
(1264, '1', '1', '21', 'A', '2022-06-21 12:42:24', '2022-06-21 12:42:24'),
(1265, '1', '2', '21', 'A', '2022-06-21 12:42:24', '2022-06-21 12:42:24'),
(1266, '1', '3', '21', 'A', '2022-06-21 12:42:24', '2022-06-21 12:42:24'),
(1267, '1', '5', '21', 'A', '2022-06-21 12:42:24', '2022-06-21 12:42:24'),
(1268, '1', '6', '21', 'A', '2022-06-21 12:42:25', '2022-06-21 12:42:25'),
(1269, '1', '7', '21', 'A', '2022-06-21 12:42:25', '2022-06-21 12:42:25'),
(1270, '3', '1', '21', 'A', '2022-06-21 12:42:25', '2022-06-21 12:42:25'),
(1271, '3', '4', '21', 'A', '2022-06-21 12:42:25', '2022-06-21 12:42:25'),
(1272, '3', '5', '21', 'A', '2022-06-21 12:42:25', '2022-06-21 12:42:25'),
(1273, '3', '6', '21', 'A', '2022-06-21 12:42:26', '2022-06-21 12:42:26'),
(1274, '3', '7', '21', 'A', '2022-06-21 12:42:26', '2022-06-21 12:42:26'),
(1275, '3', '8', '21', 'A', '2022-06-21 12:42:26', '2022-06-21 12:42:26'),
(1276, '3', '9', '21', 'A', '2022-06-21 12:42:26', '2022-06-21 12:42:26'),
(1277, '3', '10', '21', 'A', '2022-06-21 12:42:26', '2022-06-21 12:42:26'),
(1278, '3', '11', '21', 'A', '2022-06-21 12:42:26', '2022-06-21 12:42:26'),
(1279, '3', '12', '21', 'A', '2022-06-21 12:42:26', '2022-06-21 12:42:26'),
(1280, '4', '1', '21', 'A', '2022-06-21 12:42:26', '2022-06-21 12:42:26'),
(1281, '4', '2', '21', 'A', '2022-06-21 12:42:26', '2022-06-21 12:42:26'),
(1282, '4', '3', '21', 'A', '2022-06-21 12:42:26', '2022-06-21 12:42:26'),
(1283, '4', '6', '21', 'A', '2022-06-21 12:42:26', '2022-06-21 12:42:26'),
(1284, '4', '7', '21', 'A', '2022-06-21 12:42:27', '2022-06-21 12:42:27'),
(1285, '4', '8', '21', 'A', '2022-06-21 12:42:27', '2022-06-21 12:42:27'),
(1286, '4', '9', '21', 'A', '2022-06-21 12:42:27', '2022-06-21 12:42:27'),
(1287, '5', '1', '21', 'A', '2022-06-21 12:42:27', '2022-06-21 12:42:27'),
(1288, '5', '2', '21', 'A', '2022-06-21 12:42:27', '2022-06-21 12:42:27'),
(1289, '5', '3', '21', 'A', '2022-06-21 12:42:27', '2022-06-21 12:42:27'),
(1290, '5', '4', '21', 'A', '2022-06-21 12:42:28', '2022-06-21 12:42:28'),
(1291, '6', '1', '21', 'A', '2022-06-21 12:42:28', '2022-06-21 12:42:28'),
(1292, '6', '2', '21', 'A', '2022-06-21 12:42:28', '2022-06-21 12:42:28'),
(1293, '6', '10', '21', 'A', '2022-06-21 12:42:28', '2022-06-21 12:42:28'),
(1294, '8', '2', '21', 'A', '2022-06-21 12:42:28', '2022-06-21 12:42:28'),
(1295, '8', '3', '21', 'A', '2022-06-21 12:42:28', '2022-06-21 12:42:28'),
(1296, '8', '4', '21', 'A', '2022-06-21 12:42:28', '2022-06-21 12:42:28'),
(1297, '8', '5', '21', 'A', '2022-06-21 12:42:28', '2022-06-21 12:42:28'),
(1298, '8', '10', '21', 'A', '2022-06-21 12:42:28', '2022-06-21 12:42:28'),
(1299, '8', '11', '21', 'A', '2022-06-21 12:42:29', '2022-06-21 12:42:29'),
(1300, '9', '2', '21', 'A', '2022-06-21 12:42:29', '2022-06-21 12:42:29'),
(1301, '9', '3', '21', 'A', '2022-06-21 12:42:29', '2022-06-21 12:42:29'),
(1302, '9', '4', '21', 'A', '2022-06-21 12:42:29', '2022-06-21 12:42:29'),
(1303, '3', '5', '23', 'A', '2022-06-23 13:15:06', '2022-06-23 13:15:06'),
(1304, '3', '6', '23', 'A', '2022-06-23 13:15:06', '2022-06-23 13:15:06'),
(1305, '3', '7', '23', 'A', '2022-06-23 13:15:06', '2022-06-23 13:15:06'),
(1306, '3', '8', '23', 'A', '2022-06-23 13:15:06', '2022-06-23 13:15:06'),
(1307, '3', '9', '23', 'A', '2022-06-23 13:15:06', '2022-06-23 13:15:06'),
(1308, '3', '10', '23', 'A', '2022-06-23 13:15:06', '2022-06-23 13:15:06'),
(1309, '3', '11', '23', 'A', '2022-06-23 13:15:06', '2022-06-23 13:15:06'),
(1310, '3', '12', '23', 'A', '2022-06-23 13:15:07', '2022-06-23 13:15:07'),
(1311, '4', '2', '23', 'A', '2022-06-23 13:15:07', '2022-06-23 13:15:07'),
(1312, '4', '6', '23', 'A', '2022-06-23 13:15:07', '2022-06-23 13:15:07'),
(1313, '4', '7', '23', 'A', '2022-06-23 13:15:07', '2022-06-23 13:15:07'),
(1314, '4', '8', '23', 'A', '2022-06-23 13:15:07', '2022-06-23 13:15:07'),
(1315, '4', '9', '23', 'A', '2022-06-23 13:15:07', '2022-06-23 13:15:07'),
(1316, '6', '10', '23', 'A', '2022-06-23 13:15:07', '2022-06-23 13:15:07'),
(1317, '8', '2', '23', 'A', '2022-06-23 13:15:07', '2022-06-23 13:15:07'),
(1318, '8', '3', '23', 'A', '2022-06-23 13:15:07', '2022-06-23 13:15:07'),
(1319, '8', '4', '23', 'A', '2022-06-23 13:15:07', '2022-06-23 13:15:07'),
(1320, '8', '5', '23', 'A', '2022-06-23 13:15:07', '2022-06-23 13:15:07'),
(1321, '8', '10', '23', 'A', '2022-06-23 13:15:08', '2022-06-23 13:15:08'),
(1322, '8', '11', '23', 'A', '2022-06-23 13:15:08', '2022-06-23 13:15:08'),
(1323, '9', '2', '23', 'A', '2022-06-23 13:15:08', '2022-06-23 13:15:08'),
(1324, '9', '3', '23', 'A', '2022-06-23 13:15:08', '2022-06-23 13:15:08'),
(1325, '9', '4', '23', 'A', '2022-06-23 13:15:08', '2022-06-23 13:15:08'),
(1326, '3', '5', '24', 'A', '2022-06-24 13:55:38', '2022-06-24 13:55:38'),
(1327, '3', '6', '24', 'A', '2022-06-24 13:55:39', '2022-06-24 13:55:39'),
(1328, '3', '7', '24', 'A', '2022-06-24 13:55:39', '2022-06-24 13:55:39'),
(1329, '3', '8', '24', 'A', '2022-06-24 13:55:39', '2022-06-24 13:55:39'),
(1330, '3', '9', '24', 'A', '2022-06-24 13:55:39', '2022-06-24 13:55:39'),
(1331, '3', '10', '24', 'A', '2022-06-24 13:55:39', '2022-06-24 13:55:39'),
(1332, '3', '11', '24', 'A', '2022-06-24 13:55:39', '2022-06-24 13:55:39'),
(1333, '3', '12', '24', 'A', '2022-06-24 13:55:40', '2022-06-24 13:55:40'),
(1334, '4', '2', '24', 'A', '2022-06-24 13:55:40', '2022-06-24 13:55:40'),
(1335, '4', '6', '24', 'A', '2022-06-24 13:55:40', '2022-06-24 13:55:40'),
(1336, '4', '7', '24', 'A', '2022-06-24 13:55:40', '2022-06-24 13:55:40'),
(1337, '4', '8', '24', 'A', '2022-06-24 13:55:40', '2022-06-24 13:55:40'),
(1338, '4', '9', '24', 'A', '2022-06-24 13:55:40', '2022-06-24 13:55:40'),
(1339, '6', '10', '24', 'A', '2022-06-24 13:55:40', '2022-06-24 13:55:40'),
(1340, '8', '2', '24', 'A', '2022-06-24 13:55:40', '2022-06-24 13:55:40'),
(1341, '8', '3', '24', 'A', '2022-06-24 13:55:41', '2022-06-24 13:55:41'),
(1342, '8', '4', '24', 'A', '2022-06-24 13:55:41', '2022-06-24 13:55:41'),
(1343, '8', '5', '24', 'A', '2022-06-24 13:55:41', '2022-06-24 13:55:41'),
(1344, '8', '10', '24', 'A', '2022-06-24 13:55:41', '2022-06-24 13:55:41'),
(1345, '8', '11', '24', 'A', '2022-06-24 13:55:41', '2022-06-24 13:55:41'),
(1346, '9', '2', '24', 'A', '2022-06-24 13:55:41', '2022-06-24 13:55:41'),
(1347, '9', '3', '24', 'A', '2022-06-24 13:55:41', '2022-06-24 13:55:41'),
(1348, '9', '4', '24', 'A', '2022-06-24 13:55:41', '2022-06-24 13:55:41'),
(1349, '1', '1', '27', 'A', '2022-06-27 12:40:06', '2022-06-27 12:40:06'),
(1350, '1', '2', '27', 'A', '2022-06-27 12:40:06', '2022-06-27 12:40:06'),
(1351, '1', '3', '27', 'A', '2022-06-27 12:40:06', '2022-06-27 12:40:06'),
(1352, '1', '4', '27', 'A', '2022-06-27 12:40:06', '2022-06-27 12:40:06'),
(1353, '1', '5', '27', 'A', '2022-06-27 12:40:07', '2022-06-27 12:40:07'),
(1354, '1', '6', '27', 'A', '2022-06-27 12:40:07', '2022-06-27 12:40:07'),
(1355, '1', '7', '27', 'A', '2022-06-27 12:40:07', '2022-06-27 12:40:07'),
(1356, '1', '1', '28', 'A', '2022-06-28 12:40:05', '2022-06-28 12:40:05'),
(1357, '1', '2', '28', 'A', '2022-06-28 12:40:06', '2022-06-28 12:40:06'),
(1358, '1', '3', '28', 'A', '2022-06-28 12:40:06', '2022-06-28 12:40:06'),
(1359, '1', '4', '28', 'A', '2022-06-28 12:40:06', '2022-06-28 12:40:06'),
(1360, '1', '5', '28', 'A', '2022-06-28 12:40:06', '2022-06-28 12:40:06'),
(1361, '1', '6', '28', 'A', '2022-06-28 12:40:06', '2022-06-28 12:40:06'),
(1362, '1', '7', '28', 'A', '2022-06-28 12:40:06', '2022-06-28 12:40:06'),
(1363, '3', '5', '28', 'A', '2022-06-28 12:40:06', '2022-06-28 12:40:06'),
(1364, '3', '6', '28', 'A', '2022-06-28 12:40:06', '2022-06-28 12:40:06'),
(1365, '3', '7', '28', 'A', '2022-06-28 12:40:06', '2022-06-28 12:40:06'),
(1366, '3', '8', '28', 'A', '2022-06-28 12:40:06', '2022-06-28 12:40:06'),
(1367, '3', '9', '28', 'A', '2022-06-28 12:40:06', '2022-06-28 12:40:06'),
(1368, '3', '10', '28', 'A', '2022-06-28 12:40:06', '2022-06-28 12:40:06'),
(1369, '3', '11', '28', 'A', '2022-06-28 12:40:06', '2022-06-28 12:40:06'),
(1370, '3', '12', '28', 'A', '2022-06-28 12:40:06', '2022-06-28 12:40:06'),
(1371, '6', '10', '28', 'A', '2022-06-28 12:40:06', '2022-06-28 12:40:06'),
(1372, '8', '10', '28', 'A', '2022-06-28 12:40:07', '2022-06-28 12:40:07'),
(1373, '8', '11', '28', 'A', '2022-06-28 12:40:07', '2022-06-28 12:40:07'),
(1374, '9', '2', '28', 'A', '2022-06-28 12:40:07', '2022-06-28 12:40:07'),
(1375, '9', '3', '28', 'A', '2022-06-28 12:40:07', '2022-06-28 12:40:07'),
(1376, '9', '4', '28', 'A', '2022-06-28 12:40:07', '2022-06-28 12:40:07'),
(1377, '3', '5', '30', 'A', '2022-06-30 12:40:21', '2022-06-30 12:40:21'),
(1378, '3', '6', '30', 'A', '2022-06-30 12:40:21', '2022-06-30 12:40:21'),
(1379, '3', '7', '30', 'A', '2022-06-30 12:40:21', '2022-06-30 12:40:21'),
(1380, '3', '8', '30', 'A', '2022-06-30 12:40:21', '2022-06-30 12:40:21'),
(1381, '3', '9', '30', 'A', '2022-06-30 12:40:21', '2022-06-30 12:40:21'),
(1382, '3', '10', '30', 'A', '2022-06-30 12:40:21', '2022-06-30 12:40:21'),
(1383, '3', '11', '30', 'A', '2022-06-30 12:40:21', '2022-06-30 12:40:21'),
(1384, '3', '12', '30', 'A', '2022-06-30 12:40:22', '2022-06-30 12:40:22'),
(1385, '4', '2', '30', 'A', '2022-06-30 12:40:22', '2022-06-30 12:40:22'),
(1386, '4', '6', '30', 'A', '2022-06-30 12:40:22', '2022-06-30 12:40:22'),
(1387, '4', '7', '30', 'A', '2022-06-30 12:40:22', '2022-06-30 12:40:22'),
(1388, '4', '8', '30', 'A', '2022-06-30 12:40:22', '2022-06-30 12:40:22'),
(1389, '4', '9', '30', 'A', '2022-06-30 12:40:22', '2022-06-30 12:40:22'),
(1390, '6', '10', '30', 'A', '2022-06-30 12:40:22', '2022-06-30 12:40:22'),
(1391, '8', '2', '30', 'A', '2022-06-30 12:40:22', '2022-06-30 12:40:22'),
(1392, '8', '3', '30', 'A', '2022-06-30 12:40:22', '2022-06-30 12:40:22'),
(1393, '8', '4', '30', 'A', '2022-06-30 12:40:22', '2022-06-30 12:40:22'),
(1394, '8', '5', '30', 'A', '2022-06-30 12:40:22', '2022-06-30 12:40:22'),
(1395, '8', '10', '30', 'A', '2022-06-30 12:40:22', '2022-06-30 12:40:22'),
(1396, '8', '11', '30', 'A', '2022-06-30 12:40:22', '2022-06-30 12:40:22'),
(1397, '9', '2', '30', 'A', '2022-06-30 12:40:22', '2022-06-30 12:40:22'),
(1398, '9', '3', '30', 'A', '2022-06-30 12:40:23', '2022-06-30 12:40:23'),
(1399, '9', '4', '30', 'A', '2022-06-30 12:40:23', '2022-06-30 12:40:23'),
(1400, '3', '3', '02', 'P', '2022-07-02 06:34:00', '2022-07-02 06:34:00'),
(1401, '3', '2', '04', 'P', '2022-07-04 05:53:00', '2022-07-04 05:53:00'),
(1402, '3', '1', '04', 'A', '2022-07-04 13:22:47', '2022-07-04 13:22:47'),
(1403, '3', '3', '04', 'A', '2022-07-04 13:22:47', '2022-07-04 13:22:47'),
(1404, '3', '4', '04', 'A', '2022-07-04 13:22:47', '2022-07-04 13:22:47'),
(1405, '3', '5', '04', 'A', '2022-07-04 13:22:47', '2022-07-04 13:22:47'),
(1406, '3', '6', '04', 'A', '2022-07-04 13:22:47', '2022-07-04 13:22:47'),
(1407, '3', '7', '04', 'A', '2022-07-04 13:22:47', '2022-07-04 13:22:47'),
(1408, '3', '8', '04', 'A', '2022-07-04 13:22:48', '2022-07-04 13:22:48'),
(1409, '3', '9', '04', 'A', '2022-07-04 13:22:48', '2022-07-04 13:22:48'),
(1410, '3', '10', '04', 'A', '2022-07-04 13:22:48', '2022-07-04 13:22:48'),
(1411, '3', '11', '04', 'A', '2022-07-04 13:22:48', '2022-07-04 13:22:48'),
(1412, '3', '12', '04', 'A', '2022-07-04 13:22:48', '2022-07-04 13:22:48'),
(1413, '4', '1', '04', 'A', '2022-07-04 13:22:48', '2022-07-04 13:22:48'),
(1414, '4', '2', '04', 'A', '2022-07-04 13:22:48', '2022-07-04 13:22:48'),
(1415, '4', '3', '04', 'A', '2022-07-04 13:22:48', '2022-07-04 13:22:48'),
(1416, '4', '6', '04', 'A', '2022-07-04 13:22:48', '2022-07-04 13:22:48'),
(1417, '4', '7', '04', 'A', '2022-07-04 13:22:48', '2022-07-04 13:22:48'),
(1418, '4', '8', '04', 'A', '2022-07-04 13:22:48', '2022-07-04 13:22:48'),
(1419, '4', '9', '04', 'A', '2022-07-04 13:22:48', '2022-07-04 13:22:48'),
(1420, '5', '1', '04', 'A', '2022-07-04 13:22:48', '2022-07-04 13:22:48'),
(1421, '5', '2', '04', 'A', '2022-07-04 13:22:48', '2022-07-04 13:22:48'),
(1422, '5', '3', '04', 'A', '2022-07-04 13:22:48', '2022-07-04 13:22:48'),
(1423, '5', '4', '04', 'A', '2022-07-04 13:22:48', '2022-07-04 13:22:48'),
(1424, '6', '1', '04', 'A', '2022-07-04 13:22:48', '2022-07-04 13:22:48'),
(1425, '6', '2', '04', 'A', '2022-07-04 13:22:48', '2022-07-04 13:22:48'),
(1426, '6', '10', '04', 'A', '2022-07-04 13:22:49', '2022-07-04 13:22:49'),
(1427, '8', '2', '04', 'A', '2022-07-04 13:22:49', '2022-07-04 13:22:49'),
(1428, '8', '3', '04', 'A', '2022-07-04 13:22:49', '2022-07-04 13:22:49'),
(1429, '8', '4', '04', 'A', '2022-07-04 13:22:49', '2022-07-04 13:22:49'),
(1430, '8', '5', '04', 'A', '2022-07-04 13:22:49', '2022-07-04 13:22:49'),
(1431, '8', '10', '04', 'A', '2022-07-04 13:22:49', '2022-07-04 13:22:49'),
(1432, '8', '11', '04', 'A', '2022-07-04 13:22:49', '2022-07-04 13:22:49'),
(1433, '9', '2', '04', 'A', '2022-07-04 13:22:49', '2022-07-04 13:22:49'),
(1434, '9', '3', '04', 'A', '2022-07-04 13:22:49', '2022-07-04 13:22:49'),
(1435, '9', '4', '04', 'A', '2022-07-04 13:22:49', '2022-07-04 13:22:49'),
(1436, '3', '2', '09', 'P', '2022-07-09 05:30:00', '2022-07-09 05:30:00'),
(1437, '3', '5', '22', 'A', '2022-07-22 12:40:13', '2022-07-22 12:40:13'),
(1438, '3', '6', '22', 'A', '2022-07-22 12:40:13', '2022-07-22 12:40:13'),
(1439, '3', '7', '22', 'A', '2022-07-22 12:40:13', '2022-07-22 12:40:13'),
(1440, '3', '8', '22', 'A', '2022-07-22 12:40:13', '2022-07-22 12:40:13'),
(1441, '3', '9', '22', 'A', '2022-07-22 12:40:13', '2022-07-22 12:40:13'),
(1442, '3', '10', '22', 'A', '2022-07-22 12:40:13', '2022-07-22 12:40:13'),
(1443, '3', '11', '22', 'A', '2022-07-22 12:40:13', '2022-07-22 12:40:13'),
(1444, '3', '12', '22', 'A', '2022-07-22 12:40:13', '2022-07-22 12:40:13'),
(1445, '4', '2', '22', 'A', '2022-07-22 12:40:13', '2022-07-22 12:40:13'),
(1446, '4', '6', '22', 'A', '2022-07-22 12:40:13', '2022-07-22 12:40:13'),
(1447, '4', '7', '22', 'A', '2022-07-22 12:40:13', '2022-07-22 12:40:13'),
(1448, '4', '8', '22', 'A', '2022-07-22 12:40:13', '2022-07-22 12:40:13'),
(1449, '4', '9', '22', 'A', '2022-07-22 12:40:13', '2022-07-22 12:40:13'),
(1450, '6', '10', '22', 'A', '2022-07-22 12:40:13', '2022-07-22 12:40:13'),
(1451, '8', '2', '22', 'A', '2022-07-22 12:40:13', '2022-07-22 12:40:13'),
(1452, '8', '3', '22', 'A', '2022-07-22 12:40:13', '2022-07-22 12:40:13'),
(1453, '8', '4', '22', 'A', '2022-07-22 12:40:13', '2022-07-22 12:40:13'),
(1454, '8', '5', '22', 'A', '2022-07-22 12:40:13', '2022-07-22 12:40:13'),
(1455, '8', '10', '22', 'A', '2022-07-22 12:40:14', '2022-07-22 12:40:14'),
(1456, '8', '11', '22', 'A', '2022-07-22 12:40:14', '2022-07-22 12:40:14'),
(1457, '9', '2', '22', 'A', '2022-07-22 12:40:14', '2022-07-22 12:40:14'),
(1458, '9', '3', '22', 'A', '2022-07-22 12:40:14', '2022-07-22 12:40:14'),
(1459, '9', '4', '22', 'A', '2022-07-22 12:40:14', '2022-07-22 12:40:14'),
(1460, '8', '3', '23', 'P', '2022-07-23 06:40:00', '2022-07-23 06:40:00'),
(1461, '3', '5', '26', 'A', '2022-07-26 12:40:02', '2022-07-26 12:40:02'),
(1462, '3', '6', '26', 'A', '2022-07-26 12:40:02', '2022-07-26 12:40:02'),
(1463, '3', '7', '26', 'A', '2022-07-26 12:40:03', '2022-07-26 12:40:03'),
(1464, '3', '8', '26', 'A', '2022-07-26 12:40:03', '2022-07-26 12:40:03'),
(1465, '3', '9', '26', 'A', '2022-07-26 12:40:03', '2022-07-26 12:40:03'),
(1466, '3', '10', '26', 'A', '2022-07-26 12:40:03', '2022-07-26 12:40:03'),
(1467, '3', '11', '26', 'A', '2022-07-26 12:40:03', '2022-07-26 12:40:03'),
(1468, '3', '12', '26', 'A', '2022-07-26 12:40:03', '2022-07-26 12:40:03'),
(1469, '4', '6', '26', 'A', '2022-07-26 12:40:03', '2022-07-26 12:40:03'),
(1470, '4', '7', '26', 'A', '2022-07-26 12:40:03', '2022-07-26 12:40:03'),
(1471, '4', '8', '26', 'A', '2022-07-26 12:40:03', '2022-07-26 12:40:03'),
(1472, '4', '9', '26', 'A', '2022-07-26 12:40:03', '2022-07-26 12:40:03'),
(1473, '6', '10', '26', 'A', '2022-07-26 12:40:03', '2022-07-26 12:40:03'),
(1474, '8', '2', '26', 'A', '2022-07-26 12:40:03', '2022-07-26 12:40:03'),
(1475, '8', '3', '26', 'A', '2022-07-26 12:40:04', '2022-07-26 12:40:04'),
(1476, '8', '4', '26', 'A', '2022-07-26 12:40:04', '2022-07-26 12:40:04'),
(1477, '8', '5', '26', 'A', '2022-07-26 12:40:04', '2022-07-26 12:40:04'),
(1478, '8', '10', '26', 'A', '2022-07-26 12:40:04', '2022-07-26 12:40:04'),
(1479, '8', '11', '26', 'A', '2022-07-26 12:40:04', '2022-07-26 12:40:04'),
(1480, '9', '2', '26', 'A', '2022-07-26 12:40:04', '2022-07-26 12:40:04'),
(1481, '9', '3', '26', 'A', '2022-07-26 12:40:04', '2022-07-26 12:40:04'),
(1482, '9', '4', '26', 'A', '2022-07-26 12:40:04', '2022-07-26 12:40:04'),
(1483, '3', '1', '29', 'A', '2022-07-29 05:49:09', '2022-07-29 05:49:09'),
(1484, '3', '2', '29', 'A', '2022-07-29 05:49:09', '2022-07-29 05:49:09'),
(1485, '3', '3', '29', 'A', '2022-07-29 05:49:09', '2022-07-29 05:49:09'),
(1486, '3', '4', '29', 'A', '2022-07-29 05:49:09', '2022-07-29 05:49:09'),
(1487, '3', '5', '29', 'A', '2022-07-29 05:49:09', '2022-07-29 05:49:09'),
(1488, '3', '6', '29', 'A', '2022-07-29 05:49:09', '2022-07-29 05:49:09'),
(1489, '3', '7', '29', 'A', '2022-07-29 05:49:10', '2022-07-29 05:49:10'),
(1490, '3', '8', '29', 'A', '2022-07-29 05:49:10', '2022-07-29 05:49:10'),
(1491, '3', '9', '29', 'A', '2022-07-29 05:49:10', '2022-07-29 05:49:10'),
(1492, '3', '10', '29', 'A', '2022-07-29 05:49:10', '2022-07-29 05:49:10'),
(1493, '3', '11', '29', 'A', '2022-07-29 05:49:10', '2022-07-29 05:49:10'),
(1494, '3', '12', '29', 'A', '2022-07-29 05:49:11', '2022-07-29 05:49:11'),
(1495, '4', '1', '29', 'A', '2022-07-29 05:49:11', '2022-07-29 05:49:11'),
(1496, '4', '2', '29', 'A', '2022-07-29 05:49:11', '2022-07-29 05:49:11'),
(1497, '4', '3', '29', 'A', '2022-07-29 05:49:11', '2022-07-29 05:49:11'),
(1498, '4', '6', '29', 'A', '2022-07-29 05:49:11', '2022-07-29 05:49:11'),
(1499, '4', '8', '29', 'A', '2022-07-29 05:49:11', '2022-07-29 05:49:11'),
(1500, '4', '9', '29', 'A', '2022-07-29 05:49:11', '2022-07-29 05:49:11'),
(1501, '5', '1', '29', 'A', '2022-07-29 05:49:11', '2022-07-29 05:49:11'),
(1502, '5', '2', '29', 'A', '2022-07-29 05:49:11', '2022-07-29 05:49:11'),
(1503, '5', '3', '29', 'A', '2022-07-29 05:49:12', '2022-07-29 05:49:12'),
(1504, '5', '4', '29', 'A', '2022-07-29 05:49:12', '2022-07-29 05:49:12'),
(1505, '6', '1', '29', 'A', '2022-07-29 05:49:12', '2022-07-29 05:49:12'),
(1506, '6', '2', '29', 'A', '2022-07-29 05:49:12', '2022-07-29 05:49:12'),
(1507, '6', '10', '29', 'A', '2022-07-29 05:49:12', '2022-07-29 05:49:12'),
(1508, '8', '2', '29', 'A', '2022-07-29 05:49:12', '2022-07-29 05:49:12'),
(1509, '8', '3', '29', 'A', '2022-07-29 05:49:12', '2022-07-29 05:49:12'),
(1510, '8', '4', '29', 'A', '2022-07-29 05:49:13', '2022-07-29 05:49:13'),
(1511, '8', '5', '29', 'A', '2022-07-29 05:49:13', '2022-07-29 05:49:13'),
(1512, '8', '10', '29', 'A', '2022-07-29 05:49:13', '2022-07-29 05:49:13'),
(1513, '8', '11', '29', 'A', '2022-07-29 05:49:13', '2022-07-29 05:49:13'),
(1514, '9', '2', '29', 'A', '2022-07-29 05:49:13', '2022-07-29 05:49:13'),
(1515, '9', '3', '29', 'A', '2022-07-29 05:49:13', '2022-07-29 05:49:13'),
(1516, '9', '4', '29', 'A', '2022-07-29 05:49:13', '2022-07-29 05:49:13'),
(1517, '3', '4', '12', 'A', '2022-08-12 12:40:02', '2022-08-12 12:40:02'),
(1518, '3', '5', '12', 'A', '2022-08-12 12:40:02', '2022-08-12 12:40:02'),
(1519, '3', '6', '12', 'A', '2022-08-12 12:40:02', '2022-08-12 12:40:02'),
(1520, '3', '7', '12', 'A', '2022-08-12 12:40:02', '2022-08-12 12:40:02'),
(1521, '3', '8', '12', 'A', '2022-08-12 12:40:03', '2022-08-12 12:40:03'),
(1522, '3', '9', '12', 'A', '2022-08-12 12:40:03', '2022-08-12 12:40:03'),
(1523, '3', '10', '12', 'A', '2022-08-12 12:40:03', '2022-08-12 12:40:03'),
(1524, '3', '11', '12', 'A', '2022-08-12 12:40:03', '2022-08-12 12:40:03'),
(1525, '3', '12', '12', 'A', '2022-08-12 12:40:03', '2022-08-12 12:40:03'),
(1526, '4', '2', '12', 'A', '2022-08-12 12:40:04', '2022-08-12 12:40:04'),
(1527, '4', '6', '12', 'A', '2022-08-12 12:40:04', '2022-08-12 12:40:04'),
(1528, '4', '7', '12', 'A', '2022-08-12 12:40:04', '2022-08-12 12:40:04'),
(1529, '4', '8', '12', 'A', '2022-08-12 12:40:04', '2022-08-12 12:40:04'),
(1530, '4', '9', '12', 'A', '2022-08-12 12:40:04', '2022-08-12 12:40:04'),
(1531, '6', '10', '12', 'A', '2022-08-12 12:40:04', '2022-08-12 12:40:04'),
(1532, '8', '2', '12', 'A', '2022-08-12 12:40:04', '2022-08-12 12:40:04'),
(1533, '8', '3', '12', 'A', '2022-08-12 12:40:04', '2022-08-12 12:40:04'),
(1534, '8', '4', '12', 'A', '2022-08-12 12:40:04', '2022-08-12 12:40:04'),
(1535, '8', '5', '12', 'A', '2022-08-12 12:40:04', '2022-08-12 12:40:04'),
(1536, '8', '10', '12', 'A', '2022-08-12 12:40:04', '2022-08-12 12:40:04'),
(1537, '8', '11', '12', 'A', '2022-08-12 12:40:05', '2022-08-12 12:40:05'),
(1538, '9', '2', '12', 'A', '2022-08-12 12:40:05', '2022-08-12 12:40:05'),
(1539, '9', '3', '12', 'A', '2022-08-12 12:40:05', '2022-08-12 12:40:05'),
(1540, '9', '4', '12', 'A', '2022-08-12 12:40:05', '2022-08-12 12:40:05'),
(1541, '3', '1', '28', 'P', '2023-08-28 05:21:00', '2023-08-28 05:21:00'),
(1542, '3', '2', '05', 'P', '2023-09-05 06:13:42', '2023-09-05 06:13:42'),
(1543, '3', '1', '06', 'P', '2023-09-06 05:13:02', '2023-09-06 05:13:02'),
(1544, '3', '2', '07', 'P', '2023-09-07 06:04:00', '2023-09-07 06:04:00'),
(1545, '3', '1', '08', 'P', '2023-09-08 05:25:07', '2023-09-08 05:25:07'),
(1546, '3', '3', '08', 'P', '2023-09-08 07:19:01', '2023-09-08 07:19:01'),
(1547, '3', '1', '11', 'P', '2023-09-11 04:59:03', '2023-09-11 04:59:03'),
(1548, '3', '1', '12', 'P', '2023-09-12 05:04:01', '2023-09-12 05:04:01'),
(1549, '3', '3', '12', 'P', '2023-09-12 06:34:11', '2023-09-12 06:34:11'),
(1550, '3', '1', '13', 'P', '2023-09-13 04:54:00', '2023-09-13 04:54:00'),
(1551, '3', '3', '13', 'P', '2023-09-13 06:33:46', '2023-09-13 06:33:46'),
(1552, '3', '1', '15', 'P', '2023-09-15 05:02:35', '2023-09-15 05:02:35'),
(1553, '3', '2', '15', 'P', '2023-09-15 05:34:00', '2023-09-15 05:34:00'),
(1554, '3', '3', '15', 'P', '2023-09-15 06:34:35', '2023-09-15 06:34:35'),
(1555, '3', '1', '16', 'P', '2023-09-16 05:17:00', '2023-09-16 05:17:00'),
(1556, '3', '2', '16', 'P', '2023-09-16 06:16:00', '2023-09-16 06:16:00'),
(1557, '3', '1', '18', 'P', '2023-09-18 05:22:18', '2023-09-18 05:22:18'),
(1558, '3', '2', '18', 'P', '2023-09-18 06:15:18', '2023-09-18 06:15:18'),
(1559, '3', '1', '20', 'P', '2023-09-20 05:15:00', '2023-09-20 05:15:00'),
(1560, '3', '2', '20', 'P', '2023-09-20 05:54:00', '2023-09-20 05:54:00'),
(1561, '3', '3', '20', 'P', '2023-09-20 06:38:00', '2023-09-20 06:38:00'),
(1562, '3', '1', '21', 'P', '2023-09-21 05:19:05', '2023-09-21 05:19:05'),
(1563, '3', '3', '21', 'P', '2023-09-21 06:37:01', '2023-09-21 06:37:01'),
(1564, '3', '2', '22', 'P', '2023-09-22 05:34:05', '2023-09-22 05:34:05'),
(1565, '3', '3', '22', 'P', '2023-09-22 07:07:56', '2023-09-22 07:07:56'),
(1566, '3', '2', '23', 'P', '2023-09-23 05:56:22', '2023-09-23 05:56:22'),
(1567, '3', '2', '25', 'P', '2023-09-25 06:17:00', '2023-09-25 06:17:00'),
(1568, '3', '3', '25', 'P', '2023-09-25 06:46:02', '2023-09-25 06:46:02'),
(1569, '3', '2', '26', 'P', '2023-09-26 05:34:56', '2023-09-26 05:34:56'),
(1570, '3', '3', '26', 'P', '2023-09-26 07:00:00', '2023-09-26 07:00:00'),
(1571, '3', '2', '27', 'P', '2023-09-27 06:14:13', '2023-09-27 06:14:13'),
(1572, '3', '3', '27', 'P', '2023-09-27 06:41:01', '2023-09-27 06:41:01'),
(1573, '3', '2', '28', 'P', '2023-09-28 06:24:01', '2023-09-28 06:24:01'),
(1574, '3', '3', '28', 'P', '2023-09-28 06:42:01', '2023-09-28 06:42:01'),
(1575, '3', '1', '29', 'P', '2023-09-29 04:58:00', '2023-09-29 04:58:00'),
(1576, '3', '2', '29', 'P', '2023-09-29 05:39:01', '2023-09-29 05:39:01'),
(1577, '3', '3', '29', 'P', '2023-09-29 07:11:01', '2023-09-29 07:11:01');

-- --------------------------------------------------------

--
-- Table structure for table `attendance_records`
--

CREATE TABLE `attendance_records` (
  `id` bigint(20) UNSIGNED NOT NULL,
  `student_id` varchar(255) NOT NULL,
  `created_at` timestamp NULL DEFAULT NULL,
  `updated_at` timestamp NULL DEFAULT NULL
) ENGINE=InnoDB DEFAULT CHARSET=utf8mb4 COLLATE=utf8mb4_unicode_ci;

-- --------------------------------------------------------

--
-- Table structure for table `authorities`
--

CREATE TABLE `authorities` (
  `id` bigint(20) UNSIGNED NOT NULL,
  `created_at` timestamp NULL DEFAULT NULL,
  `updated_at` timestamp NULL DEFAULT NULL
) ENGINE=InnoDB DEFAULT CHARSET=utf8mb4 COLLATE=utf8mb4_unicode_ci;

-- --------------------------------------------------------

--
-- Table structure for table `capitalwords`
--

CREATE TABLE `capitalwords` (
  `id` bigint(20) UNSIGNED NOT NULL,
  `institute_id` bigint(20) NOT NULL,
  `name` varchar(255) NOT NULL,
  `desc` text NOT NULL,
  `created_at` timestamp NULL DEFAULT NULL,
  `updated_at` timestamp NULL DEFAULT NULL
) ENGINE=InnoDB DEFAULT CHARSET=utf8mb4 COLLATE=utf8mb4_unicode_ci;

-- --------------------------------------------------------

--
-- Table structure for table `capital_word_results`
--

CREATE TABLE `capital_word_results` (
  `id` bigint(20) UNSIGNED NOT NULL,
  `student_id` bigint(20) NOT NULL,
  `institute_id` bigint(20) NOT NULL,
  `speed` bigint(20) NOT NULL,
  `wordsCount` bigint(20) NOT NULL,
  `correctWords` bigint(20) NOT NULL,
  `time` bigint(20) NOT NULL,
  `acc` bigint(20) NOT NULL,
  `created_at` timestamp NULL DEFAULT NULL,
  `updated_at` timestamp NULL DEFAULT NULL
) ENGINE=InnoDB DEFAULT CHARSET=utf8mb4 COLLATE=utf8mb4_unicode_ci;

-- --------------------------------------------------------

--
-- Table structure for table `coursefees`
--

CREATE TABLE `coursefees` (
  `id` bigint(20) UNSIGNED NOT NULL,
  `institute_id` bigint(20) UNSIGNED NOT NULL,
  `course_id` varchar(255) NOT NULL,
  `subject_id` varchar(255) NOT NULL,
  `student_type` varchar(255) NOT NULL,
  `fees` varchar(255) NOT NULL,
  `created_at` timestamp NULL DEFAULT NULL,
  `updated_at` timestamp NULL DEFAULT NULL
) ENGINE=InnoDB DEFAULT CHARSET=utf8mb4 COLLATE=utf8mb4_unicode_ci;

--
-- Dumping data for table `coursefees`
--

INSERT INTO `coursefees` (`id`, `institute_id`, `course_id`, `subject_id`, `student_type`, `fees`, `created_at`, `updated_at`) VALUES
(1, 2, '1', '1', '1', '4700', '2022-01-20 07:45:07', '2022-04-28 07:07:46'),
(2, 2, '1', '2', '1', '4000', '2022-01-20 07:45:14', '2022-01-20 07:45:14'),
(3, 2, '1', '3', '1', '4000', '2022-01-20 07:45:21', '2022-01-20 07:45:21'),
(4, 2, '1', '4', '1', '4000', '2022-01-20 07:45:30', '2022-01-20 07:45:30'),
(5, 2, '1', '5', '1', '4000', '2022-01-20 07:45:38', '2022-01-20 07:45:38'),
(6, 2, '1', '6', '1', '4000', '2022-01-20 07:45:46', '2022-01-20 07:45:46'),
(7, 2, '1', '7', '1', '4000', '2022-01-20 07:46:05', '2022-01-20 07:46:05'),
(8, 2, '1', '1', '2', '3000', '2022-01-20 07:46:14', '2022-01-20 07:46:14'),
(9, 2, '1', '2', '2', '3000', '2022-01-20 07:46:25', '2022-01-20 07:46:25');

-- --------------------------------------------------------

--
-- Table structure for table `courses`
--

CREATE TABLE `courses` (
  `id` bigint(20) UNSIGNED NOT NULL,
  `name` varchar(255) NOT NULL,
  `created_at` timestamp NULL DEFAULT NULL,
  `updated_at` timestamp NULL DEFAULT NULL
) ENGINE=InnoDB DEFAULT CHARSET=utf8mb4 COLLATE=utf8mb4_unicode_ci;

--
-- Dumping data for table `courses`
--

INSERT INTO `courses` (`id`, `name`, `created_at`, `updated_at`) VALUES
(1, 'GCC-TBC', '2022-01-20 07:39:16', '2022-01-20 07:39:16'),
(2, 'MS-CIT', '2022-01-20 07:39:16', '2022-01-20 07:39:16'),
(3, 'CCC', '2022-01-20 07:39:16', '2022-01-20 07:39:16'),
(4, 'TALLY', '2022-01-20 07:39:16', '2022-01-20 07:39:16');

-- --------------------------------------------------------

--
-- Table structure for table `documents`
--

CREATE TABLE `documents` (
  `id` bigint(20) UNSIGNED NOT NULL,
  `name` varchar(255) NOT NULL,
  `created_at` timestamp NULL DEFAULT NULL,
  `updated_at` timestamp NULL DEFAULT NULL
) ENGINE=InnoDB DEFAULT CHARSET=utf8mb4 COLLATE=utf8mb4_unicode_ci;

--
-- Dumping data for table `documents`
--

INSERT INTO `documents` (`id`, `name`, `created_at`, `updated_at`) VALUES
(1, 'ADHAR CARD', '2022-01-20 07:39:18', '2022-01-20 07:39:18');

-- --------------------------------------------------------

--
-- Table structure for table `email30test_results`
--

CREATE TABLE `email30test_results` (
  `id` bigint(20) UNSIGNED NOT NULL,
  `typing_test_result_id` bigint(20) UNSIGNED NOT NULL,
  `student_id` bigint(20) UNSIGNED NOT NULL,
  `institute_id` bigint(20) UNSIGNED NOT NULL,
  `subject_id` bigint(20) UNSIGNED NOT NULL,
  `mailId` varchar(255) NOT NULL,
  `mailSub` varchar(255) NOT NULL,
  `mailBody` varchar(255) NOT NULL,
  `mailSave` varchar(255) NOT NULL,
  `mailAtt` varchar(255) NOT NULL,
  `created_at` timestamp NULL DEFAULT NULL,
  `updated_at` timestamp NULL DEFAULT NULL
) ENGINE=InnoDB DEFAULT CHARSET=utf8mb4 COLLATE=utf8mb4_unicode_ci;

--
-- Dumping data for table `email30test_results`
--

INSERT INTO `email30test_results` (`id`, `typing_test_result_id`, `student_id`, `institute_id`, `subject_id`, `mailId`, `mailSub`, `mailBody`, `mailSave`, `mailAtt`, `created_at`, `updated_at`) VALUES
(1, 80, 3, 2, 1, '1', '1', '1.5', '1', '1', '2022-02-22 07:52:23', '2022-02-22 07:52:23'),
(2, 90, 11, 2, 1, '0', '1', '0', '1', '1', '2022-04-13 12:54:08', '2022-04-13 12:54:08'),
(3, 93, 11, 2, 1, '1', '0', '0', '1', '1', '2022-04-21 08:24:07', '2022-04-21 08:24:07'),
(4, 96, 12, 2, 1, '0', '0', '0', '1', '0', '2022-05-05 08:28:32', '2022-05-05 08:28:32'),
(5, 98, 12, 2, 1, '0', '1', '0', '1', '1', '2022-05-14 13:27:52', '2022-05-14 13:27:52'),
(6, 99, 12, 2, 1, '0', '0', '1', '1', '0', '2022-05-14 13:29:12', '2022-05-14 13:29:12'),
(7, 2, 7, 2, 1, '0', '0', '0', '1', '0', '2023-09-20 05:58:16', '2023-09-20 05:58:16'),
(8, 3, 7, 2, 1, '0', '0', '0', '1', '0', '2023-09-20 06:47:17', '2023-09-20 06:47:17'),
(9, 4, 7, 2, 1, '0', '0', '0', '1', '0', '2023-09-20 06:48:37', '2023-09-20 06:48:37'),
(10, 18, 7, 2, 1, '0', '0', '0', '1', '0', '2023-09-25 06:45:56', '2023-09-25 06:45:56'),
(11, 19, 7, 2, 1, '0', '0', '0', '1', '0', '2023-09-25 09:45:21', '2023-09-25 09:45:21'),
(12, 20, 7, 2, 1, '0', '0', '0', '1', '0', '2023-09-25 11:18:37', '2023-09-25 11:18:37'),
(13, 21, 7, 2, 1, '0', '0', '0', '1', '0', '2023-09-26 05:35:53', '2023-09-26 05:35:53'),
(14, 28, 7, 2, 1, '0', '0', '0', '1', '0', '2023-09-26 08:03:18', '2023-09-26 08:03:18'),
(15, 31, 7, 2, 1, '0', '0', '0', '1', '0', '2023-09-26 08:22:26', '2023-09-26 08:22:26'),
(16, 34, 7, 2, 1, '0', '0', '0.5', '1', '0', '2023-09-26 09:23:39', '2023-09-26 09:23:39'),
(17, 37, 7, 2, 1, '0', '0', '0', '1', '0', '2023-09-26 09:53:44', '2023-09-26 09:53:44'),
(18, 40, 7, 2, 1, '0', '0', '0', '1', '0', '2023-09-27 08:00:35', '2023-09-27 08:00:35'),
(19, 43, 7, 2, 1, '0', '0', '0', '1', '0', '2023-09-27 11:35:54', '2023-09-27 11:35:54'),
(20, 46, 7, 2, 1, '0', '0', '0', '1', '0', '2023-09-27 12:00:05', '2023-09-27 12:00:05'),
(21, 47, 7, 2, 1, '0', '0', '0', '1', '0', '2023-09-27 12:03:15', '2023-09-27 12:03:15'),
(22, 50, 7, 2, 1, '0', '0', '0', '1', '0', '2023-09-27 12:27:27', '2023-09-27 12:27:27'),
(23, 53, 7, 2, 1, '0', '0', '0', '1', '0', '2023-09-27 12:32:00', '2023-09-27 12:32:00'),
(24, 56, 7, 2, 1, '0', '0', '0', '1', '0', '2023-09-29 05:01:32', '2023-09-29 05:01:32'),
(25, 59, 7, 2, 1, '0', '0', '0', '1', '0', '2023-09-29 05:28:37', '2023-09-29 05:28:37'),
(26, 61, 7, 2, 1, '0', '0', '0', '1', '0', '2023-09-29 05:38:03', '2023-09-29 05:38:03'),
(27, 63, 7, 2, 1, '0', '0', '0', '1', '0', '2023-09-29 05:43:48', '2023-09-29 05:43:48'),
(28, 64, 7, 2, 1, '0', '0', '0', '1', '0', '2023-09-29 05:54:03', '2023-09-29 05:54:03'),
(29, 65, 7, 2, 1, '0', '0', '0', '1', '0', '2023-09-29 05:55:57', '2023-09-29 05:55:57'),
(30, 68, 7, 2, 1, '0', '0', '0', '1', '0', '2023-09-29 05:58:36', '2023-09-29 05:58:36'),
(31, 70, 7, 2, 1, '0', '0', '0', '1', '0', '2023-09-29 06:07:45', '2023-09-29 06:07:45'),
(32, 72, 7, 2, 1, '0', '0', '0', '1', '0', '2023-09-29 06:11:29', '2023-09-29 06:11:29'),
(33, 75, 7, 2, 1, '0', '0', '0', '1', '0', '2023-09-29 06:14:44', '2023-09-29 06:14:44');

-- --------------------------------------------------------

--
-- Table structure for table `email30_results`
--

CREATE TABLE `email30_results` (
  `id` bigint(20) UNSIGNED NOT NULL,
  `typing_practise_result_id` bigint(20) UNSIGNED NOT NULL,
  `student_id` bigint(20) UNSIGNED NOT NULL,
  `institute_id` bigint(20) UNSIGNED NOT NULL,
  `subject_id` bigint(20) UNSIGNED NOT NULL,
  `mailId` varchar(255) NOT NULL,
  `mailSub` varchar(255) NOT NULL,
  `mailBody` varchar(255) NOT NULL,
  `mailSave` varchar(255) NOT NULL,
  `mailAtt` varchar(255) NOT NULL,
  `created_at` timestamp NULL DEFAULT NULL,
  `updated_at` timestamp NULL DEFAULT NULL
) ENGINE=InnoDB DEFAULT CHARSET=utf8mb4 COLLATE=utf8mb4_unicode_ci;

--
-- Dumping data for table `email30_results`
--

INSERT INTO `email30_results` (`id`, `typing_practise_result_id`, `student_id`, `institute_id`, `subject_id`, `mailId`, `mailSub`, `mailBody`, `mailSave`, `mailAtt`, `created_at`, `updated_at`) VALUES
(1, 7, 3, 2, 1, '1', '1', '0.5', '1', '0', '2022-02-12 10:23:51', '2022-02-12 10:23:51'),
(2, 11, 3, 2, 1, '1', '1', '1', '1', '0', '2022-02-14 11:48:49', '2022-02-14 11:48:49'),
(3, 29, 3, 2, 1, '1', '1', '0', '1', '1', '2022-02-15 10:27:22', '2022-02-15 10:27:22'),
(4, 33, 3, 2, 1, '1', '0', '1', '1', '1', '2022-02-22 10:22:34', '2022-02-22 10:22:34'),
(5, 74, 11, 2, 1, '1', '1', '0', '1', '1', '2022-04-05 10:15:14', '2022-04-05 10:15:14'),
(6, 78, 12, 2, 1, '1', '0', '0', '1', '1', '2022-05-03 12:22:22', '2022-05-03 12:22:22'),
(7, 91, 7, 2, 1, '0', '0', '0', '1', '1', '2022-05-19 12:57:01', '2022-05-19 12:57:01'),
(8, 96, 7, 2, 1, '1', '1', '0', '1', '1', '2022-05-20 09:51:04', '2022-05-20 09:51:04'),
(9, 103, 7, 2, 1, '0', '0', '0', '1', '1', '2022-05-20 13:01:16', '2022-05-20 13:01:16'),
(10, 1, 7, 2, 1, '0', '0', '0.5', '1', '0', '2023-09-26 09:44:56', '2023-09-26 09:44:56'),
(11, 2, 7, 2, 1, '0', '0', '0', '1', '0', '2023-09-26 09:45:06', '2023-09-26 09:45:06'),
(12, 3, 7, 2, 1, '1', '1', '0', '1', '1', '2023-09-26 10:12:44', '2023-09-26 10:12:44'),
(13, 4, 7, 2, 1, '0', '0', '0', '1', '0', '2023-09-26 10:14:32', '2023-09-26 10:14:32'),
(14, 5, 7, 2, 1, '0', '0', '0', '1', '0', '2023-09-26 10:18:05', '2023-09-26 10:18:05'),
(15, 6, 7, 2, 1, '0', '0', '0', '1', '0', '2023-09-26 10:32:04', '2023-09-26 10:32:04'),
(16, 7, 7, 2, 1, '0', '0', '0', '1', '0', '2023-09-26 10:33:24', '2023-09-26 10:33:24'),
(17, 12, 7, 2, 1, '0', '0', '0', '1', '0', '2023-09-27 06:57:34', '2023-09-27 06:57:34'),
(18, 13, 7, 2, 1, '0', '0', '0', '1', '0', '2023-09-27 07:01:45', '2023-09-27 07:01:45'),
(19, 14, 7, 2, 1, '0', '0', '0', '1', '0', '2023-09-27 07:04:28', '2023-09-27 07:04:28'),
(20, 15, 7, 2, 1, '0', '0', '0', '1', '0', '2023-09-27 07:12:34', '2023-09-27 07:12:34'),
(21, 18, 7, 2, 1, '0', '0', '0', '1', '0', '2023-09-27 11:49:35', '2023-09-27 11:49:35');

-- --------------------------------------------------------

--
-- Table structure for table `email40test_results`
--

CREATE TABLE `email40test_results` (
  `id` bigint(20) UNSIGNED NOT NULL,
  `typing_test_result_id` bigint(20) UNSIGNED NOT NULL,
  `student_id` bigint(20) UNSIGNED NOT NULL,
  `institute_id` bigint(20) UNSIGNED NOT NULL,
  `subject_id` bigint(20) UNSIGNED NOT NULL,
  `EmailSend` varchar(255) NOT NULL,
  `EmailTo` varchar(255) NOT NULL,
  `EmailCc` varchar(255) NOT NULL,
  `EmailBcc` varchar(255) NOT NULL,
  `EmailSubject` varchar(255) NOT NULL,
  `EmailBody` varchar(255) NOT NULL,
  `EmailAtt1` varchar(255) NOT NULL,
  `EmailAtt2` varchar(255) NOT NULL,
  `created_at` timestamp NULL DEFAULT NULL,
  `updated_at` timestamp NULL DEFAULT NULL
) ENGINE=InnoDB DEFAULT CHARSET=utf8mb4 COLLATE=utf8mb4_unicode_ci;

--
-- Dumping data for table `email40test_results`
--

INSERT INTO `email40test_results` (`id`, `typing_test_result_id`, `student_id`, `institute_id`, `subject_id`, `EmailSend`, `EmailTo`, `EmailCc`, `EmailBcc`, `EmailSubject`, `EmailBody`, `EmailAtt1`, `EmailAtt2`, `created_at`, `updated_at`) VALUES
(1, 83, 3, 2, 2, '1', '0', '0', '1', '1.5', '1', '1.5', '0', '2022-02-22 08:00:40', '2022-02-22 08:00:40'),
(2, 84, 7, 2, 2, '1', '0', '0', '1', '1.5', '1', '1.5', '0', '2022-02-22 10:34:46', '2022-02-22 10:34:46'),
(3, 85, 10, 2, 2, '1', '0', '0', '1', '1.5', '1', '1.5', '0', '2022-02-22 10:47:19', '2022-02-22 10:47:19');

-- --------------------------------------------------------

--
-- Table structure for table `email40_results`
--

CREATE TABLE `email40_results` (
  `id` bigint(20) UNSIGNED NOT NULL,
  `typing_practise_result_id` bigint(20) UNSIGNED NOT NULL,
  `student_id` bigint(20) UNSIGNED NOT NULL,
  `institute_id` bigint(20) UNSIGNED NOT NULL,
  `subject_id` bigint(20) UNSIGNED NOT NULL,
  `EmailSend` varchar(255) NOT NULL,
  `EmailTo` varchar(255) NOT NULL,
  `EmailCc` varchar(255) NOT NULL,
  `EmailBcc` varchar(255) NOT NULL,
  `EmailSubject` varchar(255) NOT NULL,
  `EmailBody` varchar(255) NOT NULL,
  `EmailAtt1` varchar(255) NOT NULL,
  `EmailAtt2` varchar(255) NOT NULL,
  `created_at` timestamp NULL DEFAULT NULL,
  `updated_at` timestamp NULL DEFAULT NULL
) ENGINE=InnoDB DEFAULT CHARSET=utf8mb4 COLLATE=utf8mb4_unicode_ci;

--
-- Dumping data for table `email40_results`
--

INSERT INTO `email40_results` (`id`, `typing_practise_result_id`, `student_id`, `institute_id`, `subject_id`, `EmailSend`, `EmailTo`, `EmailCc`, `EmailBcc`, `EmailSubject`, `EmailBody`, `EmailAtt1`, `EmailAtt2`, `created_at`, `updated_at`) VALUES
(1, 104, 7, 2, 2, '1', '0', '0', '0', '0', '0.5', '0', '0', '2022-05-21 06:36:39', '2022-05-21 06:36:39'),
(2, 105, 7, 2, 2, '1', '0', '0', '0', '0', '0.5', '0', '0', '2022-05-21 06:56:41', '2022-05-21 06:56:41'),
(3, 106, 7, 2, 2, '1', '0', '0', '0', '0', '0.5', '0', '0', '2022-05-21 07:13:49', '2022-05-21 07:13:49'),
(4, 8, 7, 2, 2, '1', '0.5', '0', '0', '0', '0', '0.5', '0.5', '2023-09-26 11:33:12', '2023-09-26 11:33:12'),
(5, 9, 7, 2, 2, '1', '0.5', '0', '0', '0', '0', '0.5', '0.5', '2023-09-26 11:33:54', '2023-09-26 11:33:54'),
(6, 10, 7, 2, 2, '1', '0', '0', '0', '0', '0', '0.5', '0.5', '2023-09-26 11:35:45', '2023-09-26 11:35:45'),
(7, 11, 7, 2, 2, '1', '0.5', '0', '0', '0', '0', '0', '0', '2023-09-26 11:45:36', '2023-09-26 11:45:36'),
(8, 16, 7, 2, 2, '1', '0', '0', '0', '0', '0.5', '0', '0', '2023-09-27 07:20:49', '2023-09-27 07:20:49'),
(9, 17, 7, 2, 2, '1', '0', '0', '0', '0', '0', '0', '0', '2023-09-27 07:23:30', '2023-09-27 07:23:30');

-- --------------------------------------------------------

--
-- Table structure for table `exams`
--

CREATE TABLE `exams` (
  `id` bigint(20) UNSIGNED NOT NULL,
  `user_id` bigint(20) UNSIGNED NOT NULL,
  `institute_id` bigint(20) NOT NULL,
  `question_bank_no` bigint(20) NOT NULL,
  `batch_name` varchar(255) NOT NULL,
  `exam_name` varchar(255) NOT NULL,
  `subject_id` varchar(255) NOT NULL,
  `instruction` longtext NOT NULL,
  `startExam` datetime NOT NULL,
  `endExam` datetime NOT NULL,
  `duration` time NOT NULL,
  `instruction_time` time NOT NULL,
  `pass_percentage` int(11) NOT NULL,
  `result` int(11) NOT NULL DEFAULT 1 COMMENT '1 = show result,0 = not show result.',
  `created_at` timestamp NULL DEFAULT NULL,
  `updated_at` timestamp NULL DEFAULT NULL
) ENGINE=InnoDB DEFAULT CHARSET=utf8mb4 COLLATE=utf8mb4_unicode_ci;

--
-- Dumping data for table `exams`
--

INSERT INTO `exams` (`id`, `user_id`, `institute_id`, `question_bank_no`, `batch_name`, `exam_name`, `subject_id`, `instruction`, `startExam`, `endExam`, `duration`, `instruction_time`, `pass_percentage`, `result`, `created_at`, `updated_at`) VALUES
(25, 2, 2, 3, '1', '1', '1', '<p>hgm</p>', '2022-02-15 18:16:00', '2022-02-15 19:16:00', '01:00:00', '01:00:00', 10, 1, '2022-02-15 12:47:14', '2022-02-15 12:47:14');

-- --------------------------------------------------------

--
-- Table structure for table `exam_batches`
--

CREATE TABLE `exam_batches` (
  `id` bigint(20) UNSIGNED NOT NULL,
  `institute_id` bigint(20) UNSIGNED NOT NULL,
  `exam_date` varchar(255) NOT NULL,
  `subject_id` varchar(255) NOT NULL,
  `exam_name` varchar(255) NOT NULL,
  `start_time` varchar(255) NOT NULL,
  `end_time` varchar(255) NOT NULL,
  `day` varchar(255) NOT NULL,
  `batch_number` int(11) NOT NULL,
  `deleted_at` timestamp NULL DEFAULT NULL,
  `created_at` timestamp NULL DEFAULT NULL,
  `updated_at` timestamp NULL DEFAULT NULL
) ENGINE=InnoDB DEFAULT CHARSET=utf8mb4 COLLATE=utf8mb4_unicode_ci;

--
-- Dumping data for table `exam_batches`
--

INSERT INTO `exam_batches` (`id`, `institute_id`, `exam_date`, `subject_id`, `exam_name`, `start_time`, `end_time`, `day`, `batch_number`, `deleted_at`, `created_at`, `updated_at`) VALUES
(1, 2, '2022-02-15', '1', '1', '18:16', '19:00', 'Tue', 101, NULL, '2022-01-27 09:35:27', '2022-02-15 12:46:39'),
(2, 2, '2022-01-28', '2', '1', '14:00', '15:00', 'Fri', 102, NULL, '2022-01-27 09:54:31', '2022-02-04 11:40:45'),
(3, 2, '0050-05-10', '3', '1', '08:07', '04:47', 'Tue', 103, NULL, '2022-01-27 10:16:36', '2022-01-27 12:26:57'),
(4, 2, '2022-01-29', '4', '1', '12:00', '13:00', 'Sat', 104, NULL, '2022-01-27 12:27:33', '2022-01-27 12:28:22'),
(5, 2, '2022-01-30', '5', '1', '15:00', '16:00', 'Sun', 105, NULL, '2022-01-27 12:28:11', '2022-01-27 12:28:29'),
(6, 2, '2022-01-30', '6', '1', '08:00', '09:30', 'Sun', 106, NULL, '2022-01-27 12:28:57', '2022-01-27 12:28:57'),
(7, 2, '2022-01-30', '7', '1', '22:00', '23:00', 'Sun', 107, '2022-01-29 09:36:34', '2022-01-27 12:29:23', '2022-01-29 09:36:34'),
(8, 2, '2022-01-30', '7', '1', '13:00', '15:00', 'Sun', 108, '2022-01-31 06:19:08', '2022-01-29 10:15:43', '2022-01-31 06:19:08'),
(9, 2, '2022-02-05', '7', '1', '14:00', '15:00', 'Sat', 109, NULL, '2022-02-03 07:52:36', '2022-02-03 07:52:36'),
(10, 2, '2022-02-10', '1', '1', '11:00', '00:00', 'Thu', 101, '2022-02-03 10:57:52', '2022-02-03 10:37:27', '2022-02-03 10:57:52'),
(11, 2, '2022-02-05', '1', '3', '13:00', '14:00', 'Sat', 101, NULL, '2022-02-04 10:53:12', '2022-02-04 10:53:12');

-- --------------------------------------------------------

--
-- Table structure for table `exam_names`
--

CREATE TABLE `exam_names` (
  `id` bigint(20) UNSIGNED NOT NULL,
  `institute_id` bigint(20) UNSIGNED NOT NULL,
  `name` varchar(255) NOT NULL,
  `deleted_at` timestamp NULL DEFAULT NULL,
  `created_at` timestamp NULL DEFAULT NULL,
  `updated_at` timestamp NULL DEFAULT NULL
) ENGINE=InnoDB DEFAULT CHARSET=utf8mb4 COLLATE=utf8mb4_unicode_ci;

--
-- Dumping data for table `exam_names`
--

INSERT INTO `exam_names` (`id`, `institute_id`, `name`, `deleted_at`, `created_at`, `updated_at`) VALUES
(1, 2, 'Demo Exam', NULL, '2022-01-27 08:30:43', '2022-02-02 11:45:49'),
(2, 2, 'Demo Exam', '2022-02-03 07:51:49', '2022-02-02 11:45:30', '2022-02-03 07:51:49'),
(3, 2, 'FEB-Demo Exam', NULL, '2022-02-04 10:10:42', '2022-02-04 10:10:42');

-- --------------------------------------------------------

--
-- Table structure for table `exam_students`
--

CREATE TABLE `exam_students` (
  `id` bigint(20) UNSIGNED NOT NULL,
  `user_id` bigint(20) UNSIGNED NOT NULL,
  `student_batch_allocation_id` bigint(20) UNSIGNED NOT NULL,
  `created_at` timestamp NULL DEFAULT NULL,
  `updated_at` timestamp NULL DEFAULT NULL
) ENGINE=InnoDB DEFAULT CHARSET=utf8mb4 COLLATE=utf8mb4_unicode_ci;

--
-- Dumping data for table `exam_students`
--

INSERT INTO `exam_students` (`id`, `user_id`, `student_batch_allocation_id`, `created_at`, `updated_at`) VALUES
(1, 3, 1, '2022-02-04 11:55:42', '2022-02-04 11:55:42'),
(2, 8, 1, '2022-02-04 11:55:43', '2022-02-04 11:55:43'),
(3, 3, 2, '2022-02-04 11:56:47', '2022-02-04 11:56:47'),
(4, 8, 2, '2022-02-04 11:56:47', '2022-02-04 11:56:47'),
(5, 10, 2, '2022-02-04 11:56:47', '2022-02-04 11:56:47'),
(7, 3, 3, '2022-02-04 11:57:34', '2022-02-04 11:57:34'),
(8, 10, 3, '2022-02-04 11:57:34', '2022-02-04 11:57:34'),
(9, 8, 3, '2022-02-04 11:57:34', '2022-02-04 11:57:34'),
(10, 3, 4, '2022-02-05 05:28:15', '2022-02-05 05:28:15'),
(11, 7, 4, '2022-02-05 05:28:15', '2022-02-05 05:28:15'),
(13, 10, 5, '2022-02-07 11:54:48', '2022-02-07 11:54:48'),
(14, 7, 6, '2022-02-15 12:12:28', '2022-02-15 12:12:28'),
(15, 9, 6, '2022-02-15 12:12:28', '2022-02-15 12:12:28'),
(17, 3, 7, '2022-02-15 12:15:24', '2022-02-15 12:15:24'),
(18, 8, 7, '2022-02-15 12:15:24', '2022-02-15 12:15:24'),
(19, 10, 7, '2022-02-15 12:15:24', '2022-02-15 12:15:24'),
(20, 7, 8, '2022-05-09 07:47:42', '2022-05-09 07:47:42'),
(21, 8, 8, '2022-05-09 07:47:42', '2022-05-09 07:47:42'),
(22, 12, 9, '2022-05-09 07:58:35', '2022-05-09 07:58:35'),
(23, 10, 10, '2022-05-14 11:54:01', '2022-05-14 11:54:01'),
(24, 9, 10, '2022-05-14 11:54:01', '2022-05-14 11:54:01');

-- --------------------------------------------------------

--
-- Table structure for table `failed_jobs`
--

CREATE TABLE `failed_jobs` (
  `id` bigint(20) UNSIGNED NOT NULL,
  `uuid` varchar(255) NOT NULL,
  `connection` text NOT NULL,
  `queue` text NOT NULL,
  `payload` longtext NOT NULL,
  `exception` longtext NOT NULL,
  `failed_at` timestamp NOT NULL DEFAULT current_timestamp()
) ENGINE=InnoDB DEFAULT CHARSET=utf8mb4 COLLATE=utf8mb4_unicode_ci;

-- --------------------------------------------------------

--
-- Table structure for table `grnumbers`
--

CREATE TABLE `grnumbers` (
  `id` bigint(20) UNSIGNED NOT NULL,
  `institute_id` bigint(20) UNSIGNED NOT NULL,
  `grnumber` varchar(255) NOT NULL,
  `created_at` timestamp NULL DEFAULT NULL,
  `updated_at` timestamp NULL DEFAULT NULL
) ENGINE=InnoDB DEFAULT CHARSET=utf8mb4 COLLATE=utf8mb4_unicode_ci;

--
-- Dumping data for table `grnumbers`
--

INSERT INTO `grnumbers` (`id`, `institute_id`, `grnumber`, `created_at`, `updated_at`) VALUES
(1, 2, '101', '2022-01-20 07:46:38', '2022-01-20 07:46:38');

-- --------------------------------------------------------

--
-- Table structure for table `halltickets`
--

CREATE TABLE `halltickets` (
  `id` bigint(20) UNSIGNED NOT NULL,
  `institute_id` bigint(20) UNSIGNED NOT NULL,
  `student_id` bigint(20) UNSIGNED NOT NULL,
  `subject_id` varchar(255) NOT NULL,
  `exam_date` varchar(255) NOT NULL,
  `start_time` varchar(255) NOT NULL,
  `end_time` varchar(255) NOT NULL,
  `day` varchar(255) NOT NULL,
  `batch` varchar(255) NOT NULL,
  `created_at` timestamp NULL DEFAULT NULL,
  `updated_at` timestamp NULL DEFAULT NULL
) ENGINE=InnoDB DEFAULT CHARSET=utf8mb4 COLLATE=utf8mb4_unicode_ci;

-- --------------------------------------------------------

--
-- Table structure for table `handicaps`
--

CREATE TABLE `handicaps` (
  `id` bigint(20) UNSIGNED NOT NULL,
  `name` varchar(255) NOT NULL,
  `created_at` timestamp NULL DEFAULT NULL,
  `updated_at` timestamp NULL DEFAULT NULL
) ENGINE=InnoDB DEFAULT CHARSET=utf8mb4 COLLATE=utf8mb4_unicode_ci;

-- --------------------------------------------------------

--
-- Table structure for table `homekeys`
--

CREATE TABLE `homekeys` (
  `id` bigint(20) UNSIGNED NOT NULL,
  `institute_id` bigint(20) NOT NULL,
  `language_id` varchar(255) NOT NULL,
  `name` varchar(255) NOT NULL,
  `desc` text NOT NULL,
  `created_at` timestamp NULL DEFAULT NULL,
  `updated_at` timestamp NULL DEFAULT NULL
) ENGINE=InnoDB DEFAULT CHARSET=utf8mb4 COLLATE=utf8mb4_unicode_ci;

-- --------------------------------------------------------

--
-- Table structure for table `home_key_results`
--

CREATE TABLE `home_key_results` (
  `id` bigint(20) UNSIGNED NOT NULL,
  `student_id` bigint(20) NOT NULL,
  `institute_id` bigint(20) NOT NULL,
  `language_id` bigint(20) NOT NULL,
  `homekey_id` bigint(20) NOT NULL,
  `speed` bigint(20) NOT NULL,
  `wordsCount` bigint(20) NOT NULL,
  `correctWords` bigint(20) NOT NULL,
  `time` bigint(20) NOT NULL,
  `acc` bigint(20) NOT NULL,
  `created_at` timestamp NULL DEFAULT NULL,
  `updated_at` timestamp NULL DEFAULT NULL
) ENGINE=InnoDB DEFAULT CHARSET=utf8mb4 COLLATE=utf8mb4_unicode_ci;

-- --------------------------------------------------------

--
-- Table structure for table `incrments`
--

CREATE TABLE `incrments` (
  `id` bigint(20) UNSIGNED NOT NULL,
  `number` int(11) NOT NULL,
  `created_at` timestamp NULL DEFAULT NULL,
  `updated_at` timestamp NULL DEFAULT NULL
) ENGINE=InnoDB DEFAULT CHARSET=utf8mb4 COLLATE=utf8mb4_unicode_ci;

-- --------------------------------------------------------

--
-- Table structure for table `institutes`
--

CREATE TABLE `institutes` (
  `id` bigint(20) UNSIGNED NOT NULL,
  `user_id` bigint(20) UNSIGNED NOT NULL,
  `principle_name` varchar(255) NOT NULL,
  `principle_mob` bigint(20) NOT NULL,
  `principle_email` varchar(255) NOT NULL,
  `address` text NOT NULL,
  `course_id` varchar(255) NOT NULL,
  `start_time` varchar(255) NOT NULL,
  `end_time` varchar(255) NOT NULL,
  `pc` int(11) NOT NULL,
  `institute_code` int(11) NOT NULL,
  `inst_logo` varchar(255) DEFAULT NULL,
  `status` tinyint(1) NOT NULL DEFAULT 1,
  `created_at` timestamp NULL DEFAULT NULL,
  `updated_at` timestamp NULL DEFAULT NULL
) ENGINE=InnoDB DEFAULT CHARSET=utf8mb4 COLLATE=utf8mb4_unicode_ci;

--
-- Dumping data for table `institutes`
--

INSERT INTO `institutes` (`id`, `user_id`, `principle_name`, `principle_mob`, `principle_email`, `address`, `course_id`, `start_time`, `end_time`, `pc`, `institute_code`, `inst_logo`, `status`, `created_at`, `updated_at`) VALUES
(1, 2, 'Wankar', 8789685962, 'wankarinstitute12@gmail.com', 'Nagpur', '1', '10:00', '19:00', 5, 7852, '1642664543.jpg', 1, '2022-01-20 07:42:23', '2022-01-20 07:42:23'),
(2, 4, 'SIPNA', 7485965874, 'sipna12@gmail.com', 'Nagpur', '2 , 3 , 4', '10:00', '08:00', 21, 147859, '1642671142.jpg', 1, '2022-01-20 09:32:22', '2022-01-20 09:32:22');

-- --------------------------------------------------------

--
-- Table structure for table `institute_courses`
--

CREATE TABLE `institute_courses` (
  `id` bigint(20) UNSIGNED NOT NULL,
  `institute_id` bigint(20) UNSIGNED NOT NULL,
  `course_id` varchar(255) NOT NULL,
  `created_at` timestamp NULL DEFAULT NULL,
  `updated_at` timestamp NULL DEFAULT NULL
) ENGINE=InnoDB DEFAULT CHARSET=utf8mb4 COLLATE=utf8mb4_unicode_ci;

--
-- Dumping data for table `institute_courses`
--

INSERT INTO `institute_courses` (`id`, `institute_id`, `course_id`, `created_at`, `updated_at`) VALUES
(1, 1, '1', '2022-01-20 07:42:24', '2022-01-20 07:42:24'),
(2, 2, '2', '2022-01-20 09:32:22', '2022-01-20 09:32:22'),
(3, 2, '3', '2022-01-20 09:32:22', '2022-01-20 09:32:22'),
(4, 2, '4', '2022-01-20 09:32:23', '2022-01-20 09:32:23');

-- --------------------------------------------------------

--
-- Table structure for table `instructorpayments`
--

CREATE TABLE `instructorpayments` (
  `id` bigint(20) UNSIGNED NOT NULL,
  `institute_id` bigint(20) UNSIGNED NOT NULL,
  `instructor_id` bigint(20) UNSIGNED NOT NULL,
  `name` varchar(255) NOT NULL,
  `amount` varchar(255) NOT NULL,
  `mode` int(11) NOT NULL COMMENT '1 = cash,2 = other',
  `cheque_number` varchar(255) DEFAULT NULL,
  `cheque_date` date DEFAULT NULL,
  `created_at` timestamp NULL DEFAULT NULL,
  `updated_at` timestamp NULL DEFAULT NULL
) ENGINE=InnoDB DEFAULT CHARSET=utf8mb4 COLLATE=utf8mb4_unicode_ci;

--
-- Dumping data for table `instructorpayments`
--

INSERT INTO `instructorpayments` (`id`, `institute_id`, `instructor_id`, `name`, `amount`, `mode`, `cheque_number`, `cheque_date`, `created_at`, `updated_at`) VALUES
(1, 2, 1, '5', '5000', 1, NULL, NULL, '2022-02-15 11:50:42', '2022-02-15 11:50:42');

-- --------------------------------------------------------

--
-- Table structure for table `instructors`
--

CREATE TABLE `instructors` (
  `id` bigint(20) UNSIGNED NOT NULL,
  `user_id` bigint(20) UNSIGNED NOT NULL,
  `institute_id` bigint(20) UNSIGNED NOT NULL,
  `inst_id` bigint(20) UNSIGNED NOT NULL,
  `father_name` varchar(255) NOT NULL,
  `mother_name` varchar(255) NOT NULL,
  `phone_no` varchar(255) NOT NULL,
  `gender` varchar(255) NOT NULL,
  `address` text NOT NULL,
  `stream` varchar(255) NOT NULL,
  `university` varchar(255) NOT NULL,
  `passingyear` varchar(255) NOT NULL,
  `percent` varchar(255) NOT NULL,
  `grade` varchar(255) NOT NULL,
  `identity_img` varchar(255) DEFAULT NULL,
  `status` tinyint(1) NOT NULL DEFAULT 1,
  `created_at` timestamp NULL DEFAULT NULL,
  `updated_at` timestamp NULL DEFAULT NULL
) ENGINE=InnoDB DEFAULT CHARSET=utf8mb4 COLLATE=utf8mb4_unicode_ci;

--
-- Dumping data for table `instructors`
--

INSERT INTO `instructors` (`id`, `user_id`, `institute_id`, `inst_id`, `father_name`, `mother_name`, `phone_no`, `gender`, `address`, `stream`, `university`, `passingyear`, `percent`, `grade`, `identity_img`, `status`, `created_at`, `updated_at`) VALUES
(1, 5, 2, 1, 'Prakash', 'lata', '9921900509', 'male', 'Nagpur', 'IT', 'SGBAU', '2019', '98.5', 'A', '1642671495.png', 1, '2022-01-20 09:38:15', '2022-01-20 09:38:15');

-- --------------------------------------------------------

--
-- Table structure for table `isessions`
--

CREATE TABLE `isessions` (
  `id` bigint(20) UNSIGNED NOT NULL,
  `start_session` varchar(255) NOT NULL,
  `end_session` varchar(255) NOT NULL,
  `active` varchar(255) NOT NULL DEFAULT '0',
  `deleted_at` timestamp NULL DEFAULT NULL,
  `created_at` timestamp NULL DEFAULT NULL,
  `updated_at` timestamp NULL DEFAULT NULL
) ENGINE=InnoDB DEFAULT CHARSET=utf8mb4 COLLATE=utf8mb4_unicode_ci;

--
-- Dumping data for table `isessions`
--

INSERT INTO `isessions` (`id`, `start_session`, `end_session`, `active`, `deleted_at`, `created_at`, `updated_at`) VALUES
(1, '1', '6', '0', NULL, '2022-01-20 07:39:17', '2022-01-20 07:39:17'),
(2, '6', '12', '0', NULL, '2022-01-20 07:39:18', '2022-01-20 07:39:18');

-- --------------------------------------------------------

--
-- Table structure for table `itimings`
--

CREATE TABLE `itimings` (
  `id` bigint(20) UNSIGNED NOT NULL,
  `institute_id` bigint(20) UNSIGNED NOT NULL,
  `start_time` varchar(255) NOT NULL,
  `end_time` varchar(255) NOT NULL,
  `created_at` timestamp NULL DEFAULT NULL,
  `updated_at` timestamp NULL DEFAULT NULL
) ENGINE=InnoDB DEFAULT CHARSET=utf8mb4 COLLATE=utf8mb4_unicode_ci;

--
-- Dumping data for table `itimings`
--

INSERT INTO `itimings` (`id`, `institute_id`, `start_time`, `end_time`, `created_at`, `updated_at`) VALUES
(1, 2, '10:00', '11:00', '2022-01-20 07:43:25', '2022-01-20 07:43:25'),
(2, 2, '11:00', '12:00', '2022-01-20 07:43:34', '2022-01-20 07:43:34'),
(3, 2, '12:00', '13:00', '2022-01-20 07:43:45', '2022-01-20 07:43:45'),
(4, 2, '13:00', '14:00', '2022-01-20 07:43:55', '2022-01-20 07:43:55'),
(5, 2, '14:00', '15:00', '2022-01-20 07:44:04', '2022-01-20 07:44:04'),
(6, 2, '15:00', '16:00', '2022-01-20 07:44:13', '2022-01-20 07:44:13'),
(7, 2, '16:00', '17:00', '2022-01-20 07:44:21', '2022-01-20 07:44:21'),
(8, 2, '17:00', '18:00', '2022-01-20 07:44:46', '2022-01-20 07:44:46'),
(9, 2, '18:00', '19:00', '2022-01-20 07:44:57', '2022-01-20 07:44:57'),
(10, 2, '19:00', '20:00', '2022-05-07 10:22:54', '2022-05-07 10:22:54'),
(11, 2, '20:00', '21:00', '2022-05-07 10:26:11', '2022-05-07 10:26:11'),
(12, 2, '22:00', '23:00', '2022-05-10 13:14:21', '2022-05-10 13:14:21');

-- --------------------------------------------------------

--
-- Table structure for table `jobs`
--

CREATE TABLE `jobs` (
  `id` bigint(20) UNSIGNED NOT NULL,
  `queue` varchar(255) NOT NULL,
  `payload` longtext NOT NULL,
  `attempts` tinyint(3) UNSIGNED NOT NULL,
  `reserved_at` int(10) UNSIGNED DEFAULT NULL,
  `available_at` int(10) UNSIGNED NOT NULL,
  `created_at` int(10) UNSIGNED NOT NULL
) ENGINE=InnoDB DEFAULT CHARSET=utf8mb4 COLLATE=utf8mb4_unicode_ci;

--
-- Dumping data for table `jobs`
--

INSERT INTO `jobs` (`id`, `queue`, `payload`, `attempts`, `reserved_at`, `available_at`, `created_at`) VALUES
(1, 'default', '{\"uuid\":\"e1cddf13-3dc4-4dd7-afc5-55f1d1b978c5\",\"displayName\":\"App\\\\Mail\\\\VerifyOtp\",\"job\":\"Illuminate\\\\Queue\\\\CallQueuedHandler@call\",\"maxTries\":null,\"maxExceptions\":null,\"failOnTimeout\":false,\"backoff\":null,\"timeout\":null,\"retryUntil\":null,\"data\":{\"commandName\":\"Illuminate\\\\Mail\\\\SendQueuedMailable\",\"command\":\"O:34:\\\"Illuminate\\\\Mail\\\\SendQueuedMailable\\\":13:{s:8:\\\"mailable\\\";O:18:\\\"App\\\\Mail\\\\VerifyOtp\\\":29:{s:7:\\\"details\\\";a:2:{s:3:\\\"otp\\\";i:7495;s:4:\\\"body\\\";s:10:\\\"Thank You!\\\";}s:6:\\\"locale\\\";N;s:4:\\\"from\\\";a:0:{}s:2:\\\"to\\\";a:1:{i:0;a:2:{s:4:\\\"name\\\";N;s:7:\\\"address\\\";s:15:\\\"admin@gmail.com\\\";}}s:2:\\\"cc\\\";a:0:{}s:3:\\\"bcc\\\";a:0:{}s:7:\\\"replyTo\\\";a:0:{}s:7:\\\"subject\\\";N;s:8:\\\"markdown\\\";N;s:7:\\\"\\u0000*\\u0000html\\\";N;s:4:\\\"view\\\";N;s:8:\\\"textView\\\";N;s:8:\\\"viewData\\\";a:0:{}s:11:\\\"attachments\\\";a:0:{}s:14:\\\"rawAttachments\\\";a:0:{}s:15:\\\"diskAttachments\\\";a:0:{}s:9:\\\"callbacks\\\";a:0:{}s:5:\\\"theme\\\";N;s:6:\\\"mailer\\\";s:4:\\\"smtp\\\";s:29:\\\"\\u0000*\\u0000assertionableRenderStrings\\\";N;s:10:\\\"connection\\\";N;s:5:\\\"queue\\\";N;s:15:\\\"chainConnection\\\";N;s:10:\\\"chainQueue\\\";N;s:19:\\\"chainCatchCallbacks\\\";N;s:5:\\\"delay\\\";N;s:11:\\\"afterCommit\\\";N;s:10:\\\"middleware\\\";a:0:{}s:7:\\\"chained\\\";a:0:{}}s:5:\\\"tries\\\";N;s:7:\\\"timeout\\\";N;s:17:\\\"shouldBeEncrypted\\\";b:0;s:10:\\\"connection\\\";N;s:5:\\\"queue\\\";N;s:15:\\\"chainConnection\\\";N;s:10:\\\"chainQueue\\\";N;s:19:\\\"chainCatchCallbacks\\\";N;s:5:\\\"delay\\\";N;s:11:\\\"afterCommit\\\";N;s:10:\\\"middleware\\\";a:0:{}s:7:\\\"chained\\\";a:0:{}}\"}}', 0, NULL, 1642664375, 1642664375),
(2, 'default', '{\"uuid\":\"e9cb9576-1231-40e5-8c0b-61d67833a56d\",\"displayName\":\"App\\\\Mail\\\\VerifyOtp\",\"job\":\"Illuminate\\\\Queue\\\\CallQueuedHandler@call\",\"maxTries\":null,\"maxExceptions\":null,\"failOnTimeout\":false,\"backoff\":null,\"timeout\":null,\"retryUntil\":null,\"data\":{\"commandName\":\"Illuminate\\\\Mail\\\\SendQueuedMailable\",\"command\":\"O:34:\\\"Illuminate\\\\Mail\\\\SendQueuedMailable\\\":13:{s:8:\\\"mailable\\\";O:18:\\\"App\\\\Mail\\\\VerifyOtp\\\":29:{s:7:\\\"details\\\";a:2:{s:3:\\\"otp\\\";i:6001;s:4:\\\"body\\\";s:10:\\\"Thank You!\\\";}s:6:\\\"locale\\\";N;s:4:\\\"from\\\";a:0:{}s:2:\\\"to\\\";a:1:{i:0;a:2:{s:4:\\\"name\\\";N;s:7:\\\"address\\\";s:15:\\\"admin@gmail.com\\\";}}s:2:\\\"cc\\\";a:0:{}s:3:\\\"bcc\\\";a:0:{}s:7:\\\"replyTo\\\";a:0:{}s:7:\\\"subject\\\";N;s:8:\\\"markdown\\\";N;s:7:\\\"\\u0000*\\u0000html\\\";N;s:4:\\\"view\\\";N;s:8:\\\"textView\\\";N;s:8:\\\"viewData\\\";a:0:{}s:11:\\\"attachments\\\";a:0:{}s:14:\\\"rawAttachments\\\";a:0:{}s:15:\\\"diskAttachments\\\";a:0:{}s:9:\\\"callbacks\\\";a:0:{}s:5:\\\"theme\\\";N;s:6:\\\"mailer\\\";s:4:\\\"smtp\\\";s:29:\\\"\\u0000*\\u0000assertionableRenderStrings\\\";N;s:10:\\\"connection\\\";N;s:5:\\\"queue\\\";N;s:15:\\\"chainConnection\\\";N;s:10:\\\"chainQueue\\\";N;s:19:\\\"chainCatchCallbacks\\\";N;s:5:\\\"delay\\\";N;s:11:\\\"afterCommit\\\";N;s:10:\\\"middleware\\\";a:0:{}s:7:\\\"chained\\\";a:0:{}}s:5:\\\"tries\\\";N;s:7:\\\"timeout\\\";N;s:17:\\\"shouldBeEncrypted\\\";b:0;s:10:\\\"connection\\\";N;s:5:\\\"queue\\\";N;s:15:\\\"chainConnection\\\";N;s:10:\\\"chainQueue\\\";N;s:19:\\\"chainCatchCallbacks\\\";N;s:5:\\\"delay\\\";N;s:11:\\\"afterCommit\\\";N;s:10:\\\"middleware\\\";a:0:{}s:7:\\\"chained\\\";a:0:{}}\"}}', 0, NULL, 1642670989, 1642670989),
(3, 'default', '{\"uuid\":\"ba023f8e-c1bb-4532-9432-e4ddc484c6fa\",\"displayName\":\"App\\\\Mail\\\\VerifyOtp\",\"job\":\"Illuminate\\\\Queue\\\\CallQueuedHandler@call\",\"maxTries\":null,\"maxExceptions\":null,\"failOnTimeout\":false,\"backoff\":null,\"timeout\":null,\"retryUntil\":null,\"data\":{\"commandName\":\"Illuminate\\\\Mail\\\\SendQueuedMailable\",\"command\":\"O:34:\\\"Illuminate\\\\Mail\\\\SendQueuedMailable\\\":13:{s:8:\\\"mailable\\\";O:18:\\\"App\\\\Mail\\\\VerifyOtp\\\":29:{s:7:\\\"details\\\";a:2:{s:3:\\\"otp\\\";i:3161;s:4:\\\"body\\\";s:10:\\\"Thank You!\\\";}s:6:\\\"locale\\\";N;s:4:\\\"from\\\";a:0:{}s:2:\\\"to\\\";a:1:{i:0;a:2:{s:4:\\\"name\\\";N;s:7:\\\"address\\\";s:15:\\\"admin@gmail.com\\\";}}s:2:\\\"cc\\\";a:0:{}s:3:\\\"bcc\\\";a:0:{}s:7:\\\"replyTo\\\";a:0:{}s:7:\\\"subject\\\";N;s:8:\\\"markdown\\\";N;s:7:\\\"\\u0000*\\u0000html\\\";N;s:4:\\\"view\\\";N;s:8:\\\"textView\\\";N;s:8:\\\"viewData\\\";a:0:{}s:11:\\\"attachments\\\";a:0:{}s:14:\\\"rawAttachments\\\";a:0:{}s:15:\\\"diskAttachments\\\";a:0:{}s:9:\\\"callbacks\\\";a:0:{}s:5:\\\"theme\\\";N;s:6:\\\"mailer\\\";s:4:\\\"smtp\\\";s:29:\\\"\\u0000*\\u0000assertionableRenderStrings\\\";N;s:10:\\\"connection\\\";N;s:5:\\\"queue\\\";N;s:15:\\\"chainConnection\\\";N;s:10:\\\"chainQueue\\\";N;s:19:\\\"chainCatchCallbacks\\\";N;s:5:\\\"delay\\\";N;s:11:\\\"afterCommit\\\";N;s:10:\\\"middleware\\\";a:0:{}s:7:\\\"chained\\\";a:0:{}}s:5:\\\"tries\\\";N;s:7:\\\"timeout\\\";N;s:17:\\\"shouldBeEncrypted\\\";b:0;s:10:\\\"connection\\\";N;s:5:\\\"queue\\\";N;s:15:\\\"chainConnection\\\";N;s:10:\\\"chainQueue\\\";N;s:19:\\\"chainCatchCallbacks\\\";N;s:5:\\\"delay\\\";N;s:11:\\\"afterCommit\\\";N;s:10:\\\"middleware\\\";a:0:{}s:7:\\\"chained\\\";a:0:{}}\"}}', 0, NULL, 1644498331, 1644498331),
(4, 'default', '{\"uuid\":\"18bb6aff-82c6-49c9-84bd-927dcd61dcab\",\"displayName\":\"App\\\\Mail\\\\VerifyOtp\",\"job\":\"Illuminate\\\\Queue\\\\CallQueuedHandler@call\",\"maxTries\":null,\"maxExceptions\":null,\"failOnTimeout\":false,\"backoff\":null,\"timeout\":null,\"retryUntil\":null,\"data\":{\"commandName\":\"Illuminate\\\\Mail\\\\SendQueuedMailable\",\"command\":\"O:34:\\\"Illuminate\\\\Mail\\\\SendQueuedMailable\\\":13:{s:8:\\\"mailable\\\";O:18:\\\"App\\\\Mail\\\\VerifyOtp\\\":29:{s:7:\\\"details\\\";a:2:{s:3:\\\"otp\\\";i:8413;s:4:\\\"body\\\";s:10:\\\"Thank You!\\\";}s:6:\\\"locale\\\";N;s:4:\\\"from\\\";a:0:{}s:2:\\\"to\\\";a:1:{i:0;a:2:{s:4:\\\"name\\\";N;s:7:\\\"address\\\";s:15:\\\"admin@gmail.com\\\";}}s:2:\\\"cc\\\";a:0:{}s:3:\\\"bcc\\\";a:0:{}s:7:\\\"replyTo\\\";a:0:{}s:7:\\\"subject\\\";N;s:8:\\\"markdown\\\";N;s:7:\\\"\\u0000*\\u0000html\\\";N;s:4:\\\"view\\\";N;s:8:\\\"textView\\\";N;s:8:\\\"viewData\\\";a:0:{}s:11:\\\"attachments\\\";a:0:{}s:14:\\\"rawAttachments\\\";a:0:{}s:15:\\\"diskAttachments\\\";a:0:{}s:9:\\\"callbacks\\\";a:0:{}s:5:\\\"theme\\\";N;s:6:\\\"mailer\\\";s:4:\\\"smtp\\\";s:29:\\\"\\u0000*\\u0000assertionableRenderStrings\\\";N;s:10:\\\"connection\\\";N;s:5:\\\"queue\\\";N;s:15:\\\"chainConnection\\\";N;s:10:\\\"chainQueue\\\";N;s:19:\\\"chainCatchCallbacks\\\";N;s:5:\\\"delay\\\";N;s:11:\\\"afterCommit\\\";N;s:10:\\\"middleware\\\";a:0:{}s:7:\\\"chained\\\";a:0:{}}s:5:\\\"tries\\\";N;s:7:\\\"timeout\\\";N;s:17:\\\"shouldBeEncrypted\\\";b:0;s:10:\\\"connection\\\";N;s:5:\\\"queue\\\";N;s:15:\\\"chainConnection\\\";N;s:10:\\\"chainQueue\\\";N;s:19:\\\"chainCatchCallbacks\\\";N;s:5:\\\"delay\\\";N;s:11:\\\"afterCommit\\\";N;s:10:\\\"middleware\\\";a:0:{}s:7:\\\"chained\\\";a:0:{}}\"}}', 0, NULL, 1644498561, 1644498561),
(5, 'default', '{\"uuid\":\"84d1ec79-1c5e-419f-b925-d85bf8fc811c\",\"displayName\":\"App\\\\Mail\\\\VerifyOtp\",\"job\":\"Illuminate\\\\Queue\\\\CallQueuedHandler@call\",\"maxTries\":null,\"maxExceptions\":null,\"failOnTimeout\":false,\"backoff\":null,\"timeout\":null,\"retryUntil\":null,\"data\":{\"commandName\":\"Illuminate\\\\Mail\\\\SendQueuedMailable\",\"command\":\"O:34:\\\"Illuminate\\\\Mail\\\\SendQueuedMailable\\\":13:{s:8:\\\"mailable\\\";O:18:\\\"App\\\\Mail\\\\VerifyOtp\\\":29:{s:7:\\\"details\\\";a:2:{s:3:\\\"otp\\\";i:2374;s:4:\\\"body\\\";s:10:\\\"Thank You!\\\";}s:6:\\\"locale\\\";N;s:4:\\\"from\\\";a:0:{}s:2:\\\"to\\\";a:1:{i:0;a:2:{s:4:\\\"name\\\";N;s:7:\\\"address\\\";s:15:\\\"admin@gmail.com\\\";}}s:2:\\\"cc\\\";a:0:{}s:3:\\\"bcc\\\";a:0:{}s:7:\\\"replyTo\\\";a:0:{}s:7:\\\"subject\\\";N;s:8:\\\"markdown\\\";N;s:7:\\\"\\u0000*\\u0000html\\\";N;s:4:\\\"view\\\";N;s:8:\\\"textView\\\";N;s:8:\\\"viewData\\\";a:0:{}s:11:\\\"attachments\\\";a:0:{}s:14:\\\"rawAttachments\\\";a:0:{}s:15:\\\"diskAttachments\\\";a:0:{}s:9:\\\"callbacks\\\";a:0:{}s:5:\\\"theme\\\";N;s:6:\\\"mailer\\\";s:4:\\\"smtp\\\";s:29:\\\"\\u0000*\\u0000assertionableRenderStrings\\\";N;s:10:\\\"connection\\\";N;s:5:\\\"queue\\\";N;s:15:\\\"chainConnection\\\";N;s:10:\\\"chainQueue\\\";N;s:19:\\\"chainCatchCallbacks\\\";N;s:5:\\\"delay\\\";N;s:11:\\\"afterCommit\\\";N;s:10:\\\"middleware\\\";a:0:{}s:7:\\\"chained\\\";a:0:{}}s:5:\\\"tries\\\";N;s:7:\\\"timeout\\\";N;s:17:\\\"shouldBeEncrypted\\\";b:0;s:10:\\\"connection\\\";N;s:5:\\\"queue\\\";N;s:15:\\\"chainConnection\\\";N;s:10:\\\"chainQueue\\\";N;s:19:\\\"chainCatchCallbacks\\\";N;s:5:\\\"delay\\\";N;s:11:\\\"afterCommit\\\";N;s:10:\\\"middleware\\\";a:0:{}s:7:\\\"chained\\\";a:0:{}}\"}}', 0, NULL, 1644498721, 1644498721),
(6, 'default', '{\"uuid\":\"b5a79998-7b1f-4923-9804-73fb66279752\",\"displayName\":\"App\\\\Mail\\\\VerifyOtp\",\"job\":\"Illuminate\\\\Queue\\\\CallQueuedHandler@call\",\"maxTries\":null,\"maxExceptions\":null,\"failOnTimeout\":false,\"backoff\":null,\"timeout\":null,\"retryUntil\":null,\"data\":{\"commandName\":\"Illuminate\\\\Mail\\\\SendQueuedMailable\",\"command\":\"O:34:\\\"Illuminate\\\\Mail\\\\SendQueuedMailable\\\":13:{s:8:\\\"mailable\\\";O:18:\\\"App\\\\Mail\\\\VerifyOtp\\\":29:{s:7:\\\"details\\\";a:2:{s:3:\\\"otp\\\";i:7396;s:4:\\\"body\\\";s:10:\\\"Thank You!\\\";}s:6:\\\"locale\\\";N;s:4:\\\"from\\\";a:0:{}s:2:\\\"to\\\";a:1:{i:0;a:2:{s:4:\\\"name\\\";N;s:7:\\\"address\\\";s:15:\\\"admin@gmail.com\\\";}}s:2:\\\"cc\\\";a:0:{}s:3:\\\"bcc\\\";a:0:{}s:7:\\\"replyTo\\\";a:0:{}s:7:\\\"subject\\\";N;s:8:\\\"markdown\\\";N;s:7:\\\"\\u0000*\\u0000html\\\";N;s:4:\\\"view\\\";N;s:8:\\\"textView\\\";N;s:8:\\\"viewData\\\";a:0:{}s:11:\\\"attachments\\\";a:0:{}s:14:\\\"rawAttachments\\\";a:0:{}s:15:\\\"diskAttachments\\\";a:0:{}s:9:\\\"callbacks\\\";a:0:{}s:5:\\\"theme\\\";N;s:6:\\\"mailer\\\";s:4:\\\"smtp\\\";s:29:\\\"\\u0000*\\u0000assertionableRenderStrings\\\";N;s:10:\\\"connection\\\";N;s:5:\\\"queue\\\";N;s:15:\\\"chainConnection\\\";N;s:10:\\\"chainQueue\\\";N;s:19:\\\"chainCatchCallbacks\\\";N;s:5:\\\"delay\\\";N;s:11:\\\"afterCommit\\\";N;s:10:\\\"middleware\\\";a:0:{}s:7:\\\"chained\\\";a:0:{}}s:5:\\\"tries\\\";N;s:7:\\\"timeout\\\";N;s:17:\\\"shouldBeEncrypted\\\";b:0;s:10:\\\"connection\\\";N;s:5:\\\"queue\\\";N;s:15:\\\"chainConnection\\\";N;s:10:\\\"chainQueue\\\";N;s:19:\\\"chainCatchCallbacks\\\";N;s:5:\\\"delay\\\";N;s:11:\\\"afterCommit\\\";N;s:10:\\\"middleware\\\";a:0:{}s:7:\\\"chained\\\";a:0:{}}\"}}', 0, NULL, 1644498842, 1644498842),
(7, 'default', '{\"uuid\":\"36db32a5-57d9-4ec8-be14-d1a5affe8928\",\"displayName\":\"App\\\\Mail\\\\VerifyOtp\",\"job\":\"Illuminate\\\\Queue\\\\CallQueuedHandler@call\",\"maxTries\":null,\"maxExceptions\":null,\"failOnTimeout\":false,\"backoff\":null,\"timeout\":null,\"retryUntil\":null,\"data\":{\"commandName\":\"Illuminate\\\\Mail\\\\SendQueuedMailable\",\"command\":\"O:34:\\\"Illuminate\\\\Mail\\\\SendQueuedMailable\\\":13:{s:8:\\\"mailable\\\";O:18:\\\"App\\\\Mail\\\\VerifyOtp\\\":29:{s:7:\\\"details\\\";a:2:{s:3:\\\"otp\\\";i:6911;s:4:\\\"body\\\";s:10:\\\"Thank You!\\\";}s:6:\\\"locale\\\";N;s:4:\\\"from\\\";a:0:{}s:2:\\\"to\\\";a:1:{i:0;a:2:{s:4:\\\"name\\\";N;s:7:\\\"address\\\";s:15:\\\"admin@gmail.com\\\";}}s:2:\\\"cc\\\";a:0:{}s:3:\\\"bcc\\\";a:0:{}s:7:\\\"replyTo\\\";a:0:{}s:7:\\\"subject\\\";N;s:8:\\\"markdown\\\";N;s:7:\\\"\\u0000*\\u0000html\\\";N;s:4:\\\"view\\\";N;s:8:\\\"textView\\\";N;s:8:\\\"viewData\\\";a:0:{}s:11:\\\"attachments\\\";a:0:{}s:14:\\\"rawAttachments\\\";a:0:{}s:15:\\\"diskAttachments\\\";a:0:{}s:9:\\\"callbacks\\\";a:0:{}s:5:\\\"theme\\\";N;s:6:\\\"mailer\\\";s:4:\\\"smtp\\\";s:29:\\\"\\u0000*\\u0000assertionableRenderStrings\\\";N;s:10:\\\"connection\\\";N;s:5:\\\"queue\\\";N;s:15:\\\"chainConnection\\\";N;s:10:\\\"chainQueue\\\";N;s:19:\\\"chainCatchCallbacks\\\";N;s:5:\\\"delay\\\";N;s:11:\\\"afterCommit\\\";N;s:10:\\\"middleware\\\";a:0:{}s:7:\\\"chained\\\";a:0:{}}s:5:\\\"tries\\\";N;s:7:\\\"timeout\\\";N;s:17:\\\"shouldBeEncrypted\\\";b:0;s:10:\\\"connection\\\";N;s:5:\\\"queue\\\";N;s:15:\\\"chainConnection\\\";N;s:10:\\\"chainQueue\\\";N;s:19:\\\"chainCatchCallbacks\\\";N;s:5:\\\"delay\\\";N;s:11:\\\"afterCommit\\\";N;s:10:\\\"middleware\\\";a:0:{}s:7:\\\"chained\\\";a:0:{}}\"}}', 0, NULL, 1644498888, 1644498888),
(8, 'default', '{\"uuid\":\"62a454a1-06e6-46bf-b720-eac2a7615b86\",\"displayName\":\"App\\\\Mail\\\\VerifyOtp\",\"job\":\"Illuminate\\\\Queue\\\\CallQueuedHandler@call\",\"maxTries\":null,\"maxExceptions\":null,\"failOnTimeout\":false,\"backoff\":null,\"timeout\":null,\"retryUntil\":null,\"data\":{\"commandName\":\"Illuminate\\\\Mail\\\\SendQueuedMailable\",\"command\":\"O:34:\\\"Illuminate\\\\Mail\\\\SendQueuedMailable\\\":13:{s:8:\\\"mailable\\\";O:18:\\\"App\\\\Mail\\\\VerifyOtp\\\":29:{s:7:\\\"details\\\";a:2:{s:3:\\\"otp\\\";i:4235;s:4:\\\"body\\\";s:10:\\\"Thank You!\\\";}s:6:\\\"locale\\\";N;s:4:\\\"from\\\";a:0:{}s:2:\\\"to\\\";a:1:{i:0;a:2:{s:4:\\\"name\\\";N;s:7:\\\"address\\\";s:15:\\\"admin@gmail.com\\\";}}s:2:\\\"cc\\\";a:0:{}s:3:\\\"bcc\\\";a:0:{}s:7:\\\"replyTo\\\";a:0:{}s:7:\\\"subject\\\";N;s:8:\\\"markdown\\\";N;s:7:\\\"\\u0000*\\u0000html\\\";N;s:4:\\\"view\\\";N;s:8:\\\"textView\\\";N;s:8:\\\"viewData\\\";a:0:{}s:11:\\\"attachments\\\";a:0:{}s:14:\\\"rawAttachments\\\";a:0:{}s:15:\\\"diskAttachments\\\";a:0:{}s:9:\\\"callbacks\\\";a:0:{}s:5:\\\"theme\\\";N;s:6:\\\"mailer\\\";s:4:\\\"smtp\\\";s:29:\\\"\\u0000*\\u0000assertionableRenderStrings\\\";N;s:10:\\\"connection\\\";N;s:5:\\\"queue\\\";N;s:15:\\\"chainConnection\\\";N;s:10:\\\"chainQueue\\\";N;s:19:\\\"chainCatchCallbacks\\\";N;s:5:\\\"delay\\\";N;s:11:\\\"afterCommit\\\";N;s:10:\\\"middleware\\\";a:0:{}s:7:\\\"chained\\\";a:0:{}}s:5:\\\"tries\\\";N;s:7:\\\"timeout\\\";N;s:17:\\\"shouldBeEncrypted\\\";b:0;s:10:\\\"connection\\\";N;s:5:\\\"queue\\\";N;s:15:\\\"chainConnection\\\";N;s:10:\\\"chainQueue\\\";N;s:19:\\\"chainCatchCallbacks\\\";N;s:5:\\\"delay\\\";N;s:11:\\\"afterCommit\\\";N;s:10:\\\"middleware\\\";a:0:{}s:7:\\\"chained\\\";a:0:{}}\"}}', 0, NULL, 1644924851, 1644924851),
(9, 'default', '{\"uuid\":\"52fea330-09f8-4710-8497-c2deedf0d2fd\",\"displayName\":\"App\\\\Mail\\\\VerifyOtp\",\"job\":\"Illuminate\\\\Queue\\\\CallQueuedHandler@call\",\"maxTries\":null,\"maxExceptions\":null,\"failOnTimeout\":false,\"backoff\":null,\"timeout\":null,\"retryUntil\":null,\"data\":{\"commandName\":\"Illuminate\\\\Mail\\\\SendQueuedMailable\",\"command\":\"O:34:\\\"Illuminate\\\\Mail\\\\SendQueuedMailable\\\":13:{s:8:\\\"mailable\\\";O:18:\\\"App\\\\Mail\\\\VerifyOtp\\\":29:{s:7:\\\"details\\\";a:2:{s:3:\\\"otp\\\";i:8838;s:4:\\\"body\\\";s:10:\\\"Thank You!\\\";}s:6:\\\"locale\\\";N;s:4:\\\"from\\\";a:0:{}s:2:\\\"to\\\";a:1:{i:0;a:2:{s:4:\\\"name\\\";N;s:7:\\\"address\\\";s:15:\\\"admin@gmail.com\\\";}}s:2:\\\"cc\\\";a:0:{}s:3:\\\"bcc\\\";a:0:{}s:7:\\\"replyTo\\\";a:0:{}s:7:\\\"subject\\\";N;s:8:\\\"markdown\\\";N;s:7:\\\"\\u0000*\\u0000html\\\";N;s:4:\\\"view\\\";N;s:8:\\\"textView\\\";N;s:8:\\\"viewData\\\";a:0:{}s:11:\\\"attachments\\\";a:0:{}s:14:\\\"rawAttachments\\\";a:0:{}s:15:\\\"diskAttachments\\\";a:0:{}s:9:\\\"callbacks\\\";a:0:{}s:5:\\\"theme\\\";N;s:6:\\\"mailer\\\";s:4:\\\"smtp\\\";s:29:\\\"\\u0000*\\u0000assertionableRenderStrings\\\";N;s:10:\\\"connection\\\";N;s:5:\\\"queue\\\";N;s:15:\\\"chainConnection\\\";N;s:10:\\\"chainQueue\\\";N;s:19:\\\"chainCatchCallbacks\\\";N;s:5:\\\"delay\\\";N;s:11:\\\"afterCommit\\\";N;s:10:\\\"middleware\\\";a:0:{}s:7:\\\"chained\\\";a:0:{}}s:5:\\\"tries\\\";N;s:7:\\\"timeout\\\";N;s:17:\\\"shouldBeEncrypted\\\";b:0;s:10:\\\"connection\\\";N;s:5:\\\"queue\\\";N;s:15:\\\"chainConnection\\\";N;s:10:\\\"chainQueue\\\";N;s:19:\\\"chainCatchCallbacks\\\";N;s:5:\\\"delay\\\";N;s:11:\\\"afterCommit\\\";N;s:10:\\\"middleware\\\";a:0:{}s:7:\\\"chained\\\";a:0:{}}\"}}', 0, NULL, 1646033637, 1646033637),
(10, 'default', '{\"uuid\":\"1bc01881-f48f-45db-94ce-eab24a2980c0\",\"displayName\":\"App\\\\Mail\\\\VerifyOtp\",\"job\":\"Illuminate\\\\Queue\\\\CallQueuedHandler@call\",\"maxTries\":null,\"maxExceptions\":null,\"failOnTimeout\":false,\"backoff\":null,\"timeout\":null,\"retryUntil\":null,\"data\":{\"commandName\":\"Illuminate\\\\Mail\\\\SendQueuedMailable\",\"command\":\"O:34:\\\"Illuminate\\\\Mail\\\\SendQueuedMailable\\\":13:{s:8:\\\"mailable\\\";O:18:\\\"App\\\\Mail\\\\VerifyOtp\\\":29:{s:7:\\\"details\\\";a:2:{s:3:\\\"otp\\\";i:1386;s:4:\\\"body\\\";s:10:\\\"Thank You!\\\";}s:6:\\\"locale\\\";N;s:4:\\\"from\\\";a:0:{}s:2:\\\"to\\\";a:1:{i:0;a:2:{s:4:\\\"name\\\";N;s:7:\\\"address\\\";s:15:\\\"admin@gmail.com\\\";}}s:2:\\\"cc\\\";a:0:{}s:3:\\\"bcc\\\";a:0:{}s:7:\\\"replyTo\\\";a:0:{}s:7:\\\"subject\\\";N;s:8:\\\"markdown\\\";N;s:7:\\\"\\u0000*\\u0000html\\\";N;s:4:\\\"view\\\";N;s:8:\\\"textView\\\";N;s:8:\\\"viewData\\\";a:0:{}s:11:\\\"attachments\\\";a:0:{}s:14:\\\"rawAttachments\\\";a:0:{}s:15:\\\"diskAttachments\\\";a:0:{}s:9:\\\"callbacks\\\";a:0:{}s:5:\\\"theme\\\";N;s:6:\\\"mailer\\\";s:4:\\\"smtp\\\";s:29:\\\"\\u0000*\\u0000assertionableRenderStrings\\\";N;s:10:\\\"connection\\\";N;s:5:\\\"queue\\\";N;s:15:\\\"chainConnection\\\";N;s:10:\\\"chainQueue\\\";N;s:19:\\\"chainCatchCallbacks\\\";N;s:5:\\\"delay\\\";N;s:11:\\\"afterCommit\\\";N;s:10:\\\"middleware\\\";a:0:{}s:7:\\\"chained\\\";a:0:{}}s:5:\\\"tries\\\";N;s:7:\\\"timeout\\\";N;s:17:\\\"shouldBeEncrypted\\\";b:0;s:10:\\\"connection\\\";N;s:5:\\\"queue\\\";N;s:15:\\\"chainConnection\\\";N;s:10:\\\"chainQueue\\\";N;s:19:\\\"chainCatchCallbacks\\\";N;s:5:\\\"delay\\\";N;s:11:\\\"afterCommit\\\";N;s:10:\\\"middleware\\\";a:0:{}s:7:\\\"chained\\\";a:0:{}}\"}}', 0, NULL, 1652523083, 1652523083),
(11, 'default', '{\"uuid\":\"db961402-a618-4d88-9616-a9291970172d\",\"displayName\":\"App\\\\Mail\\\\VerifyOtp\",\"job\":\"Illuminate\\\\Queue\\\\CallQueuedHandler@call\",\"maxTries\":null,\"maxExceptions\":null,\"failOnTimeout\":false,\"backoff\":null,\"timeout\":null,\"retryUntil\":null,\"data\":{\"commandName\":\"Illuminate\\\\Mail\\\\SendQueuedMailable\",\"command\":\"O:34:\\\"Illuminate\\\\Mail\\\\SendQueuedMailable\\\":13:{s:8:\\\"mailable\\\";O:18:\\\"App\\\\Mail\\\\VerifyOtp\\\":29:{s:7:\\\"details\\\";a:2:{s:3:\\\"otp\\\";i:4846;s:4:\\\"body\\\";s:10:\\\"Thank You!\\\";}s:6:\\\"locale\\\";N;s:4:\\\"from\\\";a:0:{}s:2:\\\"to\\\";a:1:{i:0;a:2:{s:4:\\\"name\\\";N;s:7:\\\"address\\\";s:15:\\\"admin@gmail.com\\\";}}s:2:\\\"cc\\\";a:0:{}s:3:\\\"bcc\\\";a:0:{}s:7:\\\"replyTo\\\";a:0:{}s:7:\\\"subject\\\";N;s:8:\\\"markdown\\\";N;s:7:\\\"\\u0000*\\u0000html\\\";N;s:4:\\\"view\\\";N;s:8:\\\"textView\\\";N;s:8:\\\"viewData\\\";a:0:{}s:11:\\\"attachments\\\";a:0:{}s:14:\\\"rawAttachments\\\";a:0:{}s:15:\\\"diskAttachments\\\";a:0:{}s:9:\\\"callbacks\\\";a:0:{}s:5:\\\"theme\\\";N;s:6:\\\"mailer\\\";s:4:\\\"smtp\\\";s:29:\\\"\\u0000*\\u0000assertionableRenderStrings\\\";N;s:10:\\\"connection\\\";N;s:5:\\\"queue\\\";N;s:15:\\\"chainConnection\\\";N;s:10:\\\"chainQueue\\\";N;s:19:\\\"chainCatchCallbacks\\\";N;s:5:\\\"delay\\\";N;s:11:\\\"afterCommit\\\";N;s:10:\\\"middleware\\\";a:0:{}s:7:\\\"chained\\\";a:0:{}}s:5:\\\"tries\\\";N;s:7:\\\"timeout\\\";N;s:17:\\\"shouldBeEncrypted\\\";b:0;s:10:\\\"connection\\\";N;s:5:\\\"queue\\\";N;s:15:\\\"chainConnection\\\";N;s:10:\\\"chainQueue\\\";N;s:19:\\\"chainCatchCallbacks\\\";N;s:5:\\\"delay\\\";N;s:11:\\\"afterCommit\\\";N;s:10:\\\"middleware\\\";a:0:{}s:7:\\\"chained\\\";a:0:{}}\"}}', 0, NULL, 1652523230, 1652523230),
(12, 'default', '{\"uuid\":\"643d732b-3161-4dca-996f-f33d0727562b\",\"displayName\":\"App\\\\Mail\\\\VerifyOtp\",\"job\":\"Illuminate\\\\Queue\\\\CallQueuedHandler@call\",\"maxTries\":null,\"maxExceptions\":null,\"failOnTimeout\":false,\"backoff\":null,\"timeout\":null,\"retryUntil\":null,\"data\":{\"commandName\":\"Illuminate\\\\Mail\\\\SendQueuedMailable\",\"command\":\"O:34:\\\"Illuminate\\\\Mail\\\\SendQueuedMailable\\\":13:{s:8:\\\"mailable\\\";O:18:\\\"App\\\\Mail\\\\VerifyOtp\\\":29:{s:7:\\\"details\\\";a:2:{s:3:\\\"otp\\\";i:9131;s:4:\\\"body\\\";s:10:\\\"Thank You!\\\";}s:6:\\\"locale\\\";N;s:4:\\\"from\\\";a:0:{}s:2:\\\"to\\\";a:1:{i:0;a:2:{s:4:\\\"name\\\";N;s:7:\\\"address\\\";s:15:\\\"admin@gmail.com\\\";}}s:2:\\\"cc\\\";a:0:{}s:3:\\\"bcc\\\";a:0:{}s:7:\\\"replyTo\\\";a:0:{}s:7:\\\"subject\\\";N;s:8:\\\"markdown\\\";N;s:7:\\\"\\u0000*\\u0000html\\\";N;s:4:\\\"view\\\";N;s:8:\\\"textView\\\";N;s:8:\\\"viewData\\\";a:0:{}s:11:\\\"attachments\\\";a:0:{}s:14:\\\"rawAttachments\\\";a:0:{}s:15:\\\"diskAttachments\\\";a:0:{}s:9:\\\"callbacks\\\";a:0:{}s:5:\\\"theme\\\";N;s:6:\\\"mailer\\\";s:4:\\\"smtp\\\";s:29:\\\"\\u0000*\\u0000assertionableRenderStrings\\\";N;s:10:\\\"connection\\\";N;s:5:\\\"queue\\\";N;s:15:\\\"chainConnection\\\";N;s:10:\\\"chainQueue\\\";N;s:19:\\\"chainCatchCallbacks\\\";N;s:5:\\\"delay\\\";N;s:11:\\\"afterCommit\\\";N;s:10:\\\"middleware\\\";a:0:{}s:7:\\\"chained\\\";a:0:{}}s:5:\\\"tries\\\";N;s:7:\\\"timeout\\\";N;s:17:\\\"shouldBeEncrypted\\\";b:0;s:10:\\\"connection\\\";N;s:5:\\\"queue\\\";N;s:15:\\\"chainConnection\\\";N;s:10:\\\"chainQueue\\\";N;s:19:\\\"chainCatchCallbacks\\\";N;s:5:\\\"delay\\\";N;s:11:\\\"afterCommit\\\";N;s:10:\\\"middleware\\\";a:0:{}s:7:\\\"chained\\\";a:0:{}}\"}}', 0, NULL, 1652525945, 1652525945),
(13, 'default', '{\"uuid\":\"0fe648fa-aee7-446a-869a-15ca597ac293\",\"displayName\":\"App\\\\Mail\\\\VerifyOtp\",\"job\":\"Illuminate\\\\Queue\\\\CallQueuedHandler@call\",\"maxTries\":null,\"maxExceptions\":null,\"failOnTimeout\":false,\"backoff\":null,\"timeout\":null,\"retryUntil\":null,\"data\":{\"commandName\":\"Illuminate\\\\Mail\\\\SendQueuedMailable\",\"command\":\"O:34:\\\"Illuminate\\\\Mail\\\\SendQueuedMailable\\\":13:{s:8:\\\"mailable\\\";O:18:\\\"App\\\\Mail\\\\VerifyOtp\\\":29:{s:7:\\\"details\\\";a:2:{s:3:\\\"otp\\\";i:7336;s:4:\\\"body\\\";s:10:\\\"Thank You!\\\";}s:6:\\\"locale\\\";N;s:4:\\\"from\\\";a:0:{}s:2:\\\"to\\\";a:1:{i:0;a:2:{s:4:\\\"name\\\";N;s:7:\\\"address\\\";s:15:\\\"admin@gmail.com\\\";}}s:2:\\\"cc\\\";a:0:{}s:3:\\\"bcc\\\";a:0:{}s:7:\\\"replyTo\\\";a:0:{}s:7:\\\"subject\\\";N;s:8:\\\"markdown\\\";N;s:7:\\\"\\u0000*\\u0000html\\\";N;s:4:\\\"view\\\";N;s:8:\\\"textView\\\";N;s:8:\\\"viewData\\\";a:0:{}s:11:\\\"attachments\\\";a:0:{}s:14:\\\"rawAttachments\\\";a:0:{}s:15:\\\"diskAttachments\\\";a:0:{}s:9:\\\"callbacks\\\";a:0:{}s:5:\\\"theme\\\";N;s:6:\\\"mailer\\\";s:4:\\\"smtp\\\";s:29:\\\"\\u0000*\\u0000assertionableRenderStrings\\\";N;s:10:\\\"connection\\\";N;s:5:\\\"queue\\\";N;s:15:\\\"chainConnection\\\";N;s:10:\\\"chainQueue\\\";N;s:19:\\\"chainCatchCallbacks\\\";N;s:5:\\\"delay\\\";N;s:11:\\\"afterCommit\\\";N;s:10:\\\"middleware\\\";a:0:{}s:7:\\\"chained\\\";a:0:{}}s:5:\\\"tries\\\";N;s:7:\\\"timeout\\\";N;s:17:\\\"shouldBeEncrypted\\\";b:0;s:10:\\\"connection\\\";N;s:5:\\\"queue\\\";N;s:15:\\\"chainConnection\\\";N;s:10:\\\"chainQueue\\\";N;s:19:\\\"chainCatchCallbacks\\\";N;s:5:\\\"delay\\\";N;s:11:\\\"afterCommit\\\";N;s:10:\\\"middleware\\\";a:0:{}s:7:\\\"chained\\\";a:0:{}}\"}}', 0, NULL, 1652525958, 1652525958),
(14, 'default', '{\"uuid\":\"bb7f106b-35f2-47b6-b8a9-5684e81925d4\",\"displayName\":\"App\\\\Mail\\\\VerifyOtp\",\"job\":\"Illuminate\\\\Queue\\\\CallQueuedHandler@call\",\"maxTries\":null,\"maxExceptions\":null,\"failOnTimeout\":false,\"backoff\":null,\"timeout\":null,\"retryUntil\":null,\"data\":{\"commandName\":\"Illuminate\\\\Mail\\\\SendQueuedMailable\",\"command\":\"O:34:\\\"Illuminate\\\\Mail\\\\SendQueuedMailable\\\":13:{s:8:\\\"mailable\\\";O:18:\\\"App\\\\Mail\\\\VerifyOtp\\\":29:{s:7:\\\"details\\\";a:2:{s:3:\\\"otp\\\";i:6625;s:4:\\\"body\\\";s:10:\\\"Thank You!\\\";}s:6:\\\"locale\\\";N;s:4:\\\"from\\\";a:0:{}s:2:\\\"to\\\";a:1:{i:0;a:2:{s:4:\\\"name\\\";N;s:7:\\\"address\\\";s:15:\\\"admin@gmail.com\\\";}}s:2:\\\"cc\\\";a:0:{}s:3:\\\"bcc\\\";a:0:{}s:7:\\\"replyTo\\\";a:0:{}s:7:\\\"subject\\\";N;s:8:\\\"markdown\\\";N;s:7:\\\"\\u0000*\\u0000html\\\";N;s:4:\\\"view\\\";N;s:8:\\\"textView\\\";N;s:8:\\\"viewData\\\";a:0:{}s:11:\\\"attachments\\\";a:0:{}s:14:\\\"rawAttachments\\\";a:0:{}s:15:\\\"diskAttachments\\\";a:0:{}s:9:\\\"callbacks\\\";a:0:{}s:5:\\\"theme\\\";N;s:6:\\\"mailer\\\";s:4:\\\"smtp\\\";s:29:\\\"\\u0000*\\u0000assertionableRenderStrings\\\";N;s:10:\\\"connection\\\";N;s:5:\\\"queue\\\";N;s:15:\\\"chainConnection\\\";N;s:10:\\\"chainQueue\\\";N;s:19:\\\"chainCatchCallbacks\\\";N;s:5:\\\"delay\\\";N;s:11:\\\"afterCommit\\\";N;s:10:\\\"middleware\\\";a:0:{}s:7:\\\"chained\\\";a:0:{}}s:5:\\\"tries\\\";N;s:7:\\\"timeout\\\";N;s:17:\\\"shouldBeEncrypted\\\";b:0;s:10:\\\"connection\\\";N;s:5:\\\"queue\\\";N;s:15:\\\"chainConnection\\\";N;s:10:\\\"chainQueue\\\";N;s:19:\\\"chainCatchCallbacks\\\";N;s:5:\\\"delay\\\";N;s:11:\\\"afterCommit\\\";N;s:10:\\\"middleware\\\";a:0:{}s:7:\\\"chained\\\";a:0:{}}\"}}', 0, NULL, 1652532142, 1652532142),
(15, 'default', '{\"uuid\":\"93229449-a390-43f4-8036-491fa8e64aa6\",\"displayName\":\"App\\\\Mail\\\\VerifyOtp\",\"job\":\"Illuminate\\\\Queue\\\\CallQueuedHandler@call\",\"maxTries\":null,\"maxExceptions\":null,\"failOnTimeout\":false,\"backoff\":null,\"timeout\":null,\"retryUntil\":null,\"data\":{\"commandName\":\"Illuminate\\\\Mail\\\\SendQueuedMailable\",\"command\":\"O:34:\\\"Illuminate\\\\Mail\\\\SendQueuedMailable\\\":13:{s:8:\\\"mailable\\\";O:18:\\\"App\\\\Mail\\\\VerifyOtp\\\":29:{s:7:\\\"details\\\";a:2:{s:3:\\\"otp\\\";i:7954;s:4:\\\"body\\\";s:10:\\\"Thank You!\\\";}s:6:\\\"locale\\\";N;s:4:\\\"from\\\";a:0:{}s:2:\\\"to\\\";a:1:{i:0;a:2:{s:4:\\\"name\\\";N;s:7:\\\"address\\\";s:15:\\\"admin@gmail.com\\\";}}s:2:\\\"cc\\\";a:0:{}s:3:\\\"bcc\\\";a:0:{}s:7:\\\"replyTo\\\";a:0:{}s:7:\\\"subject\\\";N;s:8:\\\"markdown\\\";N;s:7:\\\"\\u0000*\\u0000html\\\";N;s:4:\\\"view\\\";N;s:8:\\\"textView\\\";N;s:8:\\\"viewData\\\";a:0:{}s:11:\\\"attachments\\\";a:0:{}s:14:\\\"rawAttachments\\\";a:0:{}s:15:\\\"diskAttachments\\\";a:0:{}s:9:\\\"callbacks\\\";a:0:{}s:5:\\\"theme\\\";N;s:6:\\\"mailer\\\";s:4:\\\"smtp\\\";s:29:\\\"\\u0000*\\u0000assertionableRenderStrings\\\";N;s:10:\\\"connection\\\";N;s:5:\\\"queue\\\";N;s:15:\\\"chainConnection\\\";N;s:10:\\\"chainQueue\\\";N;s:19:\\\"chainCatchCallbacks\\\";N;s:5:\\\"delay\\\";N;s:11:\\\"afterCommit\\\";N;s:10:\\\"middleware\\\";a:0:{}s:7:\\\"chained\\\";a:0:{}}s:5:\\\"tries\\\";N;s:7:\\\"timeout\\\";N;s:17:\\\"shouldBeEncrypted\\\";b:0;s:10:\\\"connection\\\";N;s:5:\\\"queue\\\";N;s:15:\\\"chainConnection\\\";N;s:10:\\\"chainQueue\\\";N;s:19:\\\"chainCatchCallbacks\\\";N;s:5:\\\"delay\\\";N;s:11:\\\"afterCommit\\\";N;s:10:\\\"middleware\\\";a:0:{}s:7:\\\"chained\\\";a:0:{}}\"}}', 0, NULL, 1652532157, 1652532157),
(16, 'default', '{\"uuid\":\"e06ebcdf-c645-4042-bbdc-e3ea0a179243\",\"displayName\":\"App\\\\Mail\\\\VerifyOtp\",\"job\":\"Illuminate\\\\Queue\\\\CallQueuedHandler@call\",\"maxTries\":null,\"maxExceptions\":null,\"failOnTimeout\":false,\"backoff\":null,\"timeout\":null,\"retryUntil\":null,\"data\":{\"commandName\":\"Illuminate\\\\Mail\\\\SendQueuedMailable\",\"command\":\"O:34:\\\"Illuminate\\\\Mail\\\\SendQueuedMailable\\\":13:{s:8:\\\"mailable\\\";O:18:\\\"App\\\\Mail\\\\VerifyOtp\\\":29:{s:7:\\\"details\\\";a:2:{s:3:\\\"otp\\\";i:1637;s:4:\\\"body\\\";s:10:\\\"Thank You!\\\";}s:6:\\\"locale\\\";N;s:4:\\\"from\\\";a:0:{}s:2:\\\"to\\\";a:1:{i:0;a:2:{s:4:\\\"name\\\";N;s:7:\\\"address\\\";s:15:\\\"admin@gmail.com\\\";}}s:2:\\\"cc\\\";a:0:{}s:3:\\\"bcc\\\";a:0:{}s:7:\\\"replyTo\\\";a:0:{}s:7:\\\"subject\\\";N;s:8:\\\"markdown\\\";N;s:7:\\\"\\u0000*\\u0000html\\\";N;s:4:\\\"view\\\";N;s:8:\\\"textView\\\";N;s:8:\\\"viewData\\\";a:0:{}s:11:\\\"attachments\\\";a:0:{}s:14:\\\"rawAttachments\\\";a:0:{}s:15:\\\"diskAttachments\\\";a:0:{}s:9:\\\"callbacks\\\";a:0:{}s:5:\\\"theme\\\";N;s:6:\\\"mailer\\\";s:4:\\\"smtp\\\";s:29:\\\"\\u0000*\\u0000assertionableRenderStrings\\\";N;s:10:\\\"connection\\\";N;s:5:\\\"queue\\\";N;s:15:\\\"chainConnection\\\";N;s:10:\\\"chainQueue\\\";N;s:19:\\\"chainCatchCallbacks\\\";N;s:5:\\\"delay\\\";N;s:11:\\\"afterCommit\\\";N;s:10:\\\"middleware\\\";a:0:{}s:7:\\\"chained\\\";a:0:{}}s:5:\\\"tries\\\";N;s:7:\\\"timeout\\\";N;s:17:\\\"shouldBeEncrypted\\\";b:0;s:10:\\\"connection\\\";N;s:5:\\\"queue\\\";N;s:15:\\\"chainConnection\\\";N;s:10:\\\"chainQueue\\\";N;s:19:\\\"chainCatchCallbacks\\\";N;s:5:\\\"delay\\\";N;s:11:\\\"afterCommit\\\";N;s:10:\\\"middleware\\\";a:0:{}s:7:\\\"chained\\\";a:0:{}}\"}}', 0, NULL, 1652532199, 1652532199),
(17, 'default', '{\"uuid\":\"402c1adf-eb6d-45ef-86f1-d8e7c3dafd4c\",\"displayName\":\"App\\\\Mail\\\\VerifyOtp\",\"job\":\"Illuminate\\\\Queue\\\\CallQueuedHandler@call\",\"maxTries\":null,\"maxExceptions\":null,\"failOnTimeout\":false,\"backoff\":null,\"timeout\":null,\"retryUntil\":null,\"data\":{\"commandName\":\"Illuminate\\\\Mail\\\\SendQueuedMailable\",\"command\":\"O:34:\\\"Illuminate\\\\Mail\\\\SendQueuedMailable\\\":13:{s:8:\\\"mailable\\\";O:18:\\\"App\\\\Mail\\\\VerifyOtp\\\":29:{s:7:\\\"details\\\";a:2:{s:3:\\\"otp\\\";i:9340;s:4:\\\"body\\\";s:10:\\\"Thank You!\\\";}s:6:\\\"locale\\\";N;s:4:\\\"from\\\";a:0:{}s:2:\\\"to\\\";a:1:{i:0;a:2:{s:4:\\\"name\\\";N;s:7:\\\"address\\\";s:15:\\\"admin@gmail.com\\\";}}s:2:\\\"cc\\\";a:0:{}s:3:\\\"bcc\\\";a:0:{}s:7:\\\"replyTo\\\";a:0:{}s:7:\\\"subject\\\";N;s:8:\\\"markdown\\\";N;s:7:\\\"\\u0000*\\u0000html\\\";N;s:4:\\\"view\\\";N;s:8:\\\"textView\\\";N;s:8:\\\"viewData\\\";a:0:{}s:11:\\\"attachments\\\";a:0:{}s:14:\\\"rawAttachments\\\";a:0:{}s:15:\\\"diskAttachments\\\";a:0:{}s:9:\\\"callbacks\\\";a:0:{}s:5:\\\"theme\\\";N;s:6:\\\"mailer\\\";s:4:\\\"smtp\\\";s:29:\\\"\\u0000*\\u0000assertionableRenderStrings\\\";N;s:10:\\\"connection\\\";N;s:5:\\\"queue\\\";N;s:15:\\\"chainConnection\\\";N;s:10:\\\"chainQueue\\\";N;s:19:\\\"chainCatchCallbacks\\\";N;s:5:\\\"delay\\\";N;s:11:\\\"afterCommit\\\";N;s:10:\\\"middleware\\\";a:0:{}s:7:\\\"chained\\\";a:0:{}}s:5:\\\"tries\\\";N;s:7:\\\"timeout\\\";N;s:17:\\\"shouldBeEncrypted\\\";b:0;s:10:\\\"connection\\\";N;s:5:\\\"queue\\\";N;s:15:\\\"chainConnection\\\";N;s:10:\\\"chainQueue\\\";N;s:19:\\\"chainCatchCallbacks\\\";N;s:5:\\\"delay\\\";N;s:11:\\\"afterCommit\\\";N;s:10:\\\"middleware\\\";a:0:{}s:7:\\\"chained\\\";a:0:{}}\"}}', 0, NULL, 1652708245, 1652708245),
(18, 'default', '{\"uuid\":\"4cd7536b-5f91-48d0-b7a8-d11983ef3f57\",\"displayName\":\"App\\\\Mail\\\\VerifyOtp\",\"job\":\"Illuminate\\\\Queue\\\\CallQueuedHandler@call\",\"maxTries\":null,\"maxExceptions\":null,\"failOnTimeout\":false,\"backoff\":null,\"timeout\":null,\"retryUntil\":null,\"data\":{\"commandName\":\"Illuminate\\\\Mail\\\\SendQueuedMailable\",\"command\":\"O:34:\\\"Illuminate\\\\Mail\\\\SendQueuedMailable\\\":13:{s:8:\\\"mailable\\\";O:18:\\\"App\\\\Mail\\\\VerifyOtp\\\":29:{s:7:\\\"details\\\";a:2:{s:3:\\\"otp\\\";i:8054;s:4:\\\"body\\\";s:10:\\\"Thank You!\\\";}s:6:\\\"locale\\\";N;s:4:\\\"from\\\";a:0:{}s:2:\\\"to\\\";a:1:{i:0;a:2:{s:4:\\\"name\\\";N;s:7:\\\"address\\\";s:15:\\\"admin@gmail.com\\\";}}s:2:\\\"cc\\\";a:0:{}s:3:\\\"bcc\\\";a:0:{}s:7:\\\"replyTo\\\";a:0:{}s:7:\\\"subject\\\";N;s:8:\\\"markdown\\\";N;s:7:\\\"\\u0000*\\u0000html\\\";N;s:4:\\\"view\\\";N;s:8:\\\"textView\\\";N;s:8:\\\"viewData\\\";a:0:{}s:11:\\\"attachments\\\";a:0:{}s:14:\\\"rawAttachments\\\";a:0:{}s:15:\\\"diskAttachments\\\";a:0:{}s:9:\\\"callbacks\\\";a:0:{}s:5:\\\"theme\\\";N;s:6:\\\"mailer\\\";s:4:\\\"smtp\\\";s:29:\\\"\\u0000*\\u0000assertionableRenderStrings\\\";N;s:10:\\\"connection\\\";N;s:5:\\\"queue\\\";N;s:15:\\\"chainConnection\\\";N;s:10:\\\"chainQueue\\\";N;s:19:\\\"chainCatchCallbacks\\\";N;s:5:\\\"delay\\\";N;s:11:\\\"afterCommit\\\";N;s:10:\\\"middleware\\\";a:0:{}s:7:\\\"chained\\\";a:0:{}}s:5:\\\"tries\\\";N;s:7:\\\"timeout\\\";N;s:17:\\\"shouldBeEncrypted\\\";b:0;s:10:\\\"connection\\\";N;s:5:\\\"queue\\\";N;s:15:\\\"chainConnection\\\";N;s:10:\\\"chainQueue\\\";N;s:19:\\\"chainCatchCallbacks\\\";N;s:5:\\\"delay\\\";N;s:11:\\\"afterCommit\\\";N;s:10:\\\"middleware\\\";a:0:{}s:7:\\\"chained\\\";a:0:{}}\"}}', 0, NULL, 1652708268, 1652708268),
(19, 'default', '{\"uuid\":\"ce154063-c9dc-4b3f-a119-9ee295d3f2b9\",\"displayName\":\"App\\\\Mail\\\\VerifyOtp\",\"job\":\"Illuminate\\\\Queue\\\\CallQueuedHandler@call\",\"maxTries\":null,\"maxExceptions\":null,\"failOnTimeout\":false,\"backoff\":null,\"timeout\":null,\"retryUntil\":null,\"data\":{\"commandName\":\"Illuminate\\\\Mail\\\\SendQueuedMailable\",\"command\":\"O:34:\\\"Illuminate\\\\Mail\\\\SendQueuedMailable\\\":13:{s:8:\\\"mailable\\\";O:18:\\\"App\\\\Mail\\\\VerifyOtp\\\":29:{s:7:\\\"details\\\";a:2:{s:3:\\\"otp\\\";i:4667;s:4:\\\"body\\\";s:10:\\\"Thank You!\\\";}s:6:\\\"locale\\\";N;s:4:\\\"from\\\";a:0:{}s:2:\\\"to\\\";a:1:{i:0;a:2:{s:4:\\\"name\\\";N;s:7:\\\"address\\\";s:15:\\\"admin@gmail.com\\\";}}s:2:\\\"cc\\\";a:0:{}s:3:\\\"bcc\\\";a:0:{}s:7:\\\"replyTo\\\";a:0:{}s:7:\\\"subject\\\";N;s:8:\\\"markdown\\\";N;s:7:\\\"\\u0000*\\u0000html\\\";N;s:4:\\\"view\\\";N;s:8:\\\"textView\\\";N;s:8:\\\"viewData\\\";a:0:{}s:11:\\\"attachments\\\";a:0:{}s:14:\\\"rawAttachments\\\";a:0:{}s:15:\\\"diskAttachments\\\";a:0:{}s:9:\\\"callbacks\\\";a:0:{}s:5:\\\"theme\\\";N;s:6:\\\"mailer\\\";s:4:\\\"smtp\\\";s:29:\\\"\\u0000*\\u0000assertionableRenderStrings\\\";N;s:10:\\\"connection\\\";N;s:5:\\\"queue\\\";N;s:15:\\\"chainConnection\\\";N;s:10:\\\"chainQueue\\\";N;s:19:\\\"chainCatchCallbacks\\\";N;s:5:\\\"delay\\\";N;s:11:\\\"afterCommit\\\";N;s:10:\\\"middleware\\\";a:0:{}s:7:\\\"chained\\\";a:0:{}}s:5:\\\"tries\\\";N;s:7:\\\"timeout\\\";N;s:17:\\\"shouldBeEncrypted\\\";b:0;s:10:\\\"connection\\\";N;s:5:\\\"queue\\\";N;s:15:\\\"chainConnection\\\";N;s:10:\\\"chainQueue\\\";N;s:19:\\\"chainCatchCallbacks\\\";N;s:5:\\\"delay\\\";N;s:11:\\\"afterCommit\\\";N;s:10:\\\"middleware\\\";a:0:{}s:7:\\\"chained\\\";a:0:{}}\"}}', 0, NULL, 1652708283, 1652708283),
(20, 'default', '{\"uuid\":\"6c4e28fe-a38c-463c-9c99-c40c0467f391\",\"displayName\":\"App\\\\Mail\\\\VerifyOtp\",\"job\":\"Illuminate\\\\Queue\\\\CallQueuedHandler@call\",\"maxTries\":null,\"maxExceptions\":null,\"failOnTimeout\":false,\"backoff\":null,\"timeout\":null,\"retryUntil\":null,\"data\":{\"commandName\":\"Illuminate\\\\Mail\\\\SendQueuedMailable\",\"command\":\"O:34:\\\"Illuminate\\\\Mail\\\\SendQueuedMailable\\\":13:{s:8:\\\"mailable\\\";O:18:\\\"App\\\\Mail\\\\VerifyOtp\\\":29:{s:7:\\\"details\\\";a:2:{s:3:\\\"otp\\\";i:8750;s:4:\\\"body\\\";s:10:\\\"Thank You!\\\";}s:6:\\\"locale\\\";N;s:4:\\\"from\\\";a:0:{}s:2:\\\"to\\\";a:1:{i:0;a:2:{s:4:\\\"name\\\";N;s:7:\\\"address\\\";s:15:\\\"admin@gmail.com\\\";}}s:2:\\\"cc\\\";a:0:{}s:3:\\\"bcc\\\";a:0:{}s:7:\\\"replyTo\\\";a:0:{}s:7:\\\"subject\\\";N;s:8:\\\"markdown\\\";N;s:7:\\\"\\u0000*\\u0000html\\\";N;s:4:\\\"view\\\";N;s:8:\\\"textView\\\";N;s:8:\\\"viewData\\\";a:0:{}s:11:\\\"attachments\\\";a:0:{}s:14:\\\"rawAttachments\\\";a:0:{}s:15:\\\"diskAttachments\\\";a:0:{}s:9:\\\"callbacks\\\";a:0:{}s:5:\\\"theme\\\";N;s:6:\\\"mailer\\\";s:4:\\\"smtp\\\";s:29:\\\"\\u0000*\\u0000assertionableRenderStrings\\\";N;s:10:\\\"connection\\\";N;s:5:\\\"queue\\\";N;s:15:\\\"chainConnection\\\";N;s:10:\\\"chainQueue\\\";N;s:19:\\\"chainCatchCallbacks\\\";N;s:5:\\\"delay\\\";N;s:11:\\\"afterCommit\\\";N;s:10:\\\"middleware\\\";a:0:{}s:7:\\\"chained\\\";a:0:{}}s:5:\\\"tries\\\";N;s:7:\\\"timeout\\\";N;s:17:\\\"shouldBeEncrypted\\\";b:0;s:10:\\\"connection\\\";N;s:5:\\\"queue\\\";N;s:15:\\\"chainConnection\\\";N;s:10:\\\"chainQueue\\\";N;s:19:\\\"chainCatchCallbacks\\\";N;s:5:\\\"delay\\\";N;s:11:\\\"afterCommit\\\";N;s:10:\\\"middleware\\\";a:0:{}s:7:\\\"chained\\\";a:0:{}}\"}}', 0, NULL, 1654579850, 1654579850),
(21, 'default', '{\"uuid\":\"304e5717-237f-4869-8ee5-e0a4ac008ae9\",\"displayName\":\"App\\\\Mail\\\\VerifyOtp\",\"job\":\"Illuminate\\\\Queue\\\\CallQueuedHandler@call\",\"maxTries\":null,\"maxExceptions\":null,\"failOnTimeout\":false,\"backoff\":null,\"timeout\":null,\"retryUntil\":null,\"data\":{\"commandName\":\"Illuminate\\\\Mail\\\\SendQueuedMailable\",\"command\":\"O:34:\\\"Illuminate\\\\Mail\\\\SendQueuedMailable\\\":13:{s:8:\\\"mailable\\\";O:18:\\\"App\\\\Mail\\\\VerifyOtp\\\":29:{s:7:\\\"details\\\";a:2:{s:3:\\\"otp\\\";i:1834;s:4:\\\"body\\\";s:10:\\\"Thank You!\\\";}s:6:\\\"locale\\\";N;s:4:\\\"from\\\";a:0:{}s:2:\\\"to\\\";a:1:{i:0;a:2:{s:4:\\\"name\\\";N;s:7:\\\"address\\\";s:15:\\\"admin@gmail.com\\\";}}s:2:\\\"cc\\\";a:0:{}s:3:\\\"bcc\\\";a:0:{}s:7:\\\"replyTo\\\";a:0:{}s:7:\\\"subject\\\";N;s:8:\\\"markdown\\\";N;s:7:\\\"\\u0000*\\u0000html\\\";N;s:4:\\\"view\\\";N;s:8:\\\"textView\\\";N;s:8:\\\"viewData\\\";a:0:{}s:11:\\\"attachments\\\";a:0:{}s:14:\\\"rawAttachments\\\";a:0:{}s:15:\\\"diskAttachments\\\";a:0:{}s:9:\\\"callbacks\\\";a:0:{}s:5:\\\"theme\\\";N;s:6:\\\"mailer\\\";s:4:\\\"smtp\\\";s:29:\\\"\\u0000*\\u0000assertionableRenderStrings\\\";N;s:10:\\\"connection\\\";N;s:5:\\\"queue\\\";N;s:15:\\\"chainConnection\\\";N;s:10:\\\"chainQueue\\\";N;s:19:\\\"chainCatchCallbacks\\\";N;s:5:\\\"delay\\\";N;s:11:\\\"afterCommit\\\";N;s:10:\\\"middleware\\\";a:0:{}s:7:\\\"chained\\\";a:0:{}}s:5:\\\"tries\\\";N;s:7:\\\"timeout\\\";N;s:17:\\\"shouldBeEncrypted\\\";b:0;s:10:\\\"connection\\\";N;s:5:\\\"queue\\\";N;s:15:\\\"chainConnection\\\";N;s:10:\\\"chainQueue\\\";N;s:19:\\\"chainCatchCallbacks\\\";N;s:5:\\\"delay\\\";N;s:11:\\\"afterCommit\\\";N;s:10:\\\"middleware\\\";a:0:{}s:7:\\\"chained\\\";a:0:{}}\"}}', 0, NULL, 1654855604, 1654855604),
(22, 'default', '{\"uuid\":\"c33688b9-e1df-42a9-8745-4eea70b438b9\",\"displayName\":\"App\\\\Mail\\\\VerifyOtp\",\"job\":\"Illuminate\\\\Queue\\\\CallQueuedHandler@call\",\"maxTries\":null,\"maxExceptions\":null,\"failOnTimeout\":false,\"backoff\":null,\"timeout\":null,\"retryUntil\":null,\"data\":{\"commandName\":\"Illuminate\\\\Mail\\\\SendQueuedMailable\",\"command\":\"O:34:\\\"Illuminate\\\\Mail\\\\SendQueuedMailable\\\":13:{s:8:\\\"mailable\\\";O:18:\\\"App\\\\Mail\\\\VerifyOtp\\\":29:{s:7:\\\"details\\\";a:2:{s:3:\\\"otp\\\";i:4448;s:4:\\\"body\\\";s:10:\\\"Thank You!\\\";}s:6:\\\"locale\\\";N;s:4:\\\"from\\\";a:0:{}s:2:\\\"to\\\";a:1:{i:0;a:2:{s:4:\\\"name\\\";N;s:7:\\\"address\\\";s:15:\\\"admin@gmail.com\\\";}}s:2:\\\"cc\\\";a:0:{}s:3:\\\"bcc\\\";a:0:{}s:7:\\\"replyTo\\\";a:0:{}s:7:\\\"subject\\\";N;s:8:\\\"markdown\\\";N;s:7:\\\"\\u0000*\\u0000html\\\";N;s:4:\\\"view\\\";N;s:8:\\\"textView\\\";N;s:8:\\\"viewData\\\";a:0:{}s:11:\\\"attachments\\\";a:0:{}s:14:\\\"rawAttachments\\\";a:0:{}s:15:\\\"diskAttachments\\\";a:0:{}s:9:\\\"callbacks\\\";a:0:{}s:5:\\\"theme\\\";N;s:6:\\\"mailer\\\";s:4:\\\"smtp\\\";s:29:\\\"\\u0000*\\u0000assertionableRenderStrings\\\";N;s:10:\\\"connection\\\";N;s:5:\\\"queue\\\";N;s:15:\\\"chainConnection\\\";N;s:10:\\\"chainQueue\\\";N;s:19:\\\"chainCatchCallbacks\\\";N;s:5:\\\"delay\\\";N;s:11:\\\"afterCommit\\\";N;s:10:\\\"middleware\\\";a:0:{}s:7:\\\"chained\\\";a:0:{}}s:5:\\\"tries\\\";N;s:7:\\\"timeout\\\";N;s:17:\\\"shouldBeEncrypted\\\";b:0;s:10:\\\"connection\\\";N;s:5:\\\"queue\\\";N;s:15:\\\"chainConnection\\\";N;s:10:\\\"chainQueue\\\";N;s:19:\\\"chainCatchCallbacks\\\";N;s:5:\\\"delay\\\";N;s:11:\\\"afterCommit\\\";N;s:10:\\\"middleware\\\";a:0:{}s:7:\\\"chained\\\";a:0:{}}\"}}', 0, NULL, 1654864229, 1654864229),
(23, 'default', '{\"uuid\":\"51f8ccf1-4c3d-472d-8f15-313cfa83a2a6\",\"displayName\":\"App\\\\Mail\\\\VerifyOtp\",\"job\":\"Illuminate\\\\Queue\\\\CallQueuedHandler@call\",\"maxTries\":null,\"maxExceptions\":null,\"failOnTimeout\":false,\"backoff\":null,\"timeout\":null,\"retryUntil\":null,\"data\":{\"commandName\":\"Illuminate\\\\Mail\\\\SendQueuedMailable\",\"command\":\"O:34:\\\"Illuminate\\\\Mail\\\\SendQueuedMailable\\\":13:{s:8:\\\"mailable\\\";O:18:\\\"App\\\\Mail\\\\VerifyOtp\\\":29:{s:7:\\\"details\\\";a:2:{s:3:\\\"otp\\\";i:7584;s:4:\\\"body\\\";s:10:\\\"Thank You!\\\";}s:6:\\\"locale\\\";N;s:4:\\\"from\\\";a:0:{}s:2:\\\"to\\\";a:1:{i:0;a:2:{s:4:\\\"name\\\";N;s:7:\\\"address\\\";s:15:\\\"admin@gmail.com\\\";}}s:2:\\\"cc\\\";a:0:{}s:3:\\\"bcc\\\";a:0:{}s:7:\\\"replyTo\\\";a:0:{}s:7:\\\"subject\\\";N;s:8:\\\"markdown\\\";N;s:7:\\\"\\u0000*\\u0000html\\\";N;s:4:\\\"view\\\";N;s:8:\\\"textView\\\";N;s:8:\\\"viewData\\\";a:0:{}s:11:\\\"attachments\\\";a:0:{}s:14:\\\"rawAttachments\\\";a:0:{}s:15:\\\"diskAttachments\\\";a:0:{}s:9:\\\"callbacks\\\";a:0:{}s:5:\\\"theme\\\";N;s:6:\\\"mailer\\\";s:4:\\\"smtp\\\";s:29:\\\"\\u0000*\\u0000assertionableRenderStrings\\\";N;s:10:\\\"connection\\\";N;s:5:\\\"queue\\\";N;s:15:\\\"chainConnection\\\";N;s:10:\\\"chainQueue\\\";N;s:19:\\\"chainCatchCallbacks\\\";N;s:5:\\\"delay\\\";N;s:11:\\\"afterCommit\\\";N;s:10:\\\"middleware\\\";a:0:{}s:7:\\\"chained\\\";a:0:{}}s:5:\\\"tries\\\";N;s:7:\\\"timeout\\\";N;s:17:\\\"shouldBeEncrypted\\\";b:0;s:10:\\\"connection\\\";N;s:5:\\\"queue\\\";N;s:15:\\\"chainConnection\\\";N;s:10:\\\"chainQueue\\\";N;s:19:\\\"chainCatchCallbacks\\\";N;s:5:\\\"delay\\\";N;s:11:\\\"afterCommit\\\";N;s:10:\\\"middleware\\\";a:0:{}s:7:\\\"chained\\\";a:0:{}}\"}}', 0, NULL, 1655358334, 1655358334),
(24, 'default', '{\"uuid\":\"2f938623-5818-4be1-a524-fe595eab3a9c\",\"displayName\":\"App\\\\Mail\\\\VerifyOtp\",\"job\":\"Illuminate\\\\Queue\\\\CallQueuedHandler@call\",\"maxTries\":null,\"maxExceptions\":null,\"failOnTimeout\":false,\"backoff\":null,\"timeout\":null,\"retryUntil\":null,\"data\":{\"commandName\":\"Illuminate\\\\Mail\\\\SendQueuedMailable\",\"command\":\"O:34:\\\"Illuminate\\\\Mail\\\\SendQueuedMailable\\\":13:{s:8:\\\"mailable\\\";O:18:\\\"App\\\\Mail\\\\VerifyOtp\\\":29:{s:7:\\\"details\\\";a:2:{s:3:\\\"otp\\\";i:5149;s:4:\\\"body\\\";s:10:\\\"Thank You!\\\";}s:6:\\\"locale\\\";N;s:4:\\\"from\\\";a:0:{}s:2:\\\"to\\\";a:1:{i:0;a:2:{s:4:\\\"name\\\";N;s:7:\\\"address\\\";s:15:\\\"admin@gmail.com\\\";}}s:2:\\\"cc\\\";a:0:{}s:3:\\\"bcc\\\";a:0:{}s:7:\\\"replyTo\\\";a:0:{}s:7:\\\"subject\\\";N;s:8:\\\"markdown\\\";N;s:7:\\\"\\u0000*\\u0000html\\\";N;s:4:\\\"view\\\";N;s:8:\\\"textView\\\";N;s:8:\\\"viewData\\\";a:0:{}s:11:\\\"attachments\\\";a:0:{}s:14:\\\"rawAttachments\\\";a:0:{}s:15:\\\"diskAttachments\\\";a:0:{}s:9:\\\"callbacks\\\";a:0:{}s:5:\\\"theme\\\";N;s:6:\\\"mailer\\\";s:4:\\\"smtp\\\";s:29:\\\"\\u0000*\\u0000assertionableRenderStrings\\\";N;s:10:\\\"connection\\\";N;s:5:\\\"queue\\\";N;s:15:\\\"chainConnection\\\";N;s:10:\\\"chainQueue\\\";N;s:19:\\\"chainCatchCallbacks\\\";N;s:5:\\\"delay\\\";N;s:11:\\\"afterCommit\\\";N;s:10:\\\"middleware\\\";a:0:{}s:7:\\\"chained\\\";a:0:{}}s:5:\\\"tries\\\";N;s:7:\\\"timeout\\\";N;s:17:\\\"shouldBeEncrypted\\\";b:0;s:10:\\\"connection\\\";N;s:5:\\\"queue\\\";N;s:15:\\\"chainConnection\\\";N;s:10:\\\"chainQueue\\\";N;s:19:\\\"chainCatchCallbacks\\\";N;s:5:\\\"delay\\\";N;s:11:\\\"afterCommit\\\";N;s:10:\\\"middleware\\\";a:0:{}s:7:\\\"chained\\\";a:0:{}}\"}}', 0, NULL, 1656397231, 1656397231);

-- --------------------------------------------------------

--
-- Table structure for table `keboard_practices`
--

CREATE TABLE `keboard_practices` (
  `id` bigint(20) UNSIGNED NOT NULL,
  `institute_id` bigint(20) NOT NULL,
  `subject_id` varchar(255) NOT NULL,
  `name` varchar(255) NOT NULL,
  `practise_type` text NOT NULL,
  `desc` text NOT NULL,
  `created_at` timestamp NULL DEFAULT NULL,
  `updated_at` timestamp NULL DEFAULT NULL
) ENGINE=InnoDB DEFAULT CHARSET=utf8mb4 COLLATE=utf8mb4_unicode_ci;

--
-- Dumping data for table `keboard_practices`
--

INSERT INTO `keboard_practices` (`id`, `institute_id`, `subject_id`, `name`, `practise_type`, `desc`, `created_at`, `updated_at`) VALUES
(1, 2, '1', 'Home Key', '25', 'ASDF ghj;', '2023-09-20 07:20:03', '2023-09-20 07:20:03'),
(2, 2, '1', 'Lesson No 1', '25', 'asd fghj asd hkjk jhjj hkfknvnn  fnkdf fddfd ffdf fdfd dfdf df df df dfdf dfd fdf df df df d fd f df df df df d f df df df df d fdf df d f df d fd  d df dfd df  df df df df df  frty ytrt rt rt rtr t rt rt trww we  w eew  wesaa s  as', '2023-09-20 08:02:16', '2023-09-20 08:02:16'),
(3, 2, '1', 'Lesson No 2', '25', 'fgfvjhgv jhgkjmb h;ljhlk kjhu mytiuyh hgbkjhb nj mn, m nbm, nbnmb rtur kjhkjh khkjhh jkhjkh khkjh kjhjkh', '2023-09-20 08:06:13', '2023-09-20 08:06:13');

-- --------------------------------------------------------

--
-- Table structure for table `keyboard_practise_results`
--

CREATE TABLE `keyboard_practise_results` (
  `id` bigint(20) UNSIGNED NOT NULL,
  `student_id` bigint(20) UNSIGNED NOT NULL,
  `institute_id` bigint(20) UNSIGNED NOT NULL,
  `subject_id` bigint(20) UNSIGNED NOT NULL,
  `keboard_practice_id` bigint(20) UNSIGNED NOT NULL,
  `practise_type` bigint(20) UNSIGNED NOT NULL,
  `correctWords` bigint(20) NOT NULL,
  `acc` bigint(20) NOT NULL,
  `incorrectWords` bigint(20) NOT NULL,
  `timeminute` varchar(255) NOT NULL,
  `speed` bigint(20) NOT NULL,
  `created_at` timestamp NULL DEFAULT NULL,
  `updated_at` timestamp NULL DEFAULT NULL
) ENGINE=InnoDB DEFAULT CHARSET=utf8mb4 COLLATE=utf8mb4_unicode_ci;

-- --------------------------------------------------------

--
-- Table structure for table `languages`
--

CREATE TABLE `languages` (
  `id` bigint(20) UNSIGNED NOT NULL,
  `institute_id` bigint(20) NOT NULL,
  `name` varchar(255) NOT NULL,
  `created_at` timestamp NULL DEFAULT NULL,
  `updated_at` timestamp NULL DEFAULT NULL
) ENGINE=InnoDB DEFAULT CHARSET=utf8mb4 COLLATE=utf8mb4_unicode_ci;

-- --------------------------------------------------------

--
-- Table structure for table `letter30test_results`
--

CREATE TABLE `letter30test_results` (
  `id` bigint(20) UNSIGNED NOT NULL,
  `typing_test_result_id` bigint(20) UNSIGNED NOT NULL,
  `student_id` bigint(20) UNSIGNED NOT NULL,
  `institute_id` bigint(20) UNSIGNED NOT NULL,
  `subject_id` bigint(20) UNSIGNED NOT NULL,
  `head` varchar(255) NOT NULL,
  `reference` varchar(255) NOT NULL,
  `add` varchar(255) NOT NULL,
  `sub` varchar(255) NOT NULL,
  `salute` varchar(255) NOT NULL,
  `paragraph` varchar(255) NOT NULL,
  `close` varchar(255) NOT NULL,
  `enclosure` varchar(255) NOT NULL,
  `created_at` timestamp NULL DEFAULT NULL,
  `updated_at` timestamp NULL DEFAULT NULL
) ENGINE=InnoDB DEFAULT CHARSET=utf8mb4 COLLATE=utf8mb4_unicode_ci;

--
-- Dumping data for table `letter30test_results`
--

INSERT INTO `letter30test_results` (`id`, `typing_test_result_id`, `student_id`, `institute_id`, `subject_id`, `head`, `reference`, `add`, `sub`, `salute`, `paragraph`, `close`, `enclosure`, `created_at`, `updated_at`) VALUES
(2, 77, 3, 2, 1, '5', '5', '6', '2', '2', '1', '2', '3', '2022-02-22 07:48:22', '2022-02-22 07:48:22'),
(3, 92, 11, 2, 1, '1', '0.5', '1', '1', '0.5', '0', '1', '0.5', '2022-04-21 08:16:10', '2022-04-21 08:16:10'),
(4, 97, 12, 2, 1, '0', '0.5', '1', '0', '0.5', '2', '0', '0.5', '2022-05-05 08:30:03', '2022-05-05 08:30:03'),
(5, 22, 7, 2, 1, '0', '0', '0', '0', '0', '0', '0', '0', '2023-09-26 05:38:09', '2023-09-26 05:38:09'),
(6, 23, 7, 2, 1, '0', '0', '0', '0', '0', '0', '0', '0', '2023-09-26 05:45:10', '2023-09-26 05:45:10'),
(7, 24, 7, 2, 1, '0', '0', '0', '0', '0', '0', '0', '0', '2023-09-26 05:52:56', '2023-09-26 05:52:56'),
(8, 25, 7, 2, 1, '0', '0', '0', '0', '0', '0', '0', '0', '2023-09-26 06:05:31', '2023-09-26 06:05:31'),
(9, 26, 7, 2, 1, '0', '0', '0', '0', '0', '0', '0', '0', '2023-09-26 06:16:55', '2023-09-26 06:16:55'),
(10, 29, 7, 2, 1, '0', '0', '0', '0', '0', '0', '0', '0', '2023-09-26 08:03:43', '2023-09-26 08:03:43'),
(11, 32, 7, 2, 1, '0', '0', '0', '0', '0', '0', '0', '0', '2023-09-26 08:22:48', '2023-09-26 08:22:48'),
(12, 35, 7, 2, 1, '0', '0', '0', '0', '0', '0', '0', '0', '2023-09-26 09:24:08', '2023-09-26 09:24:08'),
(13, 38, 7, 2, 1, '0', '0', '0', '0', '0', '0', '0', '0', '2023-09-26 09:54:04', '2023-09-26 09:54:04'),
(14, 41, 7, 2, 1, '0', '0', '0', '0', '0', '0', '0', '0', '2023-09-27 08:01:55', '2023-09-27 08:01:55'),
(15, 44, 7, 2, 1, '0', '0', '0', '0', '0', '0', '0', '0', '2023-09-27 11:36:53', '2023-09-27 11:36:53'),
(16, 48, 7, 2, 1, '0', '0', '0', '0', '0', '0', '0', '0', '2023-09-27 12:03:54', '2023-09-27 12:03:54'),
(17, 51, 7, 2, 1, '0', '0', '0', '0', '0', '0', '0', '0', '2023-09-27 12:28:15', '2023-09-27 12:28:15'),
(18, 54, 7, 2, 1, '0', '0', '0', '0', '0', '0', '0', '0', '2023-09-27 12:32:24', '2023-09-27 12:32:24'),
(19, 57, 7, 2, 1, '0', '0', '0', '0', '0', '0', '0', '0', '2023-09-29 05:03:24', '2023-09-29 05:03:24'),
(20, 60, 7, 2, 1, '0', '0', '0', '0', '0', '0', '0', '0', '2023-09-29 05:29:20', '2023-09-29 05:29:20'),
(21, 62, 7, 2, 1, '0', '0', '0', '0', '0', '0', '0', '0', '2023-09-29 05:38:41', '2023-09-29 05:38:41'),
(22, 66, 7, 2, 1, '0', '0', '0', '0', '0', '0', '0', '0', '2023-09-29 05:56:36', '2023-09-29 05:56:36'),
(23, 69, 7, 2, 1, '0', '0', '0', '0', '0', '0', '0', '0', '2023-09-29 06:01:48', '2023-09-29 06:01:48'),
(24, 71, 7, 2, 1, '0', '0', '0', '0', '0', '0', '0', '0', '2023-09-29 06:08:46', '2023-09-29 06:08:46'),
(25, 73, 7, 2, 1, '0', '0', '0', '0', '0', '0', '0', '0', '2023-09-29 06:12:11', '2023-09-29 06:12:11'),
(26, 76, 7, 2, 1, '0', '0', '0', '0', '0', '0', '0', '0', '2023-09-29 06:15:22', '2023-09-29 06:15:22');

-- --------------------------------------------------------

--
-- Table structure for table `letter_results`
--

CREATE TABLE `letter_results` (
  `id` bigint(20) UNSIGNED NOT NULL,
  `typing_practise_result_id` bigint(20) UNSIGNED NOT NULL,
  `student_id` bigint(20) UNSIGNED NOT NULL,
  `institute_id` bigint(20) UNSIGNED NOT NULL,
  `subject_id` bigint(20) UNSIGNED NOT NULL,
  `head` varchar(255) NOT NULL,
  `reference` varchar(255) NOT NULL,
  `add` varchar(255) NOT NULL,
  `sub` varchar(255) NOT NULL,
  `salute` varchar(255) NOT NULL,
  `paragraph` varchar(255) NOT NULL,
  `close` varchar(255) NOT NULL,
  `enclosure` varchar(255) NOT NULL,
  `created_at` timestamp NULL DEFAULT NULL,
  `updated_at` timestamp NULL DEFAULT NULL
) ENGINE=InnoDB DEFAULT CHARSET=utf8mb4 COLLATE=utf8mb4_unicode_ci;

--
-- Dumping data for table `letter_results`
--

INSERT INTO `letter_results` (`id`, `typing_practise_result_id`, `student_id`, `institute_id`, `subject_id`, `head`, `reference`, `add`, `sub`, `salute`, `paragraph`, `close`, `enclosure`, `created_at`, `updated_at`) VALUES
(1, 3, 3, 2, 1, '5', '5', '6', '2', '2', '1', '2', '3', '2022-02-08 12:54:15', '2022-02-08 12:54:15'),
(2, 5, 3, 2, 1, '5', '5', '6', '2', '2', '1', '2', '3', '2022-02-12 07:22:08', '2022-02-12 07:22:08'),
(3, 6, 3, 2, 1, '5', '5', '6', '2', '2', '1', '2', '3', '2022-02-12 07:22:14', '2022-02-12 07:22:14'),
(4, 9, 3, 2, 1, '0', '0', '0', '0', '0', '0', '0', '0', '2022-02-14 10:20:48', '2022-02-14 10:20:48'),
(5, 15, 3, 2, 1, '0', '0', '0', '0', '0', '0', '0', '0', '2022-02-14 13:09:23', '2022-02-14 13:09:23'),
(6, 19, 3, 2, 1, '0', '0', '0', '0', '0', '0', '0', '0', '2022-02-15 06:20:32', '2022-02-15 06:20:32'),
(7, 35, 9, 2, 1, '5', '5', '6', '2', '2', '1', '2', '3', '2022-02-22 10:46:18', '2022-02-22 10:46:18'),
(8, 73, 11, 2, 1, '1', '0.5', '0', '0.5', '0.5', '0', '0', '0', '2022-04-05 10:10:03', '2022-04-05 10:10:03'),
(9, 76, 11, 2, 1, '0', '0', '0', '0', '0', '0', '0', '0', '2022-04-09 06:57:20', '2022-04-09 06:57:20'),
(10, 82, 12, 2, 1, '0', '0', '1', '0', '0.5', '2', '0', '0.5', '2022-05-11 05:50:47', '2022-05-11 05:50:47');

-- --------------------------------------------------------

--
-- Table structure for table `licenses`
--

CREATE TABLE `licenses` (
  `id` bigint(20) UNSIGNED NOT NULL,
  `license_fee` varchar(255) NOT NULL,
  `created_at` timestamp NULL DEFAULT NULL,
  `updated_at` timestamp NULL DEFAULT NULL
) ENGINE=InnoDB DEFAULT CHARSET=utf8mb4 COLLATE=utf8mb4_unicode_ci;

--
-- Dumping data for table `licenses`
--

INSERT INTO `licenses` (`id`, `license_fee`, `created_at`, `updated_at`) VALUES
(1, '50', '2022-01-20 07:40:14', '2022-01-20 07:40:14');

-- --------------------------------------------------------

--
-- Table structure for table `license_payments`
--

CREATE TABLE `license_payments` (
  `id` bigint(20) UNSIGNED NOT NULL,
  `total_payment_id` bigint(20) UNSIGNED NOT NULL,
  `institute_id` bigint(20) UNSIGNED NOT NULL,
  `student_id` bigint(20) UNSIGNED NOT NULL,
  `subject_id` varchar(255) NOT NULL,
  `amount` varchar(255) NOT NULL,
  `amount_status` varchar(255) NOT NULL COMMENT '0 = pending, 1 = success, 2 = rejected',
  `added_by` varchar(255) NOT NULL COMMENT 'added users user_id',
  `deleted_at` timestamp NULL DEFAULT NULL,
  `created_at` timestamp NULL DEFAULT NULL,
  `updated_at` timestamp NULL DEFAULT NULL
) ENGINE=InnoDB DEFAULT CHARSET=utf8mb4 COLLATE=utf8mb4_unicode_ci;

-- --------------------------------------------------------

--
-- Table structure for table `lowerkeys`
--

CREATE TABLE `lowerkeys` (
  `id` bigint(20) UNSIGNED NOT NULL,
  `institute_id` bigint(20) NOT NULL,
  `language_id` varchar(255) NOT NULL,
  `name` varchar(255) NOT NULL,
  `desc` text NOT NULL,
  `created_at` timestamp NULL DEFAULT NULL,
  `updated_at` timestamp NULL DEFAULT NULL
) ENGINE=InnoDB DEFAULT CHARSET=utf8mb4 COLLATE=utf8mb4_unicode_ci;

-- --------------------------------------------------------

--
-- Table structure for table `lower_key_results`
--

CREATE TABLE `lower_key_results` (
  `id` bigint(20) UNSIGNED NOT NULL,
  `student_id` bigint(20) NOT NULL,
  `institute_id` bigint(20) NOT NULL,
  `language_id` bigint(20) NOT NULL,
  `speed` bigint(20) NOT NULL,
  `wordsCount` bigint(20) NOT NULL,
  `correctWords` bigint(20) NOT NULL,
  `time` bigint(20) NOT NULL,
  `acc` bigint(20) NOT NULL,
  `created_at` timestamp NULL DEFAULT NULL,
  `updated_at` timestamp NULL DEFAULT NULL
) ENGINE=InnoDB DEFAULT CHARSET=utf8mb4 COLLATE=utf8mb4_unicode_ci;

-- --------------------------------------------------------

--
-- Table structure for table `mcqexamstudents`
--

CREATE TABLE `mcqexamstudents` (
  `id` bigint(20) UNSIGNED NOT NULL,
  `user_id` bigint(20) UNSIGNED NOT NULL,
  `exam_id` bigint(20) UNSIGNED NOT NULL,
  `student_batch_allocation_id` bigint(20) UNSIGNED NOT NULL,
  `exam_otp` int(11) DEFAULT NULL,
  `created_at` timestamp NULL DEFAULT NULL,
  `updated_at` timestamp NULL DEFAULT NULL
) ENGINE=InnoDB DEFAULT CHARSET=utf8mb4 COLLATE=utf8mb4_unicode_ci;

--
-- Dumping data for table `mcqexamstudents`
--

INSERT INTO `mcqexamstudents` (`id`, `user_id`, `exam_id`, `student_batch_allocation_id`, `exam_otp`, `created_at`, `updated_at`) VALUES
(112, 7, 25, 8, NULL, '2022-05-09 07:47:41', '2022-05-09 07:47:41'),
(113, 8, 25, 8, NULL, '2022-05-09 07:47:41', '2022-05-09 07:47:41'),
(114, 12, 25, 9, NULL, '2022-05-09 07:58:35', '2022-05-09 07:58:35'),
(115, 10, 25, 10, NULL, '2022-05-14 11:54:00', '2022-05-14 11:54:00'),
(116, 9, 25, 10, NULL, '2022-05-14 11:54:00', '2022-05-14 11:54:00');

-- --------------------------------------------------------

--
-- Table structure for table `mcqtests`
--

CREATE TABLE `mcqtests` (
  `id` bigint(20) UNSIGNED NOT NULL,
  `institute_id` bigint(20) UNSIGNED NOT NULL,
  `subject_id` text NOT NULL,
  `mcqtype_id` text NOT NULL,
  `timer` varchar(255) NOT NULL,
  `que_mark` varchar(255) NOT NULL,
  `criteria` varchar(255) NOT NULL,
  `test_date` varchar(255) NOT NULL,
  `created_at` timestamp NULL DEFAULT NULL,
  `updated_at` timestamp NULL DEFAULT NULL
) ENGINE=InnoDB DEFAULT CHARSET=utf8mb4 COLLATE=utf8mb4_unicode_ci;

-- --------------------------------------------------------

--
-- Table structure for table `mcqtypes`
--

CREATE TABLE `mcqtypes` (
  `id` bigint(20) UNSIGNED NOT NULL,
  `institute_id` bigint(20) UNSIGNED NOT NULL,
  `name` varchar(255) NOT NULL,
  `created_at` timestamp NULL DEFAULT NULL,
  `updated_at` timestamp NULL DEFAULT NULL
) ENGINE=InnoDB DEFAULT CHARSET=utf8mb4 COLLATE=utf8mb4_unicode_ci;

--
-- Dumping data for table `mcqtypes`
--

INSERT INTO `mcqtypes` (`id`, `institute_id`, `name`, `created_at`, `updated_at`) VALUES
(1, 2, 'MS-Word', '2022-01-24 13:06:31', '2022-01-24 13:06:31'),
(2, 2, 'MS-PowerPoint', '2022-01-24 13:06:38', '2022-01-24 13:06:38'),
(3, 2, 'MS-Excel', '2022-02-12 11:17:44', '2022-02-12 11:17:44'),
(4, 2, 'Computer Fundamental & OS', '2022-02-12 11:17:56', '2022-02-12 11:17:56'),
(5, 2, 'Internet', '2022-02-12 11:18:06', '2022-02-12 11:18:06'),
(6, 2, 'Question Bank & Practices', '2022-02-12 11:18:28', '2022-02-12 11:18:28');

-- --------------------------------------------------------

--
-- Table structure for table `mcq_answers`
--

CREATE TABLE `mcq_answers` (
  `id` bigint(20) UNSIGNED NOT NULL,
  `practisemcq_id` bigint(20) UNSIGNED NOT NULL,
  `ans` text DEFAULT NULL,
  `ansmarathi` text DEFAULT NULL,
  `anshindi` text DEFAULT NULL,
  `created_at` timestamp NULL DEFAULT NULL,
  `updated_at` timestamp NULL DEFAULT NULL
) ENGINE=InnoDB DEFAULT CHARSET=utf8mb4 COLLATE=utf8mb4_unicode_ci;

--
-- Dumping data for table `mcq_answers`
--

INSERT INTO `mcq_answers` (`id`, `practisemcq_id`, `ans`, `ansmarathi`, `anshindi`, `created_at`, `updated_at`) VALUES
(1, 1, '<p>f</p>', NULL, NULL, '2022-01-24 13:08:07', '2022-01-24 13:08:07'),
(2, 1, '<p>frr</p>', NULL, NULL, '2022-01-24 13:08:08', '2022-01-24 13:08:08'),
(3, 1, '<p>r</p>', NULL, NULL, '2022-01-24 13:08:08', '2022-01-24 13:08:08'),
(4, 1, '<p>3r</p>', NULL, NULL, '2022-01-24 13:08:08', '2022-01-24 13:08:08'),
(5, 2, '<p>gtg</p>', NULL, NULL, '2022-01-24 13:08:31', '2022-01-24 13:08:31'),
(6, 2, '<p>tht</p>', NULL, NULL, '2022-01-24 13:08:31', '2022-01-24 13:08:31'),
(7, 2, '<p>th</p>', NULL, NULL, '2022-01-24 13:08:31', '2022-01-24 13:08:31'),
(8, 2, '<p>hth</p>', NULL, NULL, '2022-01-24 13:08:31', '2022-01-24 13:08:31'),
(9, 3, '<p><strong>A. Number format</strong></p>', '<p><strong>A. संख्या स्वरूप</strong></p>', '<p><strong>A. संख्या स्वरूप</strong></p>', '2022-02-12 11:26:08', '2022-02-12 11:26:08'),
(10, 3, '<p><strong>B. Border format</strong></p>', '<p><strong>B. सीमा स्वरूप</strong></p>', '<p><strong>B. सीमा प्रारूप</strong></p>', '2022-02-12 11:26:08', '2022-02-12 11:26:08'),
(11, 3, '<p><strong>C. Font format</strong>&nbsp;&nbsp;&nbsp;</p>', '<p><strong>C. फॉन्ट स्वरूप</strong></p>', '<p><strong>C. फ़ॉन्ट प्रारूप</strong></p>', '2022-02-12 11:26:08', '2022-02-12 11:26:08'),
(12, 3, '<p><strong>D. All of above</strong></p>', '<p><strong>D. वरील सर्व</strong></p>', '<p><strong>D. ऊपर के सभी</strong></p>', '2022-02-12 11:26:08', '2022-02-12 11:26:08'),
(13, 4, '<p><strong>A. Choose None on Border tab of Format cells</strong></p>', '<p><strong>A. फॉरमॅट सेलच्या बॉर्डर टॅबवर काहीही निवडा?</strong></p>', '<p><strong>A. फ़ॉर्मेट सेल के बॉर्डर टैब पर कोई नहीं चुनें?</strong></p>', '2022-02-12 11:34:05', '2022-02-12 11:34:05'),
(14, 4, '<p><strong>B Open the list on Border tool in Format Cell toolbar then choose first tool (none)</strong></p>', '<p><strong>B.फॉरमॅट सेल टूलबारमध्ये बॉर्डर टूलवर सूची उघडा आणि प्रथम टूल निवडा (काहीही नाही)</strong></p>', '<p><strong>B. फ़ॉर्मेट सेल टूलबार में बॉर्डर टूल की सूची खोलें, फिर पहला टूल चुनें (कोई नहीं)</strong></p>', '2022-02-12 11:34:05', '2022-02-12 11:34:05'),
(15, 4, '<p><strong>C. Both of above</strong></p>', '<p><strong>C वरील दोन्ही</strong></p>', '<p><strong>C. उपरोक्त दोनों</strong></p>', '2022-02-12 11:34:05', '2022-02-12 11:34:05'),
(16, 4, '<p><strong>D. None of above</strong></p>', '<p><strong>D. वरीलपैकी काहीही नाही</strong></p>', '<p><strong>D. इनमें से कोई भी नहीं</strong></p>', '2022-02-12 11:34:05', '2022-02-12 11:34:05'),
(17, 5, '<p>aaa</p>', NULL, NULL, '2022-04-13 09:48:20', '2022-04-13 09:48:20'),
(18, 5, '<p>aaa</p>', NULL, NULL, '2022-04-13 09:48:21', '2022-04-13 09:48:21'),
(19, 5, '<p>aa</p>', NULL, NULL, '2022-04-13 09:48:21', '2022-04-13 09:48:21'),
(20, 5, '<p>aa</p>', NULL, NULL, '2022-04-13 09:48:22', '2022-04-13 09:48:22'),
(21, 6, '<p>etest</p>', NULL, NULL, '2022-05-03 13:23:40', '2022-05-03 13:23:40'),
(22, 6, '<p>etseets</p>', NULL, NULL, '2022-05-03 13:23:40', '2022-05-03 13:23:40'),
(23, 6, '<p>fafsfs</p>', NULL, NULL, '2022-05-03 13:23:40', '2022-05-03 13:23:40'),
(24, 6, '<p>dxgdgd</p>', NULL, NULL, '2022-05-03 13:23:40', '2022-05-03 13:23:40');

-- --------------------------------------------------------

--
-- Table structure for table `mcq_banks`
--

CREATE TABLE `mcq_banks` (
  `id` bigint(20) UNSIGNED NOT NULL,
  `user_id` bigint(20) UNSIGNED NOT NULL,
  `institute_id` bigint(20) NOT NULL,
  `questionPaperName` text NOT NULL,
  `subject_id` bigint(20) UNSIGNED NOT NULL,
  `level` bigint(20) UNSIGNED NOT NULL,
  `total_writing_question` bigint(20) NOT NULL,
  `total_mcq_question` bigint(20) NOT NULL,
  `question` text NOT NULL,
  `deleted_at` timestamp NULL DEFAULT NULL,
  `created_at` timestamp NULL DEFAULT NULL,
  `updated_at` timestamp NULL DEFAULT NULL
) ENGINE=InnoDB DEFAULT CHARSET=utf8mb4 COLLATE=utf8mb4_unicode_ci;

-- --------------------------------------------------------

--
-- Table structure for table `migrations`
--

CREATE TABLE `migrations` (
  `id` int(10) UNSIGNED NOT NULL,
  `migration` varchar(255) NOT NULL,
  `batch` int(11) NOT NULL
) ENGINE=InnoDB DEFAULT CHARSET=utf8mb4 COLLATE=utf8mb4_unicode_ci;

--
-- Dumping data for table `migrations`
--

INSERT INTO `migrations` (`id`, `migration`, `batch`) VALUES
(1, '2014_10_12_000000_create_users_table', 1),
(2, '2014_10_12_100000_create_password_resets_table', 1),
(3, '2014_10_12_200000_add_two_factor_columns_to_users_table', 1),
(4, '2019_08_19_000000_create_failed_jobs_table', 1),
(5, '2019_12_14_000001_create_personal_access_tokens_table', 1),
(6, '2020_11_30_094456_create_sessions_table', 1),
(7, '2020_12_01_092601_create_roles_table', 1),
(8, '2020_12_01_112545_create_handicaps_table', 1),
(9, '2020_12_02_080456_create_institutes_table', 1),
(10, '2020_12_02_115416_create_courses_table', 1),
(11, '2020_12_02_121256_create_subjects_table', 1),
(12, '2020_12_02_123725_create_documents_table', 1),
(13, '2020_12_02_125127_create_notifications_table', 1),
(14, '2020_12_04_064237_create_instructors_table', 1),
(15, '2020_12_04_123300_create_isessions_table', 1),
(16, '2020_12_04_125210_create_itimings_table', 1),
(17, '2020_12_05_081850_create_students_table', 1),
(18, '2020_12_05_090801_create_coursefees_table', 1),
(19, '2020_12_05_091907_create_grnumbers_table', 1),
(20, '2020_12_05_100048_create_instructorpayments_table', 1),
(21, '2020_12_05_101221_create_studentfees_table', 1),
(22, '2020_12_11_093829_create_studentinstallments_table', 1),
(23, '2020_12_11_112620_create_receipts_table', 1),
(25, '2020_12_17_105137_create_answers_table', 1),
(26, '2020_12_17_130005_create_authorities_table', 1),
(27, '2020_12_21_112030_create_attendances_table', 1),
(28, '2021_01_25_150437_create_revenues_table', 1),
(29, '2021_02_03_190152_create_institute_courses_table', 1),
(30, '2021_02_11_181725_create_mcqtypes_table', 1),
(32, '2021_02_12_165320_create_typingtests_table', 1),
(33, '2021_02_12_180452_create_sections_table', 1),
(34, '2021_02_13_124839_create_halltickets_table', 1),
(35, '2021_02_15_133959_create_student_courses_table', 1),
(36, '2021_02_15_153559_create_student_subjects_table', 1),
(37, '2021_02_15_174024_create_mcqtests_table', 1),
(38, '2021_02_18_163507_create_student_grnos_table', 1),
(40, '2021_03_08_180024_create_student_batches_table', 1),
(43, '2021_04_07_121011_create_typing_results_table', 1),
(44, '2021_04_07_164856_create_typing_word_practices_table', 1),
(45, '2021_04_13_122344_create_homekeys_table', 1),
(46, '2021_04_13_122927_create_languages_table', 1),
(47, '2021_04_14_123448_create_upperkeys_table', 1),
(48, '2021_04_14_134651_create_lowerkeys_table', 1),
(49, '2021_04_14_160642_create_capitalwords_table', 1),
(50, '2021_04_23_154834_create_home_key_results_table', 1),
(51, '2021_04_23_192017_create_upper_key_results_table', 1),
(52, '2021_04_24_160258_create_lower_key_results_table', 1),
(53, '2021_04_24_161359_create_capital_word_results_table', 1),
(54, '2021_05_27_165445_create_jobs_table', 1),
(55, '2021_06_04_162439_create_licenses_table', 1),
(56, '2021_06_05_120601_create_keboard_practices_table', 1),
(57, '2021_06_08_122835_create_practise_types_table', 1),
(58, '2021_06_11_130341_create_student__repeats_table', 1),
(59, '2021_06_11_170604_create_student_types_table', 1),
(60, '2021_06_12_131640_create_student_student_types_table', 1),
(61, '2021_06_16_115221_create_student_reappears_table', 1),
(62, '2021_06_29_174447_create_keyboard_practise_results_table', 1),
(63, '2021_07_28_175958_create_typing_practises_table', 1),
(64, '2021_07_29_170439_create_upload_typingpractises_table', 1),
(65, '2021_08_20_123727_create_student_keyboard_practises_table', 1),
(66, '2021_08_27_124530_create_practis_type_names_table', 1),
(67, '2021_09_04_121942_create_typing_practise_results_table', 1),
(68, '2021_09_06_111544_create_letter_results_table', 1),
(69, '2021_09_13_112917_create_statement30_results_table', 1),
(70, '2021_09_13_130812_create_statement40_results_table', 1),
(71, '2021_09_15_185152_create_incrments_table', 1),
(72, '2021_09_24_163531_create_papers_table', 1),
(73, '2021_10_21_150834_create_practisemcqs_table', 1),
(74, '2021_10_22_132235_create_mcq_answers_table', 1),
(75, '2021_10_25_155628_create_mcq_banks_table', 1),
(76, '2021_10_26_153449_create_practise_exams_table', 1),
(77, '2021_10_27_115905_create_practise_students_table', 1),
(78, '2021_10_28_120036_create_practise_papers_table', 1),
(79, '2021_11_13_181302_create_total_payments_table', 1),
(80, '2021_11_16_124642_create_license_payments_table', 1),
(81, '2021_11_19_134559_create_months_table', 1),
(82, '2021_11_20_131157_create_email30_results_table', 1),
(83, '2021_11_30_182420_create_practise_m_c_q_tests_table', 1),
(84, '2021_12_03_173329_create_email40_results_table', 1),
(85, '2021_12_07_140829_create_m_c_q_practise_exams_table', 1),
(86, '2021_12_07_200105_create_test_papers_table', 1),
(87, '2021_12_07_200157_create_test_students_table', 1),
(88, '2021_12_15_182851_create_attendance_records_table', 1),
(89, '2021_12_15_185705_create_student_attendance_records_table', 1),
(90, '2021_12_28_121752_create_typing_test_results_table', 1),
(96, '2021_12_28_155654_add_installment_date_to_studentinstallments_table', 1),
(97, '2021_12_29_183250_change_next_installmentdate_datatype_in_studentinstallments_table', 1),
(98, '2022_01_10_160329_make_explanation_nullable_on_practisemcqs_table', 1),
(99, '2022_01_18_164509_add_show_password_to_users_table', 1),
(100, '2022_01_20_180053_create_student_infos_table', 2),
(101, '2022_01_21_161312_add_delete_at_to_studentinstallments_table', 2),
(102, '2022_01_24_114924_add_delete_at_to_student_courses_table', 2),
(103, '2022_01_24_120147_add_delete_at_to_student_subjects_table', 2),
(111, '2022_01_27_130816_create_exam_names_table', 7),
(112, '2021_02_12_162114_create_exam_batches_table', 8),
(121, '2022_01_28_153522_create_mcqexamstudents_table', 12),
(122, '2021_04_02_165919_create_exam_students_table', 13),
(123, '2022_01_25_130622_create_student_batch_allocations_table', 13),
(124, '2022_01_27_122135_create_typing_exams_table', 14),
(125, '2020_12_17_104815_create_questions_table', 15),
(127, '2021_04_01_151939_create_question_banks_table', 16),
(129, '2021_03_05_184319_create_exams_table', 17),
(130, '2022_02_08_185334_add_transactionid_to_studentinstallments', 18),
(131, '2022_02_09_123241_add_soft_deletes_to_student_batche_table', 19),
(134, '2022_02_16_180726_create_student_sessions_table', 20),
(135, '2021_12_28_124431_create_letter30test_results_table', 21),
(136, '2021_12_28_125916_create_statement30test_results_table', 22),
(137, '2021_12_28_130630_create_statement40test_results_table', 22),
(138, '2021_12_28_133314_create_email30test_results_table', 22),
(139, '2021_12_28_133758_create_email40test_results_table', 22);

-- --------------------------------------------------------

--
-- Table structure for table `months`
--

CREATE TABLE `months` (
  `id` bigint(20) UNSIGNED NOT NULL,
  `month_name` varchar(255) NOT NULL,
  `created_at` timestamp NULL DEFAULT NULL,
  `updated_at` timestamp NULL DEFAULT NULL
) ENGINE=InnoDB DEFAULT CHARSET=utf8mb4 COLLATE=utf8mb4_unicode_ci;

--
-- Dumping data for table `months`
--

INSERT INTO `months` (`id`, `month_name`, `created_at`, `updated_at`) VALUES
(1, 'January', '2022-01-20 07:39:18', '2022-01-20 07:39:18'),
(2, 'February', '2022-01-20 07:39:18', '2022-01-20 07:39:18'),
(3, 'March', '2022-01-20 07:39:18', '2022-01-20 07:39:18'),
(4, 'April', '2022-01-20 07:39:18', '2022-01-20 07:39:18'),
(5, 'May', '2022-01-20 07:39:19', '2022-01-20 07:39:19'),
(6, 'June', '2022-01-20 07:39:19', '2022-01-20 07:39:19'),
(7, 'July', '2022-01-20 07:39:19', '2022-01-20 07:39:19'),
(8, 'August', '2022-01-20 07:39:19', '2022-01-20 07:39:19'),
(9, 'September', '2022-01-20 07:39:19', '2022-01-20 07:39:19'),
(10, 'October', '2022-01-20 07:39:19', '2022-01-20 07:39:19'),
(11, 'November', '2022-01-20 07:39:19', '2022-01-20 07:39:19'),
(12, 'December', '2022-01-20 07:39:19', '2022-01-20 07:39:19');

-- --------------------------------------------------------

--
-- Table structure for table `m_c_q_practise_exams`
--

CREATE TABLE `m_c_q_practise_exams` (
  `id` bigint(20) UNSIGNED NOT NULL,
  `user_id` bigint(20) UNSIGNED NOT NULL,
  `institute_id` bigint(20) NOT NULL,
  `question_bank_no` bigint(20) NOT NULL,
  `name` varchar(255) NOT NULL,
  `code` varchar(255) NOT NULL,
  `instruction` longtext NOT NULL,
  `startExam` datetime NOT NULL,
  `endExam` datetime NOT NULL,
  `duration` time NOT NULL,
  `instruction_time` time NOT NULL,
  `pass_percentage` int(11) NOT NULL,
  `result` int(11) NOT NULL COMMENT '1 = show result,0 = not show result.',
  `created_at` timestamp NULL DEFAULT NULL,
  `updated_at` timestamp NULL DEFAULT NULL
) ENGINE=InnoDB DEFAULT CHARSET=utf8mb4 COLLATE=utf8mb4_unicode_ci;

--
-- Dumping data for table `m_c_q_practise_exams`
--

INSERT INTO `m_c_q_practise_exams` (`id`, `user_id`, `institute_id`, `question_bank_no`, `name`, `code`, `instruction`, `startExam`, `endExam`, `duration`, `instruction_time`, `pass_percentage`, `result`, `created_at`, `updated_at`) VALUES
(1, 2, 2, 3, 'test paper', '445', '<p>greg</p>', '2022-02-08 13:23:00', '2022-02-08 14:23:00', '01:00:00', '01:00:00', 10, 1, '2022-02-08 07:54:05', '2022-02-08 07:54:05'),
(2, 2, 2, 3, 'test2', '2147', '<p>htj</p>', '2022-02-14 16:00:00', '2022-02-08 16:10:00', '01:00:00', '01:00:00', 10, 1, '2022-02-14 11:26:12', '2022-02-14 11:26:12'),
(3, 2, 2, 2, 'test 3', '2147', '<p>t65u</p>', '2022-02-14 17:00:00', '2022-02-14 17:15:00', '01:00:00', '01:00:00', 10, 1, '2022-02-14 11:27:50', '2022-02-14 11:27:50'),
(4, 2, 2, 4, 'excel test', '2147', '<p>dfef</p>', '2022-02-15 18:33:00', '2022-02-15 21:33:00', '01:00:00', '01:00:00', 5, 1, '2022-02-15 13:04:03', '2022-02-15 13:04:03'),
(5, 2, 2, 1, 'Prajakta Ambekar', '2147', '<p>fxdgx</p>', '2022-05-14 17:02:00', '2022-05-14 17:02:00', '01:00:00', '01:00:00', 10, 1, '2022-05-14 11:33:59', '2022-05-14 11:33:59'),
(6, 2, 2, 6, 'Trupti Walke', '2147', '<p>dqdqw</p>', '2022-06-23 15:56:00', '2022-06-23 16:53:00', '01:00:00', '01:00:00', 2, 1, '2022-06-23 10:24:00', '2022-06-23 10:24:00');

-- --------------------------------------------------------

--
-- Table structure for table `notifications`
--

CREATE TABLE `notifications` (
  `id` char(36) NOT NULL,
  `type` varchar(255) NOT NULL,
  `notifiable_type` varchar(255) NOT NULL,
  `notifiable_id` bigint(20) UNSIGNED NOT NULL,
  `data` text NOT NULL,
  `read_at` timestamp NULL DEFAULT NULL,
  `created_at` timestamp NULL DEFAULT NULL,
  `updated_at` timestamp NULL DEFAULT NULL
) ENGINE=InnoDB DEFAULT CHARSET=utf8mb4 COLLATE=utf8mb4_unicode_ci;

--
-- Dumping data for table `notifications`
--

INSERT INTO `notifications` (`id`, `type`, `notifiable_type`, `notifiable_id`, `data`, `read_at`, `created_at`, `updated_at`) VALUES
('02a3e0a7-f35f-4cfb-a5f6-856283e01de9', 'App\\Notifications\\CustemNotification', 'App\\Models\\User', 3, '{\"message\":\"uymyumyu\",\"subject\":\"payment\",\"sender\":\"Wankar Computer Typing Institute\",\"name\":\"Anagha\",\"userType\":4,\"tdate\":\"2022-02-15\",\"fdate\":\"2022-02-15\"}', '2022-04-27 18:30:00', '2022-02-15 12:01:58', '2022-02-15 12:01:58'),
('524253ff-8f6f-4729-af03-4277e6492e5d', 'App\\Notifications\\ExamEnd', 'App\\Models\\User', 3, '{\"student_id\":1,\"exam_id\":25,\"messagebody\":\"Exam Ended\",\"exam_end_time\":\"2022-02-15T12:48:02.025628Z\"}', NULL, '2022-02-15 12:48:02', '2022-02-15 12:48:02'),
('977268f8-f100-4dde-9f73-a3bef7d756a8', 'App\\Notifications\\CustemNotification', 'App\\Models\\User', 3, '{\"message\":\"Please pay your next installment\",\"subject\":\"Installment\",\"sender\":\"Wankar Computer Typing Institute\",\"name\":\"Anagha\",\"userType\":4,\"tdate\":\"2022-02-14\",\"fdate\":\"2022-02-14\"}', '2022-04-27 18:30:00', '2022-02-14 11:32:33', '2022-02-14 11:32:33'),
('a087f086-43db-4d18-b9ab-b457503dac92', 'App\\Notifications\\CustemNotification', 'App\\Models\\User', 3, '{\"message\":\"j\",\"subject\":\"hii\",\"sender\":\"Wankar Computer Typing Institute\",\"name\":\"Anagha\",\"userType\":4,\"tdate\":\"2022-02-18\",\"fdate\":\"2022-02-18\"}', '2022-04-27 18:30:00', '2022-02-18 11:21:46', '2022-02-18 11:21:46'),
('d8fa7f7e-a671-4d3a-9ab0-264d76c89d5c', 'App\\Notifications\\CustemNotification', 'App\\Models\\User', 12, '{\"message\":\"holiday\",\"subject\":\"holiday\",\"sender\":\"Wankar Computer Typing Institute\",\"name\":\"Trupti\",\"userType\":4,\"tdate\":\"2022-05-14\",\"fdate\":\"2022-05-14\"}', '2023-08-25 18:30:00', '2022-05-14 11:12:05', '2022-05-14 11:12:05');

-- --------------------------------------------------------

--
-- Table structure for table `papers`
--

CREATE TABLE `papers` (
  `id` bigint(20) UNSIGNED NOT NULL,
  `exam_id` bigint(20) UNSIGNED NOT NULL,
  `student_id` bigint(20) UNSIGNED NOT NULL,
  `question_id` bigint(20) UNSIGNED NOT NULL,
  `answer_id` bigint(20) UNSIGNED DEFAULT NULL,
  `ans` text DEFAULT NULL,
  `created_at` timestamp NULL DEFAULT NULL,
  `updated_at` timestamp NULL DEFAULT NULL
) ENGINE=InnoDB DEFAULT CHARSET=utf8mb4 COLLATE=utf8mb4_unicode_ci;

--
-- Dumping data for table `papers`
--

INSERT INTO `papers` (`id`, `exam_id`, `student_id`, `question_id`, `answer_id`, `ans`, `created_at`, `updated_at`) VALUES
(117, 25, 3, 3, 89, NULL, '2022-02-15 12:47:36', '2022-02-15 12:47:36'),
(118, 25, 3, 5, 99, NULL, '2022-02-15 12:47:40', '2022-02-15 12:47:40'),
(119, 25, 3, 4, 95, NULL, '2022-02-15 12:47:54', '2022-02-15 12:47:57');

-- --------------------------------------------------------

--
-- Table structure for table `password_resets`
--

CREATE TABLE `password_resets` (
  `email` varchar(255) NOT NULL,
  `token` varchar(255) NOT NULL,
  `created_at` timestamp NULL DEFAULT NULL
) ENGINE=InnoDB DEFAULT CHARSET=utf8mb4 COLLATE=utf8mb4_unicode_ci;

-- --------------------------------------------------------

--
-- Table structure for table `personal_access_tokens`
--

CREATE TABLE `personal_access_tokens` (
  `id` bigint(20) UNSIGNED NOT NULL,
  `tokenable_type` varchar(255) NOT NULL,
  `tokenable_id` bigint(20) UNSIGNED NOT NULL,
  `name` varchar(255) NOT NULL,
  `token` varchar(64) NOT NULL,
  `abilities` text DEFAULT NULL,
  `last_used_at` timestamp NULL DEFAULT NULL,
  `created_at` timestamp NULL DEFAULT NULL,
  `updated_at` timestamp NULL DEFAULT NULL
) ENGINE=InnoDB DEFAULT CHARSET=utf8mb4 COLLATE=utf8mb4_unicode_ci;

--
-- Dumping data for table `personal_access_tokens`
--

INSERT INTO `personal_access_tokens` (`id`, `tokenable_type`, `tokenable_id`, `name`, `token`, `abilities`, `last_used_at`, `created_at`, `updated_at`) VALUES
(25, 'App\\Models\\User', 10, '10', '15ee82d615d844dfdec1e08abb100d8917a1f9084c250e9918ba19fe834e0566', '[\"*\"]', NULL, '2022-01-31 10:03:16', '2022-01-31 10:03:16'),
(26, 'App\\Models\\User', 10, '10', '4211abf182c1de555fe07c16cb54ecc64e6952f63cdc28bf0f3ead7c9981c166', '[\"*\"]', '2022-01-31 10:28:22', '2022-01-31 10:08:47', '2022-01-31 10:28:22'),
(38, 'App\\Models\\User', 10, '10', '05215a3560e5f0ba51bb66311affa6174c696e91e1603ec99700c1d7672591ff', '[\"*\"]', '2022-02-04 08:27:27', '2022-02-04 08:27:09', '2022-02-04 08:27:27'),
(142, 'App\\Models\\User', 9, '9', 'f9b5b93a9e18bc6b743bba13118eeb3c4188fa32a2b8df893362648a08e446fe', '[\"*\"]', '2022-02-22 10:46:17', '2022-02-22 10:44:43', '2022-02-22 10:46:17'),
(143, 'App\\Models\\User', 10, '10', '7298c45eabeff59be94a8d6540813cc328881131cbde018fb0bb6d7c9a4ecac6', '[\"*\"]', '2022-02-22 10:47:18', '2022-02-22 10:47:03', '2022-02-22 10:47:18'),
(176, 'App\\Models\\User', 11, '11', '72314be66b6d4c00f5376db9a6b56bf409f65081c21b0fad783ebb85c9a28404', '[\"*\"]', '2022-04-21 08:24:08', '2022-04-21 07:56:55', '2022-04-21 08:24:08'),
(177, 'App\\Models\\User', 11, '11', '0ed593da485413cba57c4034ba960121912f2d63fae2f34a9b92235bfbc339e1', '[\"*\"]', '2022-04-21 09:34:35', '2022-04-21 09:21:13', '2022-04-21 09:34:35'),
(178, 'App\\Models\\User', 11, '11', 'f84aeb18533463b57f0f7785e4267cfdf17766171193049510e785d1eb265388', '[\"*\"]', '2022-04-25 10:39:19', '2022-04-25 10:39:09', '2022-04-25 10:39:19'),
(634, 'App\\Models\\User', 8, '8', '8e58d7b5a570badf616e34a7b9f0e92efeac563d42cc979d50699ec33a7e30df', '[\"*\"]', '2022-05-16 13:30:25', '2022-05-16 13:30:24', '2022-05-16 13:30:25'),
(635, 'App\\Models\\User', 8, '8', 'b080ab91816a06143f127f7e282c5fc607677e1d7ca4cd5fbbdcaf06763cf586', '[\"*\"]', '2022-05-16 13:30:38', '2022-05-16 13:30:38', '2022-05-16 13:30:38'),
(972, 'App\\Models\\User', 12, '12', '4f5d3eefadcfa062d19d08d67b0933947db946cb3afc53bbfbc337edbd60d2b8', '[\"*\"]', '2022-07-25 09:58:10', '2022-07-25 09:58:07', '2022-07-25 09:58:10'),
(978, 'App\\Models\\User', 12, '12', 'e9d75a6c034783d2cc52257d3b422a97c14a50484d234875723b4c0fad6a7092', '[\"*\"]', '2023-08-25 11:42:04', '2023-08-25 11:42:02', '2023-08-25 11:42:04'),
(979, 'App\\Models\\User', 12, '12', '8e73ef07b2de390f6774ab91fd307155842e26e4e22ca322aebc6cef15b6a900', '[\"*\"]', '2023-08-25 11:43:43', '2023-08-25 11:43:42', '2023-08-25 11:43:43'),
(980, 'App\\Models\\User', 12, '12', '8fbc43267c1d65b52d55fa1a740b00fbeff7febb6356724e5c800ec715f2efd1', '[\"*\"]', '2023-08-25 11:44:08', '2023-08-25 11:44:08', '2023-08-25 11:44:08'),
(981, 'App\\Models\\User', 12, '12', '5098a8d00aa2fa93687497039b185f6b839d832722c73e9cc13c30062c7a3bc1', '[\"*\"]', '2023-08-25 11:45:17', '2023-08-25 11:45:17', '2023-08-25 11:45:17'),
(999, 'App\\Models\\User', 12, '12', 'dad197a8d444dd874111511a1cba7108c7e978ce2441239a894165bf0109bd9e', '[\"*\"]', '2023-08-26 08:10:15', '2023-08-26 08:09:58', '2023-08-26 08:10:15'),
(1000, 'App\\Models\\User', 12, '12', 'ddbc443bf6d242ddcdda5bd475c1f1fd3843077e0a5d20471e8b71cb9b6bfd1c', '[\"*\"]', '2023-08-26 08:18:26', '2023-08-26 08:18:25', '2023-08-26 08:18:26'),
(1001, 'App\\Models\\User', 12, '12', '12a60f6502a99344946956d9a73a54fe4491d8e906aee31649ee65c12d395e73', '[\"*\"]', '2023-08-26 08:19:59', '2023-08-26 08:19:58', '2023-08-26 08:19:59'),
(1002, 'App\\Models\\User', 12, '12', '5b38dc423875127dc6c36b2b079dfba3037b8815f450280ba89cd12466f5eadc', '[\"*\"]', '2023-08-26 08:20:13', '2023-08-26 08:20:12', '2023-08-26 08:20:13'),
(1003, 'App\\Models\\User', 12, '12', 'd2693761d7bf18fd7c64ea1d3c8dc2151857b4f356d602bcb7bd8eef907da2a7', '[\"*\"]', '2023-08-26 08:20:48', '2023-08-26 08:20:47', '2023-08-26 08:20:48'),
(1004, 'App\\Models\\User', 12, '12', 'bb4c05c1b224e474d25a42cadad6e95377794a0e2219a052f3013f1afe561731', '[\"*\"]', '2023-08-26 08:21:14', '2023-08-26 08:21:12', '2023-08-26 08:21:14'),
(1005, 'App\\Models\\User', 12, '12', '2c6adddbfd6c249b9da436d74c025ec2d27ea1194e5d445299aedbba6569dc7d', '[\"*\"]', '2023-08-26 08:22:12', '2023-08-26 08:22:10', '2023-08-26 08:22:12'),
(1006, 'App\\Models\\User', 12, '12', '1e42f0f411482bd265a97143e7a46b5003ea5b5ada2f99f32941bad8f30f0d5a', '[\"*\"]', '2023-08-26 08:22:54', '2023-08-26 08:22:46', '2023-08-26 08:22:54'),
(1007, 'App\\Models\\User', 12, '12', 'bd762c900715a39689377c827b62edc0a7f477de8f649a87d1dd6dec437aa20d', '[\"*\"]', '2023-08-26 08:23:46', '2023-08-26 08:23:45', '2023-08-26 08:23:46'),
(1008, 'App\\Models\\User', 12, '12', '5666e39913914424703871549eadebbfd7240db34be64757b4046ea48ddbd02d', '[\"*\"]', '2023-08-26 08:26:19', '2023-08-26 08:25:56', '2023-08-26 08:26:19'),
(1009, 'App\\Models\\User', 12, '12', '9da8b5f01a5b1a6815ac0ac12d2743e37489340b3524c4f8f447e9961ec355e5', '[\"*\"]', '2023-08-26 11:06:53', '2023-08-26 11:06:52', '2023-08-26 11:06:53'),
(1485, 'App\\Models\\User', 7, '7', '270a24e99626c0be4be0c091a4e13b2f4a4fba70631abe73e5fad84b89aa41e7', '[\"*\"]', '2023-09-20 07:36:09', '2023-09-20 07:35:58', '2023-09-20 07:36:09'),
(1486, 'App\\Models\\User', 7, '7', '0f52a88ee1813f03f0b2af78948c3272ec1c130a5dcbdb5a3c0d825ce0b769e9', '[\"*\"]', '2023-09-20 07:59:40', '2023-09-20 07:59:10', '2023-09-20 07:59:40'),
(1487, 'App\\Models\\User', 7, '7', '13429c791e0c16c286bf060c92a4a4e07ae089a68c55a44d777075d8a1cfa150', '[\"*\"]', '2023-09-20 08:07:17', '2023-09-20 08:07:09', '2023-09-20 08:07:17'),
(1488, 'App\\Models\\User', 7, '7', '4587c7252eb4a4b25519dd887e48ee4c3d618ecd64a4b5557343ecdbf176a5b0', '[\"*\"]', '2023-09-20 08:08:40', '2023-09-20 08:08:21', '2023-09-20 08:08:40'),
(1489, 'App\\Models\\User', 7, '7', 'f804d857cd083ac9701f580ca8aef10f8fb22b77ce3523f303c198ca1c62b919', '[\"*\"]', '2023-09-20 08:08:59', '2023-09-20 08:08:54', '2023-09-20 08:08:59'),
(1490, 'App\\Models\\User', 7, '7', '7f707d156abf8c3a59fd5c5194d18f6bc89a37e24e8d59e7a0f17fd4c47ddd6b', '[\"*\"]', '2023-09-20 08:10:19', '2023-09-20 08:09:54', '2023-09-20 08:10:19'),
(1491, 'App\\Models\\User', 7, '7', '41ffdfb4a292565db931da13fd9a21d42066213452c82274bab2dfbdd9fd22b6', '[\"*\"]', '2023-09-20 08:12:09', '2023-09-20 08:10:58', '2023-09-20 08:12:09'),
(1492, 'App\\Models\\User', 7, '7', '1e9ea8daf0711ef307e801dd4221d00226802b109c914a52bf958e617c513427', '[\"*\"]', '2023-09-20 08:14:11', '2023-09-20 08:14:02', '2023-09-20 08:14:11'),
(1493, 'App\\Models\\User', 7, '7', 'c85cda9da922e6fd14727e00282c74e9cac08d8fe978a3d125f198dae6bc42c3', '[\"*\"]', '2023-09-20 08:18:41', '2023-09-20 08:18:22', '2023-09-20 08:18:41'),
(1494, 'App\\Models\\User', 7, '7', 'e2784b712b366caba64ec045ff85a8a5854184a63b9e49426f4f2ab014c45f38', '[\"*\"]', '2023-09-20 08:20:04', '2023-09-20 08:19:58', '2023-09-20 08:20:04'),
(1495, 'App\\Models\\User', 7, '7', 'cd0a623af6db14dd30c1fb1417be6aaebeee498588d24767d4670cc0f761efc8', '[\"*\"]', '2023-09-20 08:21:58', '2023-09-20 08:21:21', '2023-09-20 08:21:58'),
(1496, 'App\\Models\\User', 7, '7', '8f738acb7655dd003cb4c3d90b53f8b587f95279ea099350db1659ce7d573bbd', '[\"*\"]', '2023-09-20 08:25:01', '2023-09-20 08:24:51', '2023-09-20 08:25:01'),
(1497, 'App\\Models\\User', 7, '7', 'f3de2f6d2d5a3104f19c42b8e7e2b4567096473be1f88f3bb54d41f6919844ca', '[\"*\"]', '2023-09-20 09:23:30', '2023-09-20 09:23:16', '2023-09-20 09:23:30'),
(1498, 'App\\Models\\User', 7, '7', '1d58c8d818f85e9b8a11426bd7e0140c9fc043851cb3987ee789ae4aed8d4ab3', '[\"*\"]', '2023-09-20 09:24:10', '2023-09-20 09:23:58', '2023-09-20 09:24:10'),
(1499, 'App\\Models\\User', 7, '7', 'bf8c3081ec898ef2ab2919bc58d40db79432446077175d310bd832c0a9f127fa', '[\"*\"]', '2023-09-20 09:26:35', '2023-09-20 09:26:10', '2023-09-20 09:26:35'),
(1500, 'App\\Models\\User', 7, '7', '9678f7f676e56da09ddbad44a6de3f04378a2c4adcdfd7810b37464ea9404000', '[\"*\"]', '2023-09-20 09:32:39', '2023-09-20 09:31:26', '2023-09-20 09:32:39'),
(1501, 'App\\Models\\User', 7, '7', '9e24984882c84b41d9cf30e202e04667db9d89ce8219de71692532ae51c1b300', '[\"*\"]', '2023-09-20 09:35:51', '2023-09-20 09:35:45', '2023-09-20 09:35:51'),
(1502, 'App\\Models\\User', 7, '7', 'c24476d213940af6d854b5119fee38b8d1d069fcfe2749ca67eea62a9d372337', '[\"*\"]', '2023-09-20 09:36:30', '2023-09-20 09:36:08', '2023-09-20 09:36:30'),
(1503, 'App\\Models\\User', 7, '7', 'd586f2e91905e2e58da5462cf17949675d2118ed935212c1d29a9503ea95f1be', '[\"*\"]', '2023-09-20 09:43:05', '2023-09-20 09:37:31', '2023-09-20 09:43:05'),
(1504, 'App\\Models\\User', 7, '7', 'f9b5512ac95698ba5d8adadb09309d74320c107e73e93dcf8a972fdf1100d80f', '[\"*\"]', '2023-09-20 09:48:15', '2023-09-20 09:48:04', '2023-09-20 09:48:15'),
(1505, 'App\\Models\\User', 7, '7', 'dff4e4d01459e08feaff44d2751250ed2c1c66937ae44d57a7ac2ece4b2e801b', '[\"*\"]', '2023-09-20 09:55:25', '2023-09-20 09:55:13', '2023-09-20 09:55:25'),
(1506, 'App\\Models\\User', 7, '7', '8d968dba452b06742597a9a7f2fdaf1db5b82c258957161a75d922071fc8eb4a', '[\"*\"]', '2023-09-20 09:57:13', '2023-09-20 09:56:35', '2023-09-20 09:57:13'),
(1507, 'App\\Models\\User', 7, '7', 'cfd22a7d9b5263fb8202ef15c159c0f2d1ad8e0d1e98d1c08b5d43ef23586ecc', '[\"*\"]', '2023-09-20 09:58:13', '2023-09-20 09:57:49', '2023-09-20 09:58:13'),
(1508, 'App\\Models\\User', 7, '7', '866b939ae35f444901701bd1710972b90a425fc2a673fb8d24cdbabfd19086f3', '[\"*\"]', '2023-09-20 09:59:25', '2023-09-20 09:58:55', '2023-09-20 09:59:25'),
(1509, 'App\\Models\\User', 7, '7', 'fb0c43f591957a596d6164850dccab4a83b43cc68f3631a63af7d9534ba388c5', '[\"*\"]', '2023-09-20 10:09:04', '2023-09-20 10:08:52', '2023-09-20 10:09:04'),
(1510, 'App\\Models\\User', 7, '7', '44f0e8782151c497d99da8ad915e44daee6e339c3e4cc66674a081538b47b35d', '[\"*\"]', '2023-09-20 10:10:36', '2023-09-20 10:09:21', '2023-09-20 10:10:36'),
(1511, 'App\\Models\\User', 7, '7', '4d0fb0292523718c78451ee45d98a1a6a86714211c795e56ef6a626b64d311b6', '[\"*\"]', '2023-09-20 10:11:44', '2023-09-20 10:11:27', '2023-09-20 10:11:44'),
(1512, 'App\\Models\\User', 7, '7', '4546d016106e65f5eaaa80f403369b0529cf69356d91e311a9552c4029687a7a', '[\"*\"]', '2023-09-20 10:13:27', '2023-09-20 10:12:52', '2023-09-20 10:13:27'),
(1513, 'App\\Models\\User', 7, '7', '91333cfa14355d0050ea0aac95ff0fedadbcbd4071822686400d9f8a45e5c1f6', '[\"*\"]', '2023-09-20 10:14:04', '2023-09-20 10:14:03', '2023-09-20 10:14:04'),
(1514, 'App\\Models\\User', 7, '7', 'e97b50220f818635ab0c9a98a7c83706d44e92cc3ca7f1ab8f441c137942d0fd', '[\"*\"]', '2023-09-20 10:16:36', '2023-09-20 10:16:32', '2023-09-20 10:16:36'),
(1515, 'App\\Models\\User', 7, '7', 'd087e1ed1f0b87328fc23d8c31b794d2a39e7589f619548b1087caee06c1fe3d', '[\"*\"]', '2023-09-20 10:19:24', '2023-09-20 10:16:47', '2023-09-20 10:19:24'),
(1516, 'App\\Models\\User', 7, '7', 'e48f3f18ab426e868476ef6b8eb7052b350ef9d6ab8c33a46d73c34a7bcfc585', '[\"*\"]', '2023-09-20 10:26:59', '2023-09-20 10:26:52', '2023-09-20 10:26:59'),
(1517, 'App\\Models\\User', 7, '7', '46cd2370fd8206c13254004af27b72537ca95690a1fb227f10bd0ded5bc8fc3a', '[\"*\"]', '2023-09-20 10:33:16', '2023-09-20 10:32:56', '2023-09-20 10:33:16'),
(1518, 'App\\Models\\User', 7, '7', 'b27221117f318ecf4f3251f9633b9ff01392885b3c77aa829b0db0a717ac619f', '[\"*\"]', '2023-09-20 10:38:10', '2023-09-20 10:36:24', '2023-09-20 10:38:10'),
(1519, 'App\\Models\\User', 7, '7', 'f45563731cc416030b6879cf76057099e4d0e3d9c46563a46c0418b67fcaa5d9', '[\"*\"]', '2023-09-20 10:55:01', '2023-09-20 10:54:44', '2023-09-20 10:55:01'),
(1520, 'App\\Models\\User', 7, '7', 'bb3a7dd46c734e125412417e106935d50180f28c7995336072f69a5ad7bdfd85', '[\"*\"]', '2023-09-20 11:18:03', '2023-09-20 11:15:12', '2023-09-20 11:18:03'),
(1521, 'App\\Models\\User', 7, '7', 'cb105c187c9999c47e4e657a60d3a6443dfefc9471df119e7e52e9be51aa2d84', '[\"*\"]', '2023-09-20 11:42:25', '2023-09-20 11:42:12', '2023-09-20 11:42:25'),
(1522, 'App\\Models\\User', 7, '7', 'cdcec56ccdd97f60665225ba74d1adad8f02017914a2b935c2186867019118db', '[\"*\"]', '2023-09-20 11:42:41', '2023-09-20 11:42:40', '2023-09-20 11:42:41'),
(1523, 'App\\Models\\User', 7, '7', '8e095fd2d16b5ba62c29e8caac7f483cd1da2b79e63b78cd1a4a61bdd45f3d4e', '[\"*\"]', '2023-09-20 11:43:37', '2023-09-20 11:43:18', '2023-09-20 11:43:37'),
(1524, 'App\\Models\\User', 7, '7', '99f33029d3f1bed242aa4a28bcbbff3d53d9771a9b17b30a4faaaeff4a03a62d', '[\"*\"]', '2023-09-20 11:47:02', '2023-09-20 11:46:29', '2023-09-20 11:47:02'),
(1525, 'App\\Models\\User', 7, '7', 'b9b557aaac967be943700272eb74659064e302617427c812770de16f52a59b4a', '[\"*\"]', '2023-09-20 11:55:50', '2023-09-20 11:55:33', '2023-09-20 11:55:50'),
(1526, 'App\\Models\\User', 7, '7', 'a2f4628594863828fe50559462c9fe9671b550b07a9aef0e2be05bcb1e86dfd7', '[\"*\"]', '2023-09-20 12:00:41', '2023-09-20 11:59:40', '2023-09-20 12:00:41'),
(1527, 'App\\Models\\User', 7, '7', 'e6e40ead342682cf93f4d38a7f7571825e6bbfbed39223063bc3570df49a6757', '[\"*\"]', '2023-09-20 12:25:40', '2023-09-20 12:24:17', '2023-09-20 12:25:40'),
(1528, 'App\\Models\\User', 7, '7', 'd3c03a539da26fb5bfab5cee8b76a7b0a0158907403a29c927cf8b282ef5b012', '[\"*\"]', '2023-09-20 12:42:49', '2023-09-20 12:42:47', '2023-09-20 12:42:49'),
(1529, 'App\\Models\\User', 7, '7', '5bebe69aa14492d52e079d98dc5c5d4d835188044c4273635dfca2c9f9c843da', '[\"*\"]', '2023-09-20 12:45:16', '2023-09-20 12:45:09', '2023-09-20 12:45:16'),
(1530, 'App\\Models\\User', 7, '7', 'd37d8a9512ec887e83d5445d7f0676a4fc04a79bd084bee14bcfb45660a028db', '[\"*\"]', '2023-09-20 12:48:14', '2023-09-20 12:47:54', '2023-09-20 12:48:14'),
(1531, 'App\\Models\\User', 7, '7', '8c1ecd21d6880087285f9a98d8eea33dfb74c03a454e11543960073d8eb4ad7e', '[\"*\"]', '2023-09-20 12:57:04', '2023-09-20 12:55:36', '2023-09-20 12:57:04'),
(1532, 'App\\Models\\User', 7, '7', '31c621b1b8940957c5038df460ed22ac8bfe06cfc3104f7e1f2a1b3fece57eae', '[\"*\"]', '2023-09-20 13:01:09', '2023-09-20 12:59:41', '2023-09-20 13:01:09'),
(1533, 'App\\Models\\User', 7, '7', '7e8c85993395aefa3b3870075ab056a61a16265b2b7dfdbf5eafbaa983500331', '[\"*\"]', '2023-09-21 05:19:20', '2023-09-21 05:17:38', '2023-09-21 05:19:20'),
(1534, 'App\\Models\\User', 7, '7', '241a3df9388cb9b8024568c1e02fc1632375b53c8c66c0b0b2d6a18c7146d28b', '[\"*\"]', NULL, '2023-09-21 05:20:54', '2023-09-21 05:20:54'),
(1535, 'App\\Models\\User', 7, '7', '5a74c711d9e2c8378d96ad8a2646c1b6473894d9577c026f4c36400e90d43c39', '[\"*\"]', '2023-09-21 06:28:08', '2023-09-21 06:28:03', '2023-09-21 06:28:08'),
(1536, 'App\\Models\\User', 7, '7', '195a8b7a89fdb8359e2260e1cef4cb65e7eef1b8440c03d3e93739eeae468985', '[\"*\"]', '2023-09-21 06:35:48', '2023-09-21 06:35:39', '2023-09-21 06:35:48'),
(1537, 'App\\Models\\User', 7, '7', '8973488432541b7d9ce903c2862931324443011b9e81659383fbadaf064111e1', '[\"*\"]', '2023-09-21 06:37:44', '2023-09-21 06:37:04', '2023-09-21 06:37:44'),
(1538, 'App\\Models\\User', 7, '7', 'd2f7771e531015a3260e7223a76010115a72679b82631f24a6c2352785055296', '[\"*\"]', '2023-09-21 06:42:42', '2023-09-21 06:39:54', '2023-09-21 06:42:42'),
(1539, 'App\\Models\\User', 7, '7', 'e7004661441bec6a7cb579859a885c3f121c5d1a0c4b577b9e6a56f8c6cf7cf1', '[\"*\"]', '2023-09-21 06:46:07', '2023-09-21 06:45:53', '2023-09-21 06:46:07'),
(1540, 'App\\Models\\User', 7, '7', '2d88ff283e8ef87dfc7a5b90a87e9a8425ed28868e2a0f7cd8bd6184202e593c', '[\"*\"]', '2023-09-21 06:47:33', '2023-09-21 06:47:22', '2023-09-21 06:47:33'),
(1541, 'App\\Models\\User', 7, '7', 'e22c412a440b012a0b9685127bbf83e248a0bf7dff5c1297bca7529061a6b16c', '[\"*\"]', '2023-09-21 06:48:25', '2023-09-21 06:48:17', '2023-09-21 06:48:25'),
(1542, 'App\\Models\\User', 7, '7', '81d62381e98132622d232da68ee7795228c67c70d5cd78071b8fbd08b34afd57', '[\"*\"]', '2023-09-21 06:54:05', '2023-09-21 06:53:47', '2023-09-21 06:54:05'),
(1543, 'App\\Models\\User', 7, '7', 'f40643ea25df0f03672c3aa410ba226ee0cc35eb1e4ca761ceafbacf75b31a60', '[\"*\"]', '2023-09-21 06:55:51', '2023-09-21 06:55:50', '2023-09-21 06:55:51'),
(1544, 'App\\Models\\User', 7, '7', 'f04e1bde59052d45a8c32ad86cf907ef48a3c2fb729294541432616741b0a4f6', '[\"*\"]', '2023-09-21 06:57:24', '2023-09-21 06:56:34', '2023-09-21 06:57:24'),
(1545, 'App\\Models\\User', 7, '7', '63ddccbc7f18fef9b0347ff15d50b5858ab09ffc562a2ed8540dbb1f887018ce', '[\"*\"]', '2023-09-21 07:04:54', '2023-09-21 06:57:38', '2023-09-21 07:04:54'),
(1546, 'App\\Models\\User', 7, '7', '1ec8070407fa400d3cf53a68365959e09a3b5876d565928930bbf448f55dafc0', '[\"*\"]', '2023-09-21 07:07:30', '2023-09-21 07:05:51', '2023-09-21 07:07:30'),
(1547, 'App\\Models\\User', 7, '7', '00cc1b1dcb6b8c0f364836b0b56e804fe7f0143dfb7b8c50efb942c0a181c68f', '[\"*\"]', '2023-09-21 07:15:39', '2023-09-21 07:13:31', '2023-09-21 07:15:39'),
(1548, 'App\\Models\\User', 7, '7', '588efab4dc679b39c37e5eebedcabca8283b2ab5b16c5a3d4e6172694b1682cd', '[\"*\"]', '2023-09-21 07:18:40', '2023-09-21 07:17:59', '2023-09-21 07:18:40'),
(1549, 'App\\Models\\User', 7, '7', '0badc9a779c661f4773e8f9310ae52cc43602b172187ae608c0a64c40fd08f8d', '[\"*\"]', '2023-09-21 07:19:50', '2023-09-21 07:19:40', '2023-09-21 07:19:50'),
(1550, 'App\\Models\\User', 7, '7', '0beb1a02dfaed4c25d5df0445946236a82a339b17173420d33f388cc31d8ac12', '[\"*\"]', '2023-09-21 07:26:34', '2023-09-21 07:26:30', '2023-09-21 07:26:34'),
(1551, 'App\\Models\\User', 7, '7', 'e0accbec422927fdab4117113c1d1e08593c1e0a490703b099070b3ec0380120', '[\"*\"]', '2023-09-21 07:27:49', '2023-09-21 07:27:20', '2023-09-21 07:27:49'),
(1552, 'App\\Models\\User', 7, '7', '179bb86b62440664e28fef6df3a1a89816afeb68e960e346b80968b136544b7e', '[\"*\"]', '2023-09-21 07:29:34', '2023-09-21 07:29:28', '2023-09-21 07:29:34'),
(1553, 'App\\Models\\User', 7, '7', '222265b8c868108144fefc748e38e1f5c897ccee96a79e86747eff1756327a30', '[\"*\"]', '2023-09-21 07:30:06', '2023-09-21 07:29:59', '2023-09-21 07:30:06'),
(1554, 'App\\Models\\User', 7, '7', '35b1335d29b0e4f4c10d080103d64ce23c261b0b8cdcb68d54462a4c350bd9b2', '[\"*\"]', '2023-09-21 07:32:01', '2023-09-21 07:31:59', '2023-09-21 07:32:01'),
(1555, 'App\\Models\\User', 7, '7', 'e50a3b8927b162d6fb8eba6c8c4db9f0e7971e5bee8fe7b7617c687543686cef', '[\"*\"]', '2023-09-21 07:33:31', '2023-09-21 07:33:24', '2023-09-21 07:33:31'),
(1556, 'App\\Models\\User', 7, '7', 'a513cf4a8fd520e2d66fd245ddda70cc825af76da913f406f6dc185ddd328df6', '[\"*\"]', NULL, '2023-09-21 07:38:07', '2023-09-21 07:38:07'),
(1557, 'App\\Models\\User', 7, '7', 'e64a643c0938ac1965920352de2cd943a2ad5d5955f6af7d310d24f3dfc3bc78', '[\"*\"]', '2023-09-21 07:38:48', '2023-09-21 07:38:26', '2023-09-21 07:38:48'),
(1558, 'App\\Models\\User', 7, '7', 'b362f552af241180cfc088884c1abcec658f0e350b88435b038dfd5298109a06', '[\"*\"]', '2023-09-21 07:39:31', '2023-09-21 07:39:30', '2023-09-21 07:39:31'),
(1559, 'App\\Models\\User', 7, '7', 'f2a9e047268925760fe7dc56d865cbc7b762ed4528c1c88c9f98f5997038364e', '[\"*\"]', '2023-09-21 08:01:24', '2023-09-21 08:00:51', '2023-09-21 08:01:24'),
(1560, 'App\\Models\\User', 7, '7', 'd64878d578842b8740f93d28cb3377cfa70a7f525aac5cbf5ab2947396063ecc', '[\"*\"]', '2023-09-21 08:05:09', '2023-09-21 08:04:55', '2023-09-21 08:05:09'),
(1561, 'App\\Models\\User', 7, '7', '68746de17193b8cff59775e7ea29dc30b293ba2e2d5989759abc97c23de0bf96', '[\"*\"]', '2023-09-21 08:06:02', '2023-09-21 08:05:44', '2023-09-21 08:06:02'),
(1562, 'App\\Models\\User', 7, '7', 'bf6f948fba2cef4fd49ef61c4ddbbc919c70e00253065ce072bd033295035922', '[\"*\"]', '2023-09-21 08:10:34', '2023-09-21 08:08:45', '2023-09-21 08:10:34'),
(1563, 'App\\Models\\User', 7, '7', 'b758c7d3c4d61aa7b250255398b608b40b9ec7e422d7165f96e4e160d0fcf7d4', '[\"*\"]', '2023-09-21 08:12:17', '2023-09-21 08:11:59', '2023-09-21 08:12:17'),
(1564, 'App\\Models\\User', 7, '7', '2e3023321e726d15beba70a5136daccf458fddd0218909ef8110a85e29f5e38a', '[\"*\"]', '2023-09-21 08:13:43', '2023-09-21 08:13:25', '2023-09-21 08:13:43'),
(1565, 'App\\Models\\User', 7, '7', 'b4553b33d6b03b7e63a7f3d9c19e34a7bc204dd20873949994f61306eaded3c7', '[\"*\"]', '2023-09-21 08:17:53', '2023-09-21 08:17:52', '2023-09-21 08:17:53'),
(1566, 'App\\Models\\User', 7, '7', '360ae6e1cf837d20ce7ac6f6f269f24e06e81640500f618faa8c969a6fea4f96', '[\"*\"]', '2023-09-21 08:19:01', '2023-09-21 08:18:53', '2023-09-21 08:19:01'),
(1567, 'App\\Models\\User', 7, '7', '22720843f379679ac10d587f1ca6d5e9efedf08b989d29312a5d6a1ba53b950c', '[\"*\"]', '2023-09-21 08:19:33', '2023-09-21 08:19:27', '2023-09-21 08:19:33'),
(1568, 'App\\Models\\User', 7, '7', '977d74edf8936d575eb2a60a60a67cd78402350fe283130ad3fa53ddefbaa097', '[\"*\"]', '2023-09-21 08:21:16', '2023-09-21 08:20:46', '2023-09-21 08:21:16'),
(1569, 'App\\Models\\User', 7, '7', 'c402b98f5387ad8b3e6ff48b7e44651742dd84e579699056e00b80a8e715fbea', '[\"*\"]', '2023-09-21 08:22:21', '2023-09-21 08:21:51', '2023-09-21 08:22:21'),
(1570, 'App\\Models\\User', 7, '7', 'de189194b2ee195f9759a51c4c1882368e7c12c2b17ba567b514d1b0af513e25', '[\"*\"]', '2023-09-21 09:24:24', '2023-09-21 09:24:12', '2023-09-21 09:24:24'),
(1571, 'App\\Models\\User', 7, '7', '6e6b1fbb047d550984c296e9cdc03a0f01a9f65d03f740bc30bec754de677079', '[\"*\"]', '2023-09-21 09:35:11', '2023-09-21 09:33:46', '2023-09-21 09:35:11'),
(1572, 'App\\Models\\User', 7, '7', '2dee682f6ab52941de91e6a78a442a43acdf9e23bab5a300f2fe55d203c2a28f', '[\"*\"]', '2023-09-21 10:34:47', '2023-09-21 10:33:20', '2023-09-21 10:34:47'),
(1573, 'App\\Models\\User', 7, '7', 'de0f216233e26f888a73c435d5a646cbe8bbaaa334baab442ff384427707c70b', '[\"*\"]', '2023-09-21 10:54:50', '2023-09-21 10:43:19', '2023-09-21 10:54:50'),
(1574, 'App\\Models\\User', 7, '7', '78395aa4f49c81acaf2a3e687391964f50cdaa2a4a236ce4556f9bf0db873d3c', '[\"*\"]', '2023-09-21 11:19:24', '2023-09-21 11:18:55', '2023-09-21 11:19:24'),
(1575, 'App\\Models\\User', 7, '7', '7e0040c56a697ac7a902da5647bf3ce8113f100bf5a1e5cc244317de72fd1f8c', '[\"*\"]', '2023-09-21 11:20:08', '2023-09-21 11:19:55', '2023-09-21 11:20:08'),
(1576, 'App\\Models\\User', 7, '7', '2e577f1bc62d211bfa5d7e7bd6b178c12b8dbe14bc6cb43e888810c6cab594a0', '[\"*\"]', '2023-09-21 11:22:16', '2023-09-21 11:21:34', '2023-09-21 11:22:16'),
(1577, 'App\\Models\\User', 7, '7', '7139b00a18791fc6c053954bbaef352bcbbeb2a084e4be011db8e40344d6d236', '[\"*\"]', '2023-09-21 12:28:39', '2023-09-21 12:28:30', '2023-09-21 12:28:39'),
(1578, 'App\\Models\\User', 7, '7', '90bc277ae01cde954597033f1d38214e2ccd548dde77fd71735b5b36381f1b9f', '[\"*\"]', '2023-09-22 05:35:02', '2023-09-22 05:32:59', '2023-09-22 05:35:02'),
(1579, 'App\\Models\\User', 7, '7', '4feae1e480f17c4cf81fd657939e8b066a359f1d2591d0294113b36aca122a3a', '[\"*\"]', '2023-09-22 05:38:09', '2023-09-22 05:38:02', '2023-09-22 05:38:09'),
(1580, 'App\\Models\\User', 7, '7', 'e4d26df3bfa3922591421bf047501c44a1e3cd08059851ce53e7476e09535648', '[\"*\"]', '2023-09-22 06:23:06', '2023-09-22 06:22:44', '2023-09-22 06:23:06'),
(1581, 'App\\Models\\User', 7, '7', '5b32aa472410220c7075cd6019dc0b3b720ea069973a861f70c5038acd6b966a', '[\"*\"]', '2023-09-22 06:26:26', '2023-09-22 06:26:17', '2023-09-22 06:26:26'),
(1582, 'App\\Models\\User', 7, '7', '8a5ecb0069bf18b08c8ee7f032fc2ba8f0a706c1b7b179783d94b4a518bd0b3b', '[\"*\"]', '2023-09-22 06:28:54', '2023-09-22 06:28:47', '2023-09-22 06:28:54'),
(1583, 'App\\Models\\User', 7, '7', '67f0f6c920a14d041f117a069058733189c408c53453507179627b3b06fef9af', '[\"*\"]', '2023-09-22 07:07:19', '2023-09-22 07:06:03', '2023-09-22 07:07:19'),
(1584, 'App\\Models\\User', 7, '7', 'd6d2aad68df24893cc18e32d8affc404b697b6cf6b8b6e04b7bb9c1ae3923e70', '[\"*\"]', '2023-09-22 07:09:41', '2023-09-22 07:09:05', '2023-09-22 07:09:41'),
(1585, 'App\\Models\\User', 7, '7', '5dae8aa88af5a3981c0b76af57dc13aebadc1f7591bb5cfca30f14adc5066a87', '[\"*\"]', '2023-09-22 07:13:34', '2023-09-22 07:13:33', '2023-09-22 07:13:34'),
(1586, 'App\\Models\\User', 7, '7', '6cbd90b74b2527e074e86d6dc83374293f283748f29a4120756c596c2bc400a2', '[\"*\"]', '2023-09-22 07:22:19', '2023-09-22 07:22:17', '2023-09-22 07:22:19'),
(1587, 'App\\Models\\User', 7, '7', '19de7e43f6cbbcdc4fa0c3c2383bce7f6145ca64f1b6bbefbae45e39501b6687', '[\"*\"]', '2023-09-22 07:26:41', '2023-09-22 07:26:15', '2023-09-22 07:26:41'),
(1588, 'App\\Models\\User', 7, '7', 'f49f47dffe45873873d88d395eb17e73d39ab3cdbb5c6eb6c6a021f046acf06e', '[\"*\"]', '2023-09-22 07:28:40', '2023-09-22 07:28:34', '2023-09-22 07:28:40'),
(1589, 'App\\Models\\User', 7, '7', '9a9df131162b1e7109990c9d5100244ba1ac0de3a8a7388ae836c36cc2cda8f5', '[\"*\"]', '2023-09-22 07:29:36', '2023-09-22 07:29:32', '2023-09-22 07:29:36'),
(1590, 'App\\Models\\User', 7, '7', 'd991b9547b24babc22d192f238af2608a1e5208de34e5f589a4d394a241dc2c1', '[\"*\"]', '2023-09-22 07:30:41', '2023-09-22 07:30:38', '2023-09-22 07:30:41'),
(1591, 'App\\Models\\User', 7, '7', 'd27a71ea611a800f0ca2c1257c70acfd32c9582273fbceb685fa687734eb2751', '[\"*\"]', '2023-09-22 07:36:10', '2023-09-22 07:36:06', '2023-09-22 07:36:10'),
(1592, 'App\\Models\\User', 7, '7', '970db93febc7a7de3c9bcea6523c2200a1c7834b7574064bdc00debf2fa2404e', '[\"*\"]', '2023-09-22 07:37:27', '2023-09-22 07:36:44', '2023-09-22 07:37:27'),
(1593, 'App\\Models\\User', 7, '7', 'd256a6734c350e90b7107537c4d4c8ecfe4a976119b5b78f396d757ded91a200', '[\"*\"]', '2023-09-22 07:39:08', '2023-09-22 07:39:05', '2023-09-22 07:39:08'),
(1594, 'App\\Models\\User', 7, '7', '69075cac28c253c07879e235e03d6005d2d96d8358a3c8a2b7682bc56dc0df24', '[\"*\"]', '2023-09-22 07:39:42', '2023-09-22 07:39:38', '2023-09-22 07:39:42'),
(1595, 'App\\Models\\User', 7, '7', 'bd1b7719e38f3896382aedbb83c6e93812edc2c05154c15282b505288a3a91da', '[\"*\"]', '2023-09-22 07:46:26', '2023-09-22 07:46:01', '2023-09-22 07:46:26'),
(1596, 'App\\Models\\User', 7, '7', 'f65bb13ec6f06465e710b55c06adf6b0701af16186ab72816b95a96fcfa4d8e5', '[\"*\"]', '2023-09-22 07:48:14', '2023-09-22 07:48:11', '2023-09-22 07:48:14'),
(1597, 'App\\Models\\User', 7, '7', '5915b6b4900a048bef4b74d5126e98a480bbcdcd6d045f0e1f9fd91eacfcb9b0', '[\"*\"]', '2023-09-22 07:49:18', '2023-09-22 07:49:13', '2023-09-22 07:49:18'),
(1598, 'App\\Models\\User', 7, '7', '8c6f42eec28b81fece0e00042cfeaeca729dd4251fe02a9bb1081f19765977d3', '[\"*\"]', '2023-09-22 07:53:17', '2023-09-22 07:53:14', '2023-09-22 07:53:17'),
(1599, 'App\\Models\\User', 7, '7', '3f161efb9b838f760669ea910bc190b911bd2892223ddca21df259f0b6113630', '[\"*\"]', '2023-09-22 07:54:29', '2023-09-22 07:54:26', '2023-09-22 07:54:29'),
(1600, 'App\\Models\\User', 7, '7', 'b0fb390b55556364098784662bf3c3739b5ae43dcea65559fbd68ede9fc578f3', '[\"*\"]', '2023-09-22 07:56:52', '2023-09-22 07:56:20', '2023-09-22 07:56:52'),
(1601, 'App\\Models\\User', 7, '7', 'a20f6888a59ff9dcc96b43ec2398b4744bf0cf32a696c0984d1a2d395c2222af', '[\"*\"]', '2023-09-22 07:58:58', '2023-09-22 07:58:49', '2023-09-22 07:58:58'),
(1602, 'App\\Models\\User', 7, '7', '7e51de48e5bf2155c130434639e6fe177c85beeca4e409360aaa334382f914af', '[\"*\"]', '2023-09-22 08:08:17', '2023-09-22 08:08:03', '2023-09-22 08:08:17'),
(1603, 'App\\Models\\User', 7, '7', '8f11cd169ff24f644ee43b8f35fb3caf01b78f1366457cfcb520edc3c1ff98ad', '[\"*\"]', '2023-09-22 08:11:25', '2023-09-22 08:11:14', '2023-09-22 08:11:25'),
(1604, 'App\\Models\\User', 7, '7', 'b481213eb4317a592bb82677585e5080ab138ef033179431a9a4e3fcc31651cf', '[\"*\"]', '2023-09-22 08:20:08', '2023-09-22 08:19:50', '2023-09-22 08:20:08'),
(1605, 'App\\Models\\User', 7, '7', 'e894ec1dac06ed0148964edccbcb8a9b69a277d75b4232105802c92774359fa0', '[\"*\"]', '2023-09-22 10:26:48', '2023-09-22 10:26:35', '2023-09-22 10:26:48'),
(1606, 'App\\Models\\User', 7, '7', 'f74d2d5b20c6c7ce105e37e29375a3f9ba284e0c1087f4c128e101065f87d458', '[\"*\"]', '2023-09-22 10:28:10', '2023-09-22 10:27:54', '2023-09-22 10:28:10'),
(1607, 'App\\Models\\User', 7, '7', 'e2af248d1e64e420ceb62043d1307ae567cddf0205526802d4f64c3380cef521', '[\"*\"]', '2023-09-22 10:30:26', '2023-09-22 10:30:15', '2023-09-22 10:30:26'),
(1608, 'App\\Models\\User', 7, '7', 'aebfb854d238793ecb46021688c04b5ac32a20148e1091518126cb5f5b0f29b9', '[\"*\"]', '2023-09-22 10:34:14', '2023-09-22 10:34:06', '2023-09-22 10:34:14'),
(1609, 'App\\Models\\User', 7, '7', 'a443c95df2f37265e5e0fa18358df4e5dcfac11ee4c760a4467364dec0a1d083', '[\"*\"]', '2023-09-22 10:52:21', '2023-09-22 10:52:14', '2023-09-22 10:52:21'),
(1610, 'App\\Models\\User', 7, '7', 'db3e896059e815646723d0bb19bcfb6a6c308eab4091553f36b666f104d703c7', '[\"*\"]', '2023-09-22 11:43:27', '2023-09-22 11:43:20', '2023-09-22 11:43:27'),
(1611, 'App\\Models\\User', 7, '7', '8642a4538d016aa853467a7c8607ea7b36b0729bac2bc0cfff302734d26be35b', '[\"*\"]', '2023-09-23 12:20:20', '2023-09-22 12:52:37', '2023-09-23 12:20:20'),
(1612, 'App\\Models\\User', 7, '7', '828fff932f8bf25fbc50da06b002921be3f685ce54894eb5c53a3588d2cc36ba', '[\"*\"]', '2023-09-23 05:57:04', '2023-09-23 05:56:47', '2023-09-23 05:57:04'),
(1613, 'App\\Models\\User', 7, '7', '1d26152a0f1e22051429b2ce51ce4340f3f735c0e5a7e1587e7c5929778b816a', '[\"*\"]', '2023-09-23 05:58:52', '2023-09-23 05:58:49', '2023-09-23 05:58:52'),
(1614, 'App\\Models\\User', 7, '7', '4063826e376350730dae3ad97ba3ac7deedc84dd00f6aac6de96e75c2a8209ee', '[\"*\"]', '2023-09-23 06:00:09', '2023-09-23 05:59:19', '2023-09-23 06:00:09'),
(1615, 'App\\Models\\User', 7, '7', '77d575376ebe1cfe9e47d88902941cb5c01c120768eefa4d2b5e0072a390aed3', '[\"*\"]', '2023-09-23 09:42:12', '2023-09-23 09:42:06', '2023-09-23 09:42:12'),
(1616, 'App\\Models\\User', 7, '7', '5d91ccf3fc310ee69cc453e5823c6fa9d2b471b42941ecd09c6c1cbda471bb98', '[\"*\"]', '2023-09-23 09:43:17', '2023-09-23 09:43:12', '2023-09-23 09:43:17'),
(1617, 'App\\Models\\User', 7, '7', '407b44193c9b9b2fbbf9eb3a320143e5dce17d9af0574f5c46aadb182a59de4a', '[\"*\"]', '2023-09-23 09:51:29', '2023-09-23 09:51:11', '2023-09-23 09:51:29'),
(1618, 'App\\Models\\User', 7, '7', '0388f7190f220ae18ab64159d1e6f3d731517d1774359d905b266cb7b3f56eff', '[\"*\"]', '2023-09-23 09:53:46', '2023-09-23 09:53:41', '2023-09-23 09:53:46'),
(1619, 'App\\Models\\User', 7, '7', 'd9c5027b46b4d6e237efd2b501e1128e05359d1ecf5b00dbfaaebd3f8fb1a4ca', '[\"*\"]', '2023-09-23 11:23:03', '2023-09-23 11:21:58', '2023-09-23 11:23:03'),
(1620, 'App\\Models\\User', 7, '7', 'ca57a1000ca13609200814e2fb3846d50373d628ae94e5bb12e350cc3ea8e5c8', '[\"*\"]', '2023-09-23 11:25:46', '2023-09-23 11:25:36', '2023-09-23 11:25:46'),
(1621, 'App\\Models\\User', 7, '7', '10bd9e0ba288144fc1e3704e86ce7ea1b660f74d179b137411b4a8a726a3ad7c', '[\"*\"]', '2023-09-23 11:28:09', '2023-09-23 11:27:57', '2023-09-23 11:28:09'),
(1622, 'App\\Models\\User', 7, '7', '505eaf437844791c851061d464196678d4ba5cc98b5fb6d5eb063f6af1dfb7d1', '[\"*\"]', '2023-09-23 11:51:40', '2023-09-23 11:28:34', '2023-09-23 11:51:40'),
(1623, 'App\\Models\\User', 7, '7', '238b5ea090d7226bcfae9d521262e95b46fdf92299f804e1197ca2aaed81b03f', '[\"*\"]', '2023-09-23 12:42:19', '2023-09-23 12:42:12', '2023-09-23 12:42:19'),
(1624, 'App\\Models\\User', 7, '7', '0976473e10118f29286d1b2201df3a94187431d90da855fc72726389ef061dda', '[\"*\"]', '2023-09-25 06:19:56', '2023-09-25 06:18:18', '2023-09-25 06:19:56'),
(1625, 'App\\Models\\User', 7, '7', '5b2e17df2917bb8d7416d45899590435e95aa5d056391975dc946c4f7c45b21a', '[\"*\"]', '2023-09-25 06:45:12', '2023-09-25 06:44:44', '2023-09-25 06:45:12'),
(1626, 'App\\Models\\User', 7, '7', '2c4b46355401585d6ea20d7322ebe1d744191d26f5f55a5169ae332cb57812a9', '[\"*\"]', '2023-09-25 06:45:58', '2023-09-25 06:45:24', '2023-09-25 06:45:58'),
(1627, 'App\\Models\\User', 7, '7', '571e331935d891cfdec9d808249c63d5744af08e076e88ebe9d20352f64fe28c', '[\"*\"]', '2023-09-25 06:51:25', '2023-09-25 06:51:11', '2023-09-25 06:51:25'),
(1628, 'App\\Models\\User', 7, '7', 'eda2816b9f01ef5a0ff674ba861eea141803020ff73129e1ec6f9b7742fafffa', '[\"*\"]', '2023-09-25 06:54:36', '2023-09-25 06:54:28', '2023-09-25 06:54:36'),
(1629, 'App\\Models\\User', 7, '7', '433d048aeb13722a3d4bb28ca97a9055edc0d5bfb30fde1aa4db7b8c50959b85', '[\"*\"]', '2023-09-25 07:18:54', '2023-09-25 07:18:14', '2023-09-25 07:18:54'),
(1630, 'App\\Models\\User', 7, '7', '4b3b36a9a85d223c306b56bde5eec25e3cd99080e6f035843c6d62e9482c7db7', '[\"*\"]', '2023-09-25 07:19:36', '2023-09-25 07:19:27', '2023-09-25 07:19:36'),
(1631, 'App\\Models\\User', 7, '7', '0ff4977985c5bf9b7b895224d1eb19740d3d5965fee37e749aa44274137d8295', '[\"*\"]', '2023-09-25 07:23:47', '2023-09-25 07:23:40', '2023-09-25 07:23:47'),
(1632, 'App\\Models\\User', 7, '7', '679598b4aef60f079fe56a0bd02f9c9b71e333f10a7959c908b00c2428b69cc6', '[\"*\"]', '2023-09-25 07:24:40', '2023-09-25 07:24:35', '2023-09-25 07:24:40'),
(1633, 'App\\Models\\User', 7, '7', '396bf21eed9dbb0f3e121ecacbd13414b7c9cb2d2beb93ec231dc50f5507fa76', '[\"*\"]', '2023-09-25 07:25:02', '2023-09-25 07:24:56', '2023-09-25 07:25:02'),
(1634, 'App\\Models\\User', 7, '7', '299885ed662dad1c0401865b9bd23c73b25b9ee7980dbab62f92d16229b9b521', '[\"*\"]', '2023-09-25 07:25:43', '2023-09-25 07:25:38', '2023-09-25 07:25:43'),
(1635, 'App\\Models\\User', 7, '7', 'cab8e8d65c1c9bc6e628f6ca39166a503f3396355a649e6e28ba1f3bcac5e0ee', '[\"*\"]', '2023-09-25 07:26:53', '2023-09-25 07:26:47', '2023-09-25 07:26:53'),
(1636, 'App\\Models\\User', 7, '7', '1751f7839f434a124bd228b9259c411fea9b24cd4b30473024bef78864ffdce3', '[\"*\"]', '2023-09-25 07:27:45', '2023-09-25 07:27:38', '2023-09-25 07:27:45'),
(1637, 'App\\Models\\User', 7, '7', '51bef28129d847e5c21ffc92af952203862bd2ee59c592ec4df68290ff089074', '[\"*\"]', '2023-09-25 07:29:01', '2023-09-25 07:28:56', '2023-09-25 07:29:01'),
(1638, 'App\\Models\\User', 7, '7', 'ed2dbc621b6df9ee823082a36a9830aa5cf599ecc0e471582d825cd6a8da5416', '[\"*\"]', '2023-09-25 07:29:43', '2023-09-25 07:29:41', '2023-09-25 07:29:43'),
(1639, 'App\\Models\\User', 7, '7', '75eab6fba704e06da63b7bddb232b441c360d5b855ac4dd341f9d97dfe4e46f7', '[\"*\"]', '2023-09-25 07:29:44', '2023-09-25 07:29:43', '2023-09-25 07:29:44'),
(1640, 'App\\Models\\User', 7, '7', '1e7ae323d42c5adaa1d9b05c6eaf06632a4b2c10b436ac453e030b5c1950243a', '[\"*\"]', '2023-09-25 07:29:45', '2023-09-25 07:29:44', '2023-09-25 07:29:45'),
(1641, 'App\\Models\\User', 7, '7', '50f0079bba8e6bcf2c98664aa361f45276792b4fde6aa031b438f8fb32d8d53f', '[\"*\"]', '2023-09-25 07:29:46', '2023-09-25 07:29:45', '2023-09-25 07:29:46'),
(1642, 'App\\Models\\User', 7, '7', '9ef75ce4d3df568e8899e0762d4125505108a5910636b0bcf397310500c8f42f', '[\"*\"]', '2023-09-25 07:29:47', '2023-09-25 07:29:46', '2023-09-25 07:29:47'),
(1643, 'App\\Models\\User', 7, '7', 'bab737000038fd7e48c946608660885ebc8fa4d6efe0aca72141900420626c99', '[\"*\"]', '2023-09-25 07:29:49', '2023-09-25 07:29:48', '2023-09-25 07:29:49'),
(1644, 'App\\Models\\User', 7, '7', '6d18b99f31c0fada495fb8126f9838d268e23bb6c913a03e0af3143bd5012814', '[\"*\"]', '2023-09-25 07:29:50', '2023-09-25 07:29:49', '2023-09-25 07:29:50'),
(1645, 'App\\Models\\User', 7, '7', '8f7c4425ca3e2dad8b2496eb5be26eed0df79cac5874b7a263a7610e84ef5a7c', '[\"*\"]', '2023-09-25 07:29:51', '2023-09-25 07:29:50', '2023-09-25 07:29:51'),
(1646, 'App\\Models\\User', 7, '7', '13b47bdbe5c606fe74504b80258132e5d4b58142277ddfd4df425b1675751bef', '[\"*\"]', '2023-09-25 07:29:53', '2023-09-25 07:29:52', '2023-09-25 07:29:53'),
(1647, 'App\\Models\\User', 7, '7', '1741af03c44a5e6cb9a8351f22e3a46773bfcb70e880cab47dbdbe7ea7332a46', '[\"*\"]', '2023-09-25 07:29:54', '2023-09-25 07:29:53', '2023-09-25 07:29:54'),
(1648, 'App\\Models\\User', 7, '7', 'df69c8a73796dce4902250d6360e5cdc8ca090be670b829365cfda4b2f0534b9', '[\"*\"]', '2023-09-25 07:29:55', '2023-09-25 07:29:54', '2023-09-25 07:29:55'),
(1649, 'App\\Models\\User', 7, '7', '0032afce2fd31331ce56a5260037d7a32f64633e293daf8aeca0c2b5a9366864', '[\"*\"]', '2023-09-25 07:31:51', '2023-09-25 07:31:45', '2023-09-25 07:31:51'),
(1650, 'App\\Models\\User', 7, '7', '4087c4912e7c9b850a5fe63f9d188c15310305ec28de176c3328ee69296e0b5c', '[\"*\"]', '2023-09-25 07:33:23', '2023-09-25 07:33:17', '2023-09-25 07:33:23'),
(1651, 'App\\Models\\User', 7, '7', '7c0e724fd26d9a42e9a6c29abec412b03d7bdd76bc860534cd5c468fa92663d0', '[\"*\"]', '2023-09-25 07:33:56', '2023-09-25 07:33:48', '2023-09-25 07:33:56'),
(1652, 'App\\Models\\User', 7, '7', '237134cf0fbf453e2ff88c6794d972bed505ba9ccc2641af99ad10645f4088cd', '[\"*\"]', '2023-09-25 07:44:58', '2023-09-25 07:44:48', '2023-09-25 07:44:58'),
(1653, 'App\\Models\\User', 7, '7', 'e63d280dcaf6d4b50555611c8c31e6ae1dc9c4f33717f8522322572f8bfa1f5b', '[\"*\"]', '2023-09-25 07:51:26', '2023-09-25 07:51:16', '2023-09-25 07:51:26'),
(1654, 'App\\Models\\User', 7, '7', '20a8659386ae1504c5ee46226537c08993e64df5bee75f483b25a489da90a0d1', '[\"*\"]', '2023-09-25 07:52:52', '2023-09-25 07:52:38', '2023-09-25 07:52:52'),
(1655, 'App\\Models\\User', 7, '7', '4d97d2cf8123c7ec9d5dc9ac92cdec6a859a310dc8e11cce0688e88b4cacd8e0', '[\"*\"]', '2023-09-25 07:53:53', '2023-09-25 07:53:41', '2023-09-25 07:53:53'),
(1656, 'App\\Models\\User', 7, '7', 'c66e3e667bc633b7c74e3f5c32ff72feb59b7f51d9830454da27a27f4d09bbc9', '[\"*\"]', '2023-09-25 07:59:25', '2023-09-25 07:59:02', '2023-09-25 07:59:25'),
(1657, 'App\\Models\\User', 7, '7', '82aac1c62e36cb6a47c2473455a46362a6e5f0523639fbe4768f63c496fb912d', '[\"*\"]', '2023-09-25 08:02:08', '2023-09-25 08:01:59', '2023-09-25 08:02:08'),
(1658, 'App\\Models\\User', 7, '7', '5a1b5532e2294c5beeffff8f2f9fe8e6dc8755b274615076627d39c541c6b5db', '[\"*\"]', '2023-09-25 08:04:23', '2023-09-25 08:04:09', '2023-09-25 08:04:23'),
(1659, 'App\\Models\\User', 7, '7', 'dfd248124993558d801be50bdb577eeee30ebe09657a8993054016aba7b313e6', '[\"*\"]', '2023-09-25 08:08:59', '2023-09-25 08:08:50', '2023-09-25 08:08:59'),
(1660, 'App\\Models\\User', 7, '7', 'fe989d4c1d69c037331521bceddf7211732793e508f7c78d6802ae5b68ecd5b0', '[\"*\"]', '2023-09-25 08:11:11', '2023-09-25 08:11:00', '2023-09-25 08:11:11'),
(1661, 'App\\Models\\User', 7, '7', '7b5ee4758974fa8122ea066201b9b34577ea018b0b2736ab0627c653e0ba5717', '[\"*\"]', '2023-09-25 08:12:16', '2023-09-25 08:12:06', '2023-09-25 08:12:16'),
(1662, 'App\\Models\\User', 7, '7', '888ea124d23302ac09529c43a6f54ec017c3579982a83d67e400294035a5cc9d', '[\"*\"]', '2023-09-25 08:13:13', '2023-09-25 08:13:04', '2023-09-25 08:13:13'),
(1663, 'App\\Models\\User', 7, '7', '9874e4c5ff4592f32951d4b25eeb46fd235ac8578b7319598f80d77c44baf437', '[\"*\"]', '2023-09-25 08:14:02', '2023-09-25 08:13:48', '2023-09-25 08:14:02'),
(1664, 'App\\Models\\User', 7, '7', '5017f2fdf37341b6c7921d75d94b9a92e28496bd3ba49434203210c59208575c', '[\"*\"]', '2023-09-25 08:16:04', '2023-09-25 08:15:54', '2023-09-25 08:16:04'),
(1665, 'App\\Models\\User', 7, '7', 'e7389e8b4c1303093ce9283ff9e951c3ce19a69dcc7e71b6941f392d212a4b08', '[\"*\"]', '2023-09-25 08:16:51', '2023-09-25 08:16:44', '2023-09-25 08:16:51'),
(1666, 'App\\Models\\User', 7, '7', 'a6dedcf31045dbd0967a345b95ef6e3cdb16eb9a0bef012d8fe99d23ee675f34', '[\"*\"]', '2023-09-25 08:30:18', '2023-09-25 08:26:53', '2023-09-25 08:30:18'),
(1667, 'App\\Models\\User', 7, '7', '2db787787dc537d546ed6e297aeaa8c6d3091966bbb317401924b216ab88e36a', '[\"*\"]', '2023-09-25 09:24:04', '2023-09-25 09:23:41', '2023-09-25 09:24:04'),
(1668, 'App\\Models\\User', 7, '7', '356b87f233e522338921ca68bf4859b08561c49431e4df545a557cc6832ccbb2', '[\"*\"]', '2023-09-25 09:25:48', '2023-09-25 09:25:38', '2023-09-25 09:25:48'),
(1669, 'App\\Models\\User', 7, '7', 'ea25f09a7d959ea2df726d27f5c07ff5880764414b777bb2710e6a081f7cac78', '[\"*\"]', '2023-09-25 09:28:05', '2023-09-25 09:27:59', '2023-09-25 09:28:05'),
(1670, 'App\\Models\\User', 7, '7', '53e7a04b7f51cb033e3099b1fcd413285d93e22def7be734fb56f1f4fbcabe87', '[\"*\"]', '2023-09-25 09:28:58', '2023-09-25 09:28:53', '2023-09-25 09:28:58'),
(1671, 'App\\Models\\User', 7, '7', 'd935f73cfd5ef33a624452ac8c384d60fa8ab484028f781d1faac500dd64c68e', '[\"*\"]', '2023-09-25 09:29:45', '2023-09-25 09:29:39', '2023-09-25 09:29:45'),
(1672, 'App\\Models\\User', 7, '7', 'b0e32bf0d8b550c598b22e1806bc2751548d7d22a79d1fb70f995396a40aeb95', '[\"*\"]', '2023-09-25 09:36:03', '2023-09-25 09:35:53', '2023-09-25 09:36:03'),
(1673, 'App\\Models\\User', 7, '7', 'd9fb925f3e9db8d3adf371eaa5669ed651261abe23648aab6d9f39951b5391a3', '[\"*\"]', '2023-09-25 09:36:52', '2023-09-25 09:36:45', '2023-09-25 09:36:52'),
(1674, 'App\\Models\\User', 7, '7', '9dda9de69a36a1f802d7e581ccddc109e4f4055b0d83b349de7df20940824aec', '[\"*\"]', '2023-09-25 09:45:22', '2023-09-25 09:44:26', '2023-09-25 09:45:22'),
(1675, 'App\\Models\\User', 7, '7', '5c39ccb5be786e2290a47f36b5ac55a89fda34c042b90cb6a0efc6115ef6d2bc', '[\"*\"]', '2023-09-25 09:56:52', '2023-09-25 09:56:46', '2023-09-25 09:56:52'),
(1676, 'App\\Models\\User', 7, '7', 'afe7ea15595006e41bf20a1f87533ae8b8cbf33b9f6451fb38ab0a1b1809d95a', '[\"*\"]', '2023-09-25 11:18:38', '2023-09-25 11:18:04', '2023-09-25 11:18:38'),
(1677, 'App\\Models\\User', 7, '7', '18f840d7f10eb7d5b48293a26f40829854b8dfb9c3dd042528d105096953d275', '[\"*\"]', '2023-09-26 05:34:52', '2023-09-26 05:34:29', '2023-09-26 05:34:52'),
(1678, 'App\\Models\\User', 7, '7', '5dec0b03c15122ef5912028178266134a12b5a34d09da4062aecd30b4f72c0e7', '[\"*\"]', '2023-09-26 06:37:15', '2023-09-26 05:35:30', '2023-09-26 06:37:15'),
(1679, 'App\\Models\\User', 7, '7', '23900b2c0b9d48e7ce3403d29dec5bed43c5b3a47d995a21a07a1d900ccb7d52', '[\"*\"]', '2023-09-26 07:03:37', '2023-09-26 07:03:23', '2023-09-26 07:03:37'),
(1680, 'App\\Models\\User', 7, '7', 'b06e48c9960a284c48df761d9ed0836ffddb17c995aba4563c0918f4d3f5d2d9', '[\"*\"]', '2023-09-26 07:12:18', '2023-09-26 07:12:12', '2023-09-26 07:12:18'),
(1681, 'App\\Models\\User', 7, '7', 'fa85367818688ef053765eea8a0c7b1b19ede9df8f96f8e64c9aa4b0cdca7953', '[\"*\"]', '2023-09-26 07:13:12', '2023-09-26 07:13:11', '2023-09-26 07:13:12'),
(1682, 'App\\Models\\User', 7, '7', '7f5b5128b4c7dfe488bd1b25862ad00ee4dfd23e37d0b7c5dca77ff2ea08646b', '[\"*\"]', '2023-09-26 07:13:38', '2023-09-26 07:13:37', '2023-09-26 07:13:38'),
(1683, 'App\\Models\\User', 7, '7', 'cafd8f5b1be33bffbafbb291d742ff01896487fbf4924960bc36b70079fb1edb', '[\"*\"]', '2023-09-26 07:14:17', '2023-09-26 07:14:16', '2023-09-26 07:14:17'),
(1684, 'App\\Models\\User', 7, '7', 'bbcf4ef14fcaa78b0ab1baf5e35aec092a53b456c83be255710b37f8642c9ae5', '[\"*\"]', '2023-09-26 07:14:59', '2023-09-26 07:14:58', '2023-09-26 07:14:59'),
(1685, 'App\\Models\\User', 7, '7', '0d9cd366b6924ec5ab031eb21522e35cc3a0967fc605c90b4139debba21b4986', '[\"*\"]', '2023-09-26 07:15:43', '2023-09-26 07:15:42', '2023-09-26 07:15:43'),
(1686, 'App\\Models\\User', 7, '7', 'aa8cbde34af46c954dbde387e272c16eaf3c08735f61516bfc78ee1d67ae2422', '[\"*\"]', '2023-09-26 07:16:04', '2023-09-26 07:16:03', '2023-09-26 07:16:04'),
(1687, 'App\\Models\\User', 7, '7', '254ba4d95a570377f4034948720cdea3f3940427b7fd8018ccd43d89eac614d1', '[\"*\"]', '2023-09-26 07:16:52', '2023-09-26 07:16:51', '2023-09-26 07:16:52'),
(1688, 'App\\Models\\User', 7, '7', '4af559dd77909234a5c068b103bb9826753187657ee41045f2c3efcd8892b913', '[\"*\"]', '2023-09-26 07:17:32', '2023-09-26 07:17:31', '2023-09-26 07:17:32'),
(1689, 'App\\Models\\User', 7, '7', 'dacb2e54aca67171ce7e51f4f4efdcbd52b628583324740acba28fabdfce7e8b', '[\"*\"]', '2023-09-26 07:19:59', '2023-09-26 07:17:58', '2023-09-26 07:19:59'),
(1690, 'App\\Models\\User', 7, '7', '9771bb5ce03e38406b9cf75b6d91365ceb6bcc5637cd2ed1a0d62f8e849b43eb', '[\"*\"]', '2023-09-26 07:24:14', '2023-09-26 07:24:03', '2023-09-26 07:24:14'),
(1691, 'App\\Models\\User', 7, '7', '7342fd393b478af4f857768ca9c3f2c6b41cc1367b290c7d893b5e7c548e74e8', '[\"*\"]', '2023-09-26 07:46:27', '2023-09-26 07:42:26', '2023-09-26 07:46:27'),
(1692, 'App\\Models\\User', 7, '7', '92ca2337c9a58d2da4ab47f32b12e65b7e0d0a13e8e6553492d8b06d6a7928b5', '[\"*\"]', '2023-09-26 07:47:20', '2023-09-26 07:47:19', '2023-09-26 07:47:20'),
(1693, 'App\\Models\\User', 7, '7', 'dd87412e54225aa8f747944e35e10bc5856da955ec31ef272670ede4e116be2a', '[\"*\"]', '2023-09-26 07:58:13', '2023-09-26 07:58:07', '2023-09-26 07:58:13'),
(1694, 'App\\Models\\User', 7, '7', '7ae25488719a94ad218caa619e5bfe9f27d093fb60873935e81fd50ed3827c1a', '[\"*\"]', '2023-09-26 08:04:18', '2023-09-26 08:02:55', '2023-09-26 08:04:18'),
(1695, 'App\\Models\\User', 7, '7', '5172d4d1193268bc8d9c927d35cfea0cc16ad2d0a9bb0cc07b646879f18e2f6d', '[\"*\"]', '2023-09-26 08:23:52', '2023-09-26 08:22:00', '2023-09-26 08:23:52'),
(1696, 'App\\Models\\User', 7, '7', 'ebbc9129bc2292dde91e523f13207d51c3d76966f04bfebc7d6436ef5e61df53', '[\"*\"]', '2023-09-26 08:26:22', '2023-09-26 08:26:14', '2023-09-26 08:26:22'),
(1697, 'App\\Models\\User', 7, '7', '5ab4fb9f04bab493efade7af26c485c4fc33a32ac2a380d21bb6b2e539b826b3', '[\"*\"]', '2023-09-26 08:29:56', '2023-09-26 08:29:50', '2023-09-26 08:29:56'),
(1698, 'App\\Models\\User', 7, '7', '929cadea8d1e2cb09c2edb14bce9e899bb663263bf33f33ff2ff570715e6a846', '[\"*\"]', '2023-09-26 09:20:56', '2023-09-26 09:20:52', '2023-09-26 09:20:56'),
(1699, 'App\\Models\\User', 7, '7', '608e2bd87ccf18e7a360a048331ce261436e92a6d76b89824e909190f19d8c1f', '[\"*\"]', '2023-09-26 09:22:49', '2023-09-26 09:22:38', '2023-09-26 09:22:49'),
(1700, 'App\\Models\\User', 7, '7', 'c4aa865842bbdd028a7fc437eb6f7710b5a868a2064ddd7f3c4ebf6d309508b3', '[\"*\"]', '2023-09-26 09:24:59', '2023-09-26 09:23:20', '2023-09-26 09:24:59'),
(1701, 'App\\Models\\User', 7, '7', '5e2723e8ea6b8fa6a9ec7492adcb24af80822f44859f0a1e9f924844d66298d4', '[\"*\"]', '2023-09-26 09:45:06', '2023-09-26 09:44:09', '2023-09-26 09:45:06'),
(1702, 'App\\Models\\User', 7, '7', '70052e89a17d47521765d19b1b7f51f9cadcd20c54db57fe2faf26505ef4b480', '[\"*\"]', '2023-09-26 09:54:54', '2023-09-26 09:53:27', '2023-09-26 09:54:54'),
(1703, 'App\\Models\\User', 7, '7', 'ac8f80dd8589a33fef223a420b9eda676308d0df351d5d305c8cd06c67036eff', '[\"*\"]', '2023-09-26 09:59:40', '2023-09-26 09:59:28', '2023-09-26 09:59:40'),
(1704, 'App\\Models\\User', 7, '7', 'd1ea0bc61fcbdfae7bafcb5b13402a4380574fa4265ab4e63ac59a63dcba6ff8', '[\"*\"]', '2023-09-26 10:01:00', '2023-09-26 10:00:56', '2023-09-26 10:01:00'),
(1705, 'App\\Models\\User', 7, '7', '72e292ac9757bfa5f1ece065f2e6282ba0e0319752e96a85eb222a13bd3e5988', '[\"*\"]', '2023-09-26 10:02:42', '2023-09-26 10:02:29', '2023-09-26 10:02:42'),
(1706, 'App\\Models\\User', 7, '7', 'd388af42603fb1b59c8809067195764800c65f25619dec2fb21d1e6c263bad98', '[\"*\"]', '2023-09-26 10:02:59', '2023-09-26 10:02:53', '2023-09-26 10:02:59'),
(1707, 'App\\Models\\User', 7, '7', 'f752055d8ebb3ef59c6695b54433defd01d2c48828383bd7016047338207df86', '[\"*\"]', '2023-09-26 10:14:32', '2023-09-26 10:11:06', '2023-09-26 10:14:32'),
(1708, 'App\\Models\\User', 7, '7', 'f045792ccf2c8674114fe7afceca5631262665a211c88b81117add4c39f4ba72', '[\"*\"]', '2023-09-26 10:18:05', '2023-09-26 10:17:41', '2023-09-26 10:18:05'),
(1709, 'App\\Models\\User', 7, '7', '1060f3e25c0a8fbaba162d4d6d49d51d30b8e749fa416984a34888bd4ae03007', '[\"*\"]', '2023-09-26 10:32:04', '2023-09-26 10:31:39', '2023-09-26 10:32:04'),
(1710, 'App\\Models\\User', 7, '7', '5f0805e089b317f9402e7956009621877fd4cdb922810fba23272dac3a2bcc3a', '[\"*\"]', '2023-09-26 10:33:24', '2023-09-26 10:33:13', '2023-09-26 10:33:24'),
(1711, 'App\\Models\\User', 7, '7', 'd2b2b93271e3cd38177f606a3ab6172fb12da22bf19b5559e1675b51976aff80', '[\"*\"]', '2023-09-26 10:46:12', '2023-09-26 10:45:20', '2023-09-26 10:46:12'),
(1712, 'App\\Models\\User', 7, '7', '4024eef975fe8023b333ab37abd7ddd0e9ea03de2a1b6874022457121ca43926', '[\"*\"]', '2023-09-26 11:35:45', '2023-09-26 11:32:25', '2023-09-26 11:35:45'),
(1713, 'App\\Models\\User', 7, '7', 'ad8360d6ea743094831e9f6778842e80cd621c30d496a9bad7520719ab70fb8d', '[\"*\"]', '2023-09-26 11:41:30', '2023-09-26 11:41:22', '2023-09-26 11:41:30'),
(1714, 'App\\Models\\User', 7, '7', 'de2d665ba103b29f898a8b1deb3e590045d431f57851a69482bcc6304cdd7310', '[\"*\"]', '2023-09-26 11:45:36', '2023-09-26 11:44:57', '2023-09-26 11:45:36'),
(1715, 'App\\Models\\User', 7, '7', '95b73d40c3dc1115a765f5d64a9f12783aa9c330065079a3c0b4951c305365c1', '[\"*\"]', '2023-09-26 11:52:14', '2023-09-26 11:52:07', '2023-09-26 11:52:14'),
(1716, 'App\\Models\\User', 7, '7', '2f612d309023e66472c5750d591f9e18cb34de5e3e578170d6d2582f0923d130', '[\"*\"]', '2023-09-26 12:24:15', '2023-09-26 12:24:07', '2023-09-26 12:24:15'),
(1717, 'App\\Models\\User', 7, '7', '3ec140a92504b91bcc5166280da875653b9e3d58ef80a51d23628dfe4fff1cf2', '[\"*\"]', '2023-09-26 12:29:48', '2023-09-26 12:29:41', '2023-09-26 12:29:48'),
(1718, 'App\\Models\\User', 7, '7', '90a3bc6ed8c4cf932a2c1ab3892d8688103928943e8fb68fbaa6894203551ae2', '[\"*\"]', NULL, '2023-09-26 12:34:14', '2023-09-26 12:34:14'),
(1719, 'App\\Models\\User', 7, '7', '6dd25817e247b89a547d90f350e38a93567855cfea2daebba6e0dffbd085b5a2', '[\"*\"]', '2023-09-26 12:34:38', '2023-09-26 12:34:32', '2023-09-26 12:34:38'),
(1720, 'App\\Models\\User', 7, '7', 'b3caea578358437f7e56b6e2ec6e1f96c7658e695b3b81701922192a2b6e6bda', '[\"*\"]', '2023-09-26 12:40:56', '2023-09-26 12:40:54', '2023-09-26 12:40:56'),
(1721, 'App\\Models\\User', 7, '7', 'a7fc2159b86a9f7bbeac1d2c7db390e8458bb1fbcb1d8d3bc010fedc735014cd', '[\"*\"]', '2023-09-27 06:12:55', '2023-09-27 06:12:53', '2023-09-27 06:12:55'),
(1722, 'App\\Models\\User', 7, '7', 'baa916eeed962519dc77479487552a5410aebbb3956f795927823c0f8a44688e', '[\"*\"]', '2023-09-27 06:14:03', '2023-09-27 06:14:01', '2023-09-27 06:14:03'),
(1723, 'App\\Models\\User', 7, '7', '396bd4c2e7acc85797b28a5665fb34da9c6033ef0118b50415139d9806af448e', '[\"*\"]', '2023-09-27 06:16:09', '2023-09-27 06:16:07', '2023-09-27 06:16:09'),
(1724, 'App\\Models\\User', 7, '7', '207534ff64596a3f3d7f10e987c16d8ae8708380827ea57af1c7e2f67d85d39b', '[\"*\"]', '2023-09-27 06:16:43', '2023-09-27 06:16:42', '2023-09-27 06:16:43'),
(1725, 'App\\Models\\User', 7, '7', 'ef36986b72a463134556ebe6fd4b74c8ec1545a85500129b638cee00d1edb091', '[\"*\"]', '2023-09-27 06:17:21', '2023-09-27 06:17:20', '2023-09-27 06:17:21'),
(1726, 'App\\Models\\User', 7, '7', 'ebdf1800acb144ea1114a5a6ec9851fcd68ed4546d1a1465f5d57a5f1b843e06', '[\"*\"]', '2023-09-27 06:42:47', '2023-09-27 06:40:06', '2023-09-27 06:42:47'),
(1727, 'App\\Models\\User', 7, '7', '227b99614f5386a19b4a6c3d984e9abe2f28c95318e7ea317a2b2ca45151b4cf', '[\"*\"]', '2023-09-27 06:45:10', '2023-09-27 06:45:02', '2023-09-27 06:45:10'),
(1728, 'App\\Models\\User', 7, '7', 'fb75cb9e29f715f24c13986da2d7ac57e2b77d4089982f4fb02080ec1071cdc2', '[\"*\"]', '2023-09-27 06:47:14', '2023-09-27 06:47:09', '2023-09-27 06:47:14'),
(1729, 'App\\Models\\User', 7, '7', '8bf80a7bea930ea92a11c6532aa6b9fdc6f1e022b707e1a7a64906c9dd229995', '[\"*\"]', '2023-09-27 06:49:50', '2023-09-27 06:49:44', '2023-09-27 06:49:50'),
(1730, 'App\\Models\\User', 7, '7', 'e5db086389953b29c1cd9d2f6e70284df7322a5f36661ded6246b659e6d99c95', '[\"*\"]', '2023-09-27 06:57:34', '2023-09-27 06:57:09', '2023-09-27 06:57:34');
INSERT INTO `personal_access_tokens` (`id`, `tokenable_type`, `tokenable_id`, `name`, `token`, `abilities`, `last_used_at`, `created_at`, `updated_at`) VALUES
(1731, 'App\\Models\\User', 7, '7', 'a81ea27faa8705947abd8d73edd08e3477cff74338165010d56d358364215e65', '[\"*\"]', '2023-09-27 07:01:45', '2023-09-27 07:00:48', '2023-09-27 07:01:45'),
(1732, 'App\\Models\\User', 7, '7', '44708c1e987b1f77b794f69ceca0f20856184abadd4d96a5505e00a4801fd68e', '[\"*\"]', '2023-09-27 07:02:43', '2023-09-27 07:02:38', '2023-09-27 07:02:43'),
(1733, 'App\\Models\\User', 7, '7', '70e1a0017aa333cb5eb431f8d3f2c0cdd902ff5412a7cefdac6d90b211ce1996', '[\"*\"]', '2023-09-27 07:04:28', '2023-09-27 07:04:09', '2023-09-27 07:04:28'),
(1734, 'App\\Models\\User', 7, '7', 'b41a65ce6a88f4a1e1562add45bfb17b88ca165b691da64308fdbc07b3e9b6fe', '[\"*\"]', '2023-09-27 07:06:06', '2023-09-27 07:06:01', '2023-09-27 07:06:06'),
(1735, 'App\\Models\\User', 7, '7', '91cf5c0ce3a3db94e99ef7d19bf547ae832c4f7c2f6eda3dc6bcd5d78a05dc92', '[\"*\"]', '2023-09-27 07:10:49', '2023-09-27 07:10:47', '2023-09-27 07:10:49'),
(1736, 'App\\Models\\User', 7, '7', 'dc276fd136b25e15cbd2da1f0e618305d13fc92e2bfa02fa077884a62925aeb9', '[\"*\"]', '2023-09-27 07:10:56', '2023-09-27 07:10:49', '2023-09-27 07:10:56'),
(1737, 'App\\Models\\User', 7, '7', '522d0da1ab36d12c8b0936f0b727fc87b075de3dec4bccc483d6ca6c23a87c96', '[\"*\"]', '2023-09-27 07:12:34', '2023-09-27 07:12:01', '2023-09-27 07:12:34'),
(1738, 'App\\Models\\User', 7, '7', '2f6d7c042c7c4478b8c4247ee0d7340bee6c6c3e888b20e0938e863a4a3d821b', '[\"*\"]', '2023-09-27 07:13:52', '2023-09-27 07:13:46', '2023-09-27 07:13:52'),
(1739, 'App\\Models\\User', 7, '7', 'ebcb431034389e0666ed241e397642c080a011fcb32b55b4546bd8886ed36b48', '[\"*\"]', '2023-09-27 07:17:01', '2023-09-27 07:16:56', '2023-09-27 07:17:01'),
(1740, 'App\\Models\\User', 7, '7', 'f86d4f21a7c3aeae8c0809332badc8a6e31b7c125659626daeceec1b7e38cc9f', '[\"*\"]', '2023-09-27 07:17:34', '2023-09-27 07:17:28', '2023-09-27 07:17:34'),
(1741, 'App\\Models\\User', 7, '7', 'fb86f49de2df153b2c3efb1fd6cda4fb2a92754fd386dbbbf6f77a268344bc74', '[\"*\"]', '2023-09-27 07:18:08', '2023-09-27 07:18:02', '2023-09-27 07:18:08'),
(1742, 'App\\Models\\User', 7, '7', '4b1ed54000005ac55ca0b4324613c16e46099a17234ecca9adbb47fdfff45a06', '[\"*\"]', '2023-09-27 07:19:21', '2023-09-27 07:19:15', '2023-09-27 07:19:21'),
(1743, 'App\\Models\\User', 7, '7', 'f3126b9ed859a026836701e79e334596088ea405e763f84200c219fb8617bdae', '[\"*\"]', '2023-09-27 07:20:49', '2023-09-27 07:20:34', '2023-09-27 07:20:49'),
(1744, 'App\\Models\\User', 7, '7', '8faedb14b46d3db50ef47cbcf35ffd78ae8d8ab5e1a7af52f04600f33fc6236e', '[\"*\"]', '2023-09-27 07:23:30', '2023-09-27 07:21:22', '2023-09-27 07:23:30'),
(1745, 'App\\Models\\User', 7, '7', '1757c699c43ad78fbced09a7ccc0e69c1e5b4b51f040b59577f4e928f7ff4163', '[\"*\"]', '2023-09-27 08:03:52', '2023-09-27 08:00:17', '2023-09-27 08:03:52'),
(1746, 'App\\Models\\User', 7, '7', '0a04dd4ab7425e4eca00ade57dec9c02492839b63df0bd973c0fa6a234f2cc14', '[\"*\"]', NULL, '2023-09-27 08:07:03', '2023-09-27 08:07:03'),
(1747, 'App\\Models\\User', 7, '7', 'baa391a409302333e792d194f22b58b9082ad633a59fb8ce7947b85afa3777ad', '[\"*\"]', '2023-09-27 08:19:38', '2023-09-27 08:19:32', '2023-09-27 08:19:38'),
(1748, 'App\\Models\\User', 7, '7', 'ba05c0a09a367dea28bde9c29f540b459b18af9f353e4977627e0325fa8c0087', '[\"*\"]', NULL, '2023-09-27 08:27:42', '2023-09-27 08:27:42'),
(1749, 'App\\Models\\User', 7, '7', 'b0b38ecfe7cc4b5d11017bd52be70c32a97701fe4ff9b4826a82a245f46457df', '[\"*\"]', NULL, '2023-09-27 09:22:06', '2023-09-27 09:22:06'),
(1750, 'App\\Models\\User', 7, '7', 'a44782d0ed1719e829072eab6dc93335f9823724960f31e3d3b95bd1dfa6500c', '[\"*\"]', '2023-09-27 09:39:59', '2023-09-27 09:38:46', '2023-09-27 09:39:59'),
(1751, 'App\\Models\\User', 7, '7', 'a0685dc889d42749323c610a97ae605b07f8fde125392c59ac43c8c719490f30', '[\"*\"]', '2023-09-27 09:57:56', '2023-09-27 09:57:55', '2023-09-27 09:57:56'),
(1752, 'App\\Models\\User', 7, '7', '890aa3a73c176a43e912675a1774cd54b8c9280293668d1a673bb87745db1e9d', '[\"*\"]', '2023-09-27 10:00:38', '2023-09-27 10:00:28', '2023-09-27 10:00:38'),
(1753, 'App\\Models\\User', 7, '7', '67903945f31dfd5a7b1353fb7b43391029ea9541a332874ee92d4e6b575aa5b3', '[\"*\"]', '2023-09-27 10:02:33', '2023-09-27 10:02:32', '2023-09-27 10:02:33'),
(1754, 'App\\Models\\User', 7, '7', '66b6b54a97e505dc0f33a667a9168608a943b6a788f66c9b3c8308c7b83f5376', '[\"*\"]', '2023-09-27 10:07:50', '2023-09-27 10:07:48', '2023-09-27 10:07:50'),
(1755, 'App\\Models\\User', 7, '7', 'a8955e477c30b7dcce98f5a75241cfa88280f673a4db461cd579aec6e2c6ef8f', '[\"*\"]', '2023-09-27 10:08:03', '2023-09-27 10:08:02', '2023-09-27 10:08:03'),
(1756, 'App\\Models\\User', 7, '7', '8331e9b2cca333ad27f2f06a3a6b1370b7496ee530b2d52db43c1b82dccae3c5', '[\"*\"]', '2023-09-27 10:16:21', '2023-09-27 10:16:20', '2023-09-27 10:16:21'),
(1757, 'App\\Models\\User', 7, '7', '7858839fdef5af6d154ecbd263eb479a18322294fe38d6130bdbeb6b9071f023', '[\"*\"]', '2023-09-27 11:18:05', '2023-09-27 11:18:03', '2023-09-27 11:18:05'),
(1758, 'App\\Models\\User', 7, '7', '722adbb39451ead3bf033347b6728a5ad95988194a046a83aeaafc71a0f74ecc', '[\"*\"]', '2023-09-27 11:19:40', '2023-09-27 11:19:38', '2023-09-27 11:19:40'),
(1759, 'App\\Models\\User', 7, '7', '6740d099f454e7825594274d0deac8d47374eaa584e3a203d06c762d0764ae75', '[\"*\"]', '2023-09-27 11:20:13', '2023-09-27 11:20:12', '2023-09-27 11:20:13'),
(1760, 'App\\Models\\User', 7, '7', '8d171478a4f02d736df374df18a5371c446ce90e5ec73be040e905f44bc8bf20', '[\"*\"]', '2023-09-27 11:37:56', '2023-09-27 11:35:34', '2023-09-27 11:37:56'),
(1761, 'App\\Models\\User', 7, '7', '74bc411531db05a8b60d454a069d0960d19d5ebc843bccf799c1235c16561df9', '[\"*\"]', '2023-09-27 11:46:06', '2023-09-27 11:44:32', '2023-09-27 11:46:06'),
(1762, 'App\\Models\\User', 7, '7', '9776ef44839a6c7e024f7649059a843f833b3b5462483aa6a2d392dbd621bea2', '[\"*\"]', '2023-09-27 11:49:34', '2023-09-27 11:49:12', '2023-09-27 11:49:34'),
(1763, 'App\\Models\\User', 7, '7', '3edd695e29bacd3b3b9c9a16cf20962c3f396a71dd532e03ee9d8fd591845559', '[\"*\"]', '2023-09-27 11:50:39', '2023-09-27 11:50:31', '2023-09-27 11:50:39'),
(1764, 'App\\Models\\User', 7, '7', 'b23bb56578823f5b99dacf648ff3ac1c48f63805e369402d7f254484de568d31', '[\"*\"]', '2023-09-27 12:00:06', '2023-09-27 11:59:26', '2023-09-27 12:00:06'),
(1765, 'App\\Models\\User', 7, '7', '7fb592d2ce786d993b2e1e2ad89efb1e9a46c7742dc162eacc0e345637c68064', '[\"*\"]', '2023-09-27 12:04:50', '2023-09-27 12:01:24', '2023-09-27 12:04:50'),
(1766, 'App\\Models\\User', 7, '7', 'b811043edb54d580b52a565472969df5e9f9fc5d0fa90a001acedff5b160303f', '[\"*\"]', '2023-09-27 12:14:01', '2023-09-27 12:13:32', '2023-09-27 12:14:01'),
(1767, 'App\\Models\\User', 7, '7', '80f4041fb06c19a58689b92b381443c417ddfa50a9d623b22db7faf190143ef4', '[\"*\"]', '2023-09-27 12:15:15', '2023-09-27 12:15:09', '2023-09-27 12:15:15'),
(1768, 'App\\Models\\User', 7, '7', 'ba36703e21048616c6fca32dd44ecf6979bf0de51323a9da6bf99f044ca5bb46', '[\"*\"]', '2023-09-27 12:18:57', '2023-09-27 12:18:50', '2023-09-27 12:18:57'),
(1769, 'App\\Models\\User', 7, '7', '3de4c3743ee6622037b849ea060a69ee7d7bd41c026a8dcb3cb0d93293c86c39', '[\"*\"]', '2023-09-27 12:29:08', '2023-09-27 12:27:03', '2023-09-27 12:29:08'),
(1770, 'App\\Models\\User', 7, '7', '21551f0fda36a99b628fe3cf12848ae56fdcd741a45ac3e0161eda7532a04b4c', '[\"*\"]', '2023-09-27 12:34:28', '2023-09-27 12:31:43', '2023-09-27 12:34:28'),
(1771, 'App\\Models\\User', 7, '7', '366063f92b9f314568f50831f73e1e7ef781a8829b82fe3608ada6091ff295d1', '[\"*\"]', '2023-09-28 10:33:49', '2023-09-28 10:33:40', '2023-09-28 10:33:49'),
(1772, 'App\\Models\\User', 7, '7', '1dfd7fc9cf4303c00bc967ea293a656db908fdbddb5a0655807776effbe4b629', '[\"*\"]', '2023-09-28 10:38:14', '2023-09-28 10:38:07', '2023-09-28 10:38:14'),
(1773, 'App\\Models\\User', 7, '7', '2edf5d09c221f33f19ccdd540cf6b9c852a38b41dbc80c4ae3abe908a131b14c', '[\"*\"]', '2023-09-28 10:38:52', '2023-09-28 10:38:46', '2023-09-28 10:38:52'),
(1774, 'App\\Models\\User', 7, '7', 'b2300f5f6a962794b7b2eb3440f8e30db40439e6a55381badb971e0639c86f97', '[\"*\"]', '2023-09-28 10:45:04', '2023-09-28 10:44:59', '2023-09-28 10:45:04'),
(1775, 'App\\Models\\User', 7, '7', '866e88149d956b5b2740ebc9722163c656d6e4c14c2a73d494673101c1cbd0b6', '[\"*\"]', '2023-09-29 04:59:56', '2023-09-29 04:59:52', '2023-09-29 04:59:56'),
(1776, 'App\\Models\\User', 7, '7', 'f2e8b8c18d16b563e3714028a3bd854b1253e65749e9b8291a353f821be83c40', '[\"*\"]', '2023-09-29 05:05:48', '2023-09-29 05:01:08', '2023-09-29 05:05:48'),
(1777, 'App\\Models\\User', 7, '7', '837543374ca215474089c2db210eef17ed223d008f77f4eb8c5029e486a62393', '[\"*\"]', '2023-09-29 05:29:20', '2023-09-29 05:26:47', '2023-09-29 05:29:20'),
(1778, 'App\\Models\\User', 7, '7', '008cf0e8c274c744c6cb97bd17e4ebf7a006346380346a2fe57d813b7deb9f0d', '[\"*\"]', '2023-09-29 05:38:40', '2023-09-29 05:37:37', '2023-09-29 05:38:40'),
(1779, 'App\\Models\\User', 7, '7', '3c2a7f2f8d2806080000db8132c92b990a090febb5b765292ffd874e8b30dcac', '[\"*\"]', '2023-09-29 05:43:49', '2023-09-29 05:42:51', '2023-09-29 05:43:49'),
(1780, 'App\\Models\\User', 7, '7', '8fa8fb4c65b78b01cce351f65043a3ec2e3bd06f7c431f4095e482e20c222412', '[\"*\"]', '2023-09-29 05:54:04', '2023-09-29 05:53:46', '2023-09-29 05:54:04'),
(1781, 'App\\Models\\User', 7, '7', '8c26e103c99151ac88ae6be37672d37704af72159ad2515bd8fd72c6a8952d5a', '[\"*\"]', '2023-09-29 06:01:48', '2023-09-29 05:55:40', '2023-09-29 06:01:48'),
(1782, 'App\\Models\\User', 7, '7', '323ab59b9f279b0d0655474b20ce6535362824a735f98f140027ae4359352365', '[\"*\"]', '2023-09-29 06:08:46', '2023-09-29 06:07:10', '2023-09-29 06:08:46'),
(1783, 'App\\Models\\User', 7, '7', '249837c55472576050442674c84d0d14c431174924395bb07923ef610d532daf', '[\"*\"]', '2023-09-29 06:16:10', '2023-09-29 06:11:04', '2023-09-29 06:16:10'),
(1784, 'App\\Models\\User', 7, '7', 'ad8bdff75c4d4e3de7116719ca4d5b29d88b916959d42bdd93e15d5dcf5f79ff', '[\"*\"]', '2023-09-29 07:09:35', '2023-09-29 07:09:33', '2023-09-29 07:09:35'),
(1785, 'App\\Models\\User', 7, '7', 'aeecbe95cf67edd318d1c14e712ffb0bba9644b436e4ea7030be5b505286d742', '[\"*\"]', '2023-09-29 07:09:45', '2023-09-29 07:09:35', '2023-09-29 07:09:45');

-- --------------------------------------------------------

--
-- Table structure for table `practisemcqs`
--

CREATE TABLE `practisemcqs` (
  `id` bigint(20) UNSIGNED NOT NULL,
  `user_id` bigint(20) UNSIGNED NOT NULL,
  `institute_id` bigint(20) NOT NULL,
  `que` longtext NOT NULL,
  `quemarathi` longtext DEFAULT NULL,
  `quehindi` longtext DEFAULT NULL,
  `subject_id` bigint(20) UNSIGNED NOT NULL,
  `mcq_type_id` bigint(20) UNSIGNED NOT NULL,
  `is_mcq` tinyint(1) NOT NULL DEFAULT 1,
  `wright_ans` longtext NOT NULL,
  `explanation` longtext DEFAULT NULL,
  `marathiwright_ans` longtext DEFAULT NULL,
  `explanation_marathi` longtext DEFAULT NULL,
  `hindiwright_ans` longtext DEFAULT NULL,
  `explanation_hindi` longtext DEFAULT NULL,
  `view` bigint(20) DEFAULT NULL,
  `deleted_at` timestamp NULL DEFAULT NULL,
  `created_at` timestamp NULL DEFAULT NULL,
  `updated_at` timestamp NULL DEFAULT NULL
) ENGINE=InnoDB DEFAULT CHARSET=utf8mb4 COLLATE=utf8mb4_unicode_ci;

--
-- Dumping data for table `practisemcqs`
--

INSERT INTO `practisemcqs` (`id`, `user_id`, `institute_id`, `que`, `quemarathi`, `quehindi`, `subject_id`, `mcq_type_id`, `is_mcq`, `wright_ans`, `explanation`, `marathiwright_ans`, `explanation_marathi`, `hindiwright_ans`, `explanation_hindi`, `view`, `deleted_at`, `created_at`, `updated_at`) VALUES
(1, 2, 2, '<p>fef</p>', NULL, NULL, 1, 1, 1, '1', '<p>3r3</p>', '1', NULL, '1', NULL, NULL, NULL, '2022-01-24 13:08:07', '2022-01-24 13:08:07'),
(2, 2, 2, '<p>tgt</p>', NULL, NULL, 1, 1, 1, '7', '<p>hth</p>', '7', NULL, '7', NULL, NULL, NULL, '2022-01-24 13:08:31', '2022-01-24 13:08:31'),
(3, 2, 2, '<ol><li><strong>1. Which of the following format you can decide to apply or not in AutoFormat dialog box?</strong></li></ol>', '<p><strong>1. ऑटोफॉर्मेट डायलॉग बॉक्समध्ये खालीलपैकी कोणते फॉरमॅट लागू करायचे की नाही हे तुम्ही ठरवू शकता?</strong></p>', '<p><strong>1. आप निम्न में से कौन सा प्रारूप AutoFormat डायलॉग बॉक्स में लागू करने या न करने का निर्णय ले सकते हैं?</strong></p>', 1, 3, 1, '12', '<p><strong>Answer: Option D</strong></p><p><strong>Solution:</strong></p><p>AutoFormat option in excel is a unique way of formatting data quickly, the first step is we need to select the entire data we need to format and then the second step we need to click on auto-format from the QAT and third step we need to choose the format from the different options.</p>', '12', '<p><strong>उत्तर: पर्याय डी</strong></p><p><strong>उपाय:</strong></p><p>एक्सेल मधील ऑटोफॉर्मेट पर्याय हा डेटा द्रुतपणे स्वरूपित करण्याचा एक अनोखा मार्ग आहे, पहिली पायरी म्हणजे आपल्याला स्वरूपित करण्यासाठी आवश्यक असलेला संपूर्ण डेटा निवडणे आवश्यक आहे आणि नंतर दुसऱ्या चरणात आपल्याला QAT वरून स्वयं-स्वरूपावर क्लिक करणे आवश्यक आहे आणि तिसरी पायरी आपल्याला आवश्यक आहे. विविध पर्यायांमधून स्वरूप निवडा.</p>', '12', '<p><strong>उत्तर: विकल्प डी</strong></p><p><strong>समाधान:</strong></p><p>एक्सेल में ऑटोफॉर्मेट विकल्प डेटा को जल्दी से स्वरूपित करने का एक अनूठा तरीका है, पहला कदम हमें पूरे डेटा का चयन करने की आवश्यकता है जिसे हमें प्रारूपित करने की आवश्यकता है और फिर दूसरा चरण हमें क्यूएटी से ऑटो-प्रारूप पर क्लिक करना है और तीसरा चरण जिसकी हमें आवश्यकता है विभिन्न विकल्पों में से प्रारूप चुनें।</p>', NULL, NULL, '2022-02-12 11:26:08', '2022-02-12 11:26:08'),
(4, 2, 2, '<p><strong>2. Choose None on Border tab of Format cells ?</strong></p>', '<p><strong>2 फॉरमॅट सेलच्या बॉर्डर टॅबवर काहीही निवडा?</strong></p>', '<p><strong>2. फ़ॉर्मेट सेल के बॉर्डर टैब पर कोई नहीं चुनें?</strong></p>', 1, 3, 1, '15', '<p><strong>Answer: Option C</strong></p><p><strong>Solution:</strong></p><p>On the Home tab, in the Font group, click the arrow next to Borders Button, and then click No Border Button.<br>--OR--<br>Click Home &gt; the Borders arrow &gt; Erase Border, and then select the cells with the border you want to erase.</p>', '15', '<p><strong>उत्तर: पर्याय C</strong></p><p><strong>उपाय:</strong></p><p>होम टॅबवर, फॉन्ट ग्रुपमध्ये, बॉर्डर्स बटणाच्या पुढील बाणावर क्लिक करा आणि नंतर नो बॉर्डर बटणावर क्लिक करा.<br>--किंवा--<br>मुख्यपृष्ठ &gt; सीमा बाण &gt; बॉर्डर पुसून टाका वर क्लिक करा आणि नंतर आपण मिटवू इच्छित असलेल्या बॉर्डरसह सेल निवडा.</p>', '15', '<p><strong>उत्तर: विकल्प सी</strong></p><p><strong>समाधान:</strong></p><p>होम टैब पर, फ़ॉन्ट समूह में, बॉर्डर्स बटन के आगे वाले तीर पर क्लिक करें और फिर कोई बॉर्डर नहीं बटन पर क्लिक करें।<br>--या--<br>होम &gt; बॉर्डर एरो &gt; बॉर्डर मिटाएं क्लिक करें और फिर उस बॉर्डर वाले सेल का चयन करें जिसे आप मिटाना चाहते हैं।</p>', NULL, NULL, '2022-02-12 11:34:05', '2022-02-12 11:34:05'),
(5, 2, 2, '<figure class=\"media\"><oembed url=\"https://www.youtube.com/watch?v=wpdUwVhj0MY\"></oembed></figure>', NULL, NULL, 1, 1, 1, '20', '<p>aaa</p>', '20', NULL, '20', NULL, NULL, NULL, '2022-04-13 09:48:11', '2022-04-13 09:48:22'),
(6, 2, 2, '<p>fffffwrawraw</p>', NULL, NULL, 1, 2, 1, '24', '<p>rsgdrgrdgrd</p>', '24', NULL, '24', NULL, NULL, NULL, '2022-05-03 13:23:40', '2022-05-03 13:23:40');

-- --------------------------------------------------------

--
-- Table structure for table `practise_exams`
--

CREATE TABLE `practise_exams` (
  `id` bigint(20) UNSIGNED NOT NULL,
  `user_id` bigint(20) UNSIGNED NOT NULL,
  `institute_id` bigint(20) NOT NULL,
  `question_bank_no` bigint(20) NOT NULL,
  `name` varchar(255) NOT NULL,
  `result` int(11) NOT NULL COMMENT '1 = show result,0 = not show result.',
  `created_at` timestamp NULL DEFAULT NULL,
  `updated_at` timestamp NULL DEFAULT NULL
) ENGINE=InnoDB DEFAULT CHARSET=utf8mb4 COLLATE=utf8mb4_unicode_ci;

-- --------------------------------------------------------

--
-- Table structure for table `practise_m_c_q_tests`
--

CREATE TABLE `practise_m_c_q_tests` (
  `id` bigint(20) UNSIGNED NOT NULL,
  `user_id` bigint(20) UNSIGNED NOT NULL,
  `institute_id` bigint(20) NOT NULL,
  `questionPaperName` text NOT NULL,
  `subject_id` bigint(20) UNSIGNED NOT NULL,
  `level` bigint(20) UNSIGNED NOT NULL,
  `total_writing_question` bigint(20) DEFAULT NULL,
  `total_mcq_question` bigint(20) NOT NULL,
  `each_writing_mark` int(11) NOT NULL DEFAULT 1,
  `each_mcq_mark` int(11) NOT NULL DEFAULT 1,
  `each_negative_writing_mark` int(11) NOT NULL DEFAULT 0,
  `each_negative_mcq_mark` int(11) NOT NULL DEFAULT 0,
  `required_time` bigint(20) NOT NULL,
  `question` text NOT NULL,
  `deleted_at` timestamp NULL DEFAULT NULL,
  `created_at` timestamp NULL DEFAULT NULL,
  `updated_at` timestamp NULL DEFAULT NULL
) ENGINE=InnoDB DEFAULT CHARSET=utf8mb4 COLLATE=utf8mb4_unicode_ci;

--
-- Dumping data for table `practise_m_c_q_tests`
--

INSERT INTO `practise_m_c_q_tests` (`id`, `user_id`, `institute_id`, `questionPaperName`, `subject_id`, `level`, `total_writing_question`, `total_mcq_question`, `each_writing_mark`, `each_mcq_mark`, `each_negative_writing_mark`, `each_negative_mcq_mark`, `required_time`, `question`, `deleted_at`, `created_at`, `updated_at`) VALUES
(1, 2, 2, 'PHP Paper', 1, 1, NULL, 2, 1, 5, 0, 0, 1, '[\"2\",\"1\"]', NULL, '2022-01-24 13:11:19', '2022-01-24 13:11:19'),
(2, 2, 2, 'test paper', 1, 1, NULL, 2, 1, 5, 0, 0, 1, '[\"1\",\"2\"]', NULL, '2022-01-24 13:31:25', '2022-01-24 13:31:25'),
(3, 2, 2, 'PHP Paper', 1, 1, NULL, 2, 1, 5, 0, 0, 1, '[\"1\",\"2\"]', NULL, '2022-01-28 11:31:01', '2022-01-28 11:31:01'),
(4, 2, 2, 'PHP Paper', 1, 3, NULL, 2, 1, 5, 0, 0, 1, '[\"3\",\"4\"]', NULL, '2022-02-15 13:02:42', '2022-02-15 13:02:42'),
(5, 2, 2, 'Computer Science PAPER', 1, 1, NULL, 3, 1, 5, 0, 0, 1, '[\"1\",\"2\",\"5\"]', NULL, '2022-05-03 13:20:37', '2022-05-03 13:20:37'),
(6, 2, 2, 'Laravel Test', 1, 1, NULL, 3, 1, 6, 0, 0, 1, '[\"5\",\"2\",\"1\"]', NULL, '2022-06-23 10:22:48', '2022-06-23 10:22:48');

-- --------------------------------------------------------

--
-- Table structure for table `practise_papers`
--

CREATE TABLE `practise_papers` (
  `id` bigint(20) UNSIGNED NOT NULL,
  `mcq_type_id` bigint(20) UNSIGNED NOT NULL,
  `student_id` bigint(20) UNSIGNED NOT NULL,
  `question_id` bigint(20) UNSIGNED NOT NULL,
  `answer_id` bigint(20) UNSIGNED DEFAULT NULL,
  `ans` text DEFAULT NULL,
  `created_at` timestamp NULL DEFAULT NULL,
  `updated_at` timestamp NULL DEFAULT NULL
) ENGINE=InnoDB DEFAULT CHARSET=utf8mb4 COLLATE=utf8mb4_unicode_ci;

--
-- Dumping data for table `practise_papers`
--

INSERT INTO `practise_papers` (`id`, `mcq_type_id`, `student_id`, `question_id`, `answer_id`, `ans`, `created_at`, `updated_at`) VALUES
(5, 3, 3, 3, 12, NULL, '2022-02-14 08:10:08', '2022-02-15 06:19:15'),
(6, 3, 3, 4, 15, NULL, '2022-02-14 08:10:25', '2022-02-15 06:19:22'),
(7, 1, 3, 1, 3, NULL, '2022-02-14 08:15:01', '2022-02-18 11:31:52'),
(8, 1, 3, 2, 5, NULL, '2022-02-14 08:15:07', '2022-02-18 11:31:57'),
(9, 1, 7, 1, 1, NULL, '2022-02-14 12:41:11', '2022-02-14 12:41:16'),
(10, 1, 7, 2, 5, NULL, '2022-02-14 12:41:22', '2022-02-14 12:41:22'),
(11, 2, 12, 6, 24, NULL, '2022-05-03 13:24:32', '2022-05-03 13:24:39'),
(12, 1, 12, 2, 5, NULL, '2022-05-14 11:51:46', '2022-05-14 11:51:46');

-- --------------------------------------------------------

--
-- Table structure for table `practise_students`
--

CREATE TABLE `practise_students` (
  `id` bigint(20) UNSIGNED NOT NULL,
  `user_id` bigint(20) UNSIGNED NOT NULL,
  `practise_exam_id` bigint(20) UNSIGNED NOT NULL,
  `created_at` timestamp NULL DEFAULT NULL,
  `updated_at` timestamp NULL DEFAULT NULL
) ENGINE=InnoDB DEFAULT CHARSET=utf8mb4 COLLATE=utf8mb4_unicode_ci;

-- --------------------------------------------------------

--
-- Table structure for table `practise_types`
--

CREATE TABLE `practise_types` (
  `id` bigint(20) UNSIGNED NOT NULL,
  `institute_id` bigint(20) UNSIGNED NOT NULL,
  `practise_type` bigint(20) UNSIGNED NOT NULL,
  `subject_id` bigint(20) UNSIGNED NOT NULL,
  `name` varchar(255) NOT NULL,
  `created_at` timestamp NULL DEFAULT NULL,
  `updated_at` timestamp NULL DEFAULT NULL
) ENGINE=InnoDB DEFAULT CHARSET=utf8mb4 COLLATE=utf8mb4_unicode_ci;

--
-- Dumping data for table `practise_types`
--

INSERT INTO `practise_types` (`id`, `institute_id`, `practise_type`, `subject_id`, `name`, `created_at`, `updated_at`) VALUES
(1, 2, 1, 1, 'SpeedPassage30', '2023-09-18 07:25:42', '2023-09-18 07:25:42'),
(2, 2, 1, 3, 'SpeedPassage30', '2023-09-18 07:39:25', '2023-09-18 07:39:25'),
(3, 2, 1, 2, 'SpeedPassage30', '2023-09-18 07:44:39', '2023-09-18 07:44:39'),
(4, 2, 1, 4, 'SpeedPassage40', '2023-09-18 08:05:47', '2023-09-18 08:05:47'),
(5, 2, 1, 1, 'SpeedLetter30', '2023-09-18 08:10:36', '2023-09-18 08:10:36'),
(6, 2, 1, 2, 'SpeedLetter40', '2023-09-18 08:11:08', '2023-09-18 08:11:08'),
(7, 2, 1, 1, 'SpeedStatement30', '2023-09-18 08:11:44', '2023-09-18 08:11:44'),
(8, 2, 1, 4, 'SpeedStatement40', '2023-09-18 08:12:05', '2023-09-18 08:12:05'),
(9, 2, 1, 2, 'SpeedStatement40', '2023-09-18 08:12:54', '2023-09-18 08:12:54'),
(10, 2, 1, 1, 'SpeedEmail30', '2023-09-18 08:13:39', '2023-09-18 08:13:39'),
(11, 2, 1, 2, 'SpeedEmail40', '2023-09-18 08:13:58', '2023-09-18 08:13:58'),
(12, 2, 1, 3, 'SpeedLetter30', '2023-09-18 08:14:43', '2023-09-18 08:14:43'),
(13, 2, 1, 4, 'SpeedLetter40', '2023-09-18 08:15:02', '2023-09-18 08:15:02'),
(14, 2, 1, 3, 'SpeedStatement30', '2023-09-18 08:15:47', '2023-09-18 08:15:47'),
(15, 2, 1, 3, 'SpeedEmail30', '2023-09-18 08:16:06', '2023-09-18 08:16:06'),
(16, 2, 1, 4, 'SpeedEmail40', '2023-09-18 08:16:25', '2023-09-18 08:16:25'),
(17, 2, 1, 5, 'SpeedPassage30', '2023-09-18 08:16:44', '2023-09-18 08:16:44'),
(18, 2, 1, 5, 'SpeedLetter30', '2023-09-18 08:17:03', '2023-09-18 08:17:03'),
(19, 2, 1, 5, 'SpeedStatement30', '2023-09-18 08:17:40', '2023-09-18 08:17:40'),
(20, 2, 1, 5, 'SpeedEmail30', '2023-09-18 08:19:05', '2023-09-18 08:19:05'),
(21, 2, 1, 6, 'SpeedPassage40', '2023-09-18 08:19:24', '2023-09-18 08:19:24'),
(22, 2, 1, 6, 'SpeedLetter40', '2023-09-18 08:19:45', '2023-09-18 08:19:45'),
(23, 2, 1, 6, 'SpeedStatement40', '2023-09-18 08:20:06', '2023-09-18 08:20:06'),
(24, 2, 1, 6, 'SpeedEmail40', '2023-09-18 08:20:29', '2023-09-18 08:20:29'),
(25, 2, 0, 1, 'Home Key', '2023-09-20 07:18:55', '2023-09-20 07:18:55'),
(26, 2, 0, 1, 'Lower Key', '2023-09-20 07:19:18', '2023-09-20 07:19:18'),
(27, 2, 0, 1, 'Upper keys', '2023-09-20 07:27:34', '2023-09-20 07:27:34'),
(28, 2, 0, 1, 'Capital Word', '2023-09-20 07:47:32', '2023-09-20 07:47:32'),
(29, 2, 0, 1, 'Home Key 1', '2023-09-20 07:47:58', '2023-09-20 07:47:58'),
(30, 2, 0, 1, 'Home Key 2', '2023-09-20 07:48:23', '2023-09-20 07:48:23'),
(31, 2, 0, 1, 'Sentense Typing', '2023-09-20 07:49:57', '2023-09-20 07:49:57'),
(32, 2, 0, 1, 'Number Key Practise', '2023-09-20 07:50:25', '2023-09-20 07:50:25'),
(33, 2, 0, 2, 'Home Key', '2023-09-20 07:50:43', '2023-09-20 07:50:43'),
(34, 2, 0, 2, 'Capital Word', '2023-09-20 07:51:01', '2023-09-20 07:51:01'),
(35, 2, 0, 2, 'Upper keys', '2023-09-20 07:51:21', '2023-09-20 07:51:21'),
(36, 2, 0, 2, 'Lower Key', '2023-09-20 07:51:38', '2023-09-20 07:51:38'),
(37, 2, 0, 2, 'Alphabets', '2023-09-20 07:52:12', '2023-09-20 07:52:12'),
(38, 2, 0, 3, 'Home Key', '2023-09-20 07:52:30', '2023-09-20 07:52:30'),
(39, 2, 0, 3, 'Capital Word', '2023-09-20 07:52:49', '2023-09-20 07:52:49'),
(40, 2, 0, 3, 'Upper keys', '2023-09-20 07:53:08', '2023-09-20 07:53:08'),
(41, 2, 0, 3, 'Lower Key', '2023-09-20 07:53:26', '2023-09-20 07:53:26'),
(42, 2, 0, 4, 'Home Key', '2023-09-20 07:53:42', '2023-09-20 07:53:42'),
(43, 2, 0, 4, 'Capital Word', '2023-09-20 07:54:01', '2023-09-20 07:54:01'),
(44, 2, 0, 4, 'Upper keys', '2023-09-20 07:54:18', '2023-09-20 07:54:18'),
(45, 2, 0, 4, 'Lower Key', '2023-09-20 07:54:49', '2023-09-20 07:54:49'),
(46, 2, 0, 5, 'Home Key', '2023-09-20 07:55:12', '2023-09-20 07:55:12'),
(47, 2, 0, 5, 'Capital Word', '2023-09-20 07:55:27', '2023-09-20 07:55:27'),
(48, 2, 0, 5, 'Upper keys', '2023-09-20 07:55:44', '2023-09-20 07:55:44'),
(49, 2, 0, 5, 'Lower Key', '2023-09-20 07:56:13', '2023-09-20 07:56:13'),
(50, 2, 0, 6, 'Home Key', '2023-09-20 07:56:27', '2023-09-20 07:56:27'),
(51, 2, 0, 6, 'Capital Word', '2023-09-20 07:56:42', '2023-09-20 07:56:42'),
(52, 2, 0, 6, 'Lower Key', '2023-09-20 07:57:14', '2023-09-20 07:57:14');

-- --------------------------------------------------------

--
-- Table structure for table `practis_type_names`
--

CREATE TABLE `practis_type_names` (
  `id` bigint(20) UNSIGNED NOT NULL,
  `name` varchar(255) NOT NULL,
  `created_at` timestamp NULL DEFAULT NULL,
  `updated_at` timestamp NULL DEFAULT NULL
) ENGINE=InnoDB DEFAULT CHARSET=utf8mb4 COLLATE=utf8mb4_unicode_ci;

--
-- Dumping data for table `practis_type_names`
--

INSERT INTO `practis_type_names` (`id`, `name`, `created_at`, `updated_at`) VALUES
(1, 'SpeedPassage30', '2022-01-20 07:39:15', '2022-01-20 07:39:15'),
(2, 'SpeedLetter30', '2022-01-20 07:39:16', '2022-01-20 07:39:16'),
(3, 'SpeedStatement30', '2022-01-20 07:39:16', '2022-01-20 07:39:16'),
(4, 'SpeedPassage40', '2022-01-20 07:39:16', '2022-01-20 07:39:16'),
(5, 'SpeedLetter40', '2022-01-20 07:39:16', '2022-01-20 07:39:16'),
(6, 'SpeedStatement40 ', '2022-01-20 07:39:16', '2022-01-20 07:39:16'),
(7, 'SpeedEmail30 ', '2022-01-20 07:39:16', '2022-01-20 07:39:16'),
(8, 'SpeedEmail40 ', '2022-01-20 07:39:16', '2022-01-20 07:39:16');

-- --------------------------------------------------------

--
-- Table structure for table `questions`
--

CREATE TABLE `questions` (
  `id` bigint(20) UNSIGNED NOT NULL,
  `user_id` bigint(20) UNSIGNED NOT NULL,
  `institute_id` bigint(20) NOT NULL,
  `que` longtext NOT NULL,
  `hindique` longtext DEFAULT NULL,
  `marathique` longtext DEFAULT NULL,
  `is_mcq` tinyint(1) NOT NULL DEFAULT 1,
  `wright_ans` longtext NOT NULL,
  `explanation` longtext NOT NULL,
  `hindiwright_ans` longtext DEFAULT NULL,
  `hindi_explanation` longtext DEFAULT NULL,
  `marathiwright_ans` longtext DEFAULT NULL,
  `marathi_explanation` longtext DEFAULT NULL,
  `view` bigint(20) DEFAULT NULL,
  `deleted_at` timestamp NULL DEFAULT NULL,
  `created_at` timestamp NULL DEFAULT NULL,
  `updated_at` timestamp NULL DEFAULT NULL
) ENGINE=InnoDB DEFAULT CHARSET=utf8mb4 COLLATE=utf8mb4_unicode_ci;

--
-- Dumping data for table `questions`
--

INSERT INTO `questions` (`id`, `user_id`, `institute_id`, `que`, `hindique`, `marathique`, `is_mcq`, `wright_ans`, `explanation`, `hindiwright_ans`, `hindi_explanation`, `marathiwright_ans`, `marathi_explanation`, `view`, `deleted_at`, `created_at`, `updated_at`) VALUES
(1, 2, 2, '<ol><li>1. What is MS Word</li></ol>', NULL, NULL, 1, '73', '<p>B. Micro soft Word</p>', '73', NULL, '73', NULL, NULL, '2022-02-04 13:45:25', '2022-02-04 13:13:08', '2022-02-04 13:45:25'),
(2, 2, 2, '<p><strong>1 trhr</strong></p>', '<p>hhhhhhhhhh</p>', '<p>mmmmmmmmmmm</p>', 1, '87', '<p>reg</p>', '87', NULL, '87', NULL, NULL, '2022-02-05 06:49:01', '2022-02-04 13:45:58', '2022-02-05 06:49:01'),
(3, 2, 2, '<ol><li>1. MS word is software of ____</li></ol>', '<p>1. एमएस वर्ड ________ का सॉफ्टवेयर है</p>', '<p>1. MS शब्द हे ____ चे सॉफ्टवेअर आहे</p>', 1, '92', '<p>Ans: D</p><p>Microsoft</p>', '92', '<p>Ans: D</p><p>Microsoft</p>', '92', '<p>Ans: D</p><p>Microsoft</p>', NULL, NULL, '2022-02-05 06:56:24', '2022-02-05 06:56:24'),
(4, 2, 2, '<p>2. Which is the word processing software?</p>', '<p>2. वर्ड प्रोसेसिंग सॉफ्टवेयर कौन सा है?</p>', '<p>2. वर्ड प्रोसेसिंग सॉफ्टवेअर कोणते आहे?</p>', 1, '94', '<p>Ans: B</p><p>MS word 2007</p>', '94', '<p>Ans: B</p><p>MS word 2007</p>', '94', '<p>Ans: B</p><p>MS word 2007</p>', NULL, NULL, '2022-02-05 07:00:09', '2022-02-05 07:00:09'),
(5, 2, 2, '<p>3. Claims are guilty by association.</p>', '<p>3. दावे एसोसिएशन द्वारा दोषी हैं।</p>', '<p>3. दावे असोसिएशन द्वारे दोषी आहेत.</p>', 0, '99', '<p>Ans &nbsp;a. True</p>', '99', NULL, '99', '<p>Ans a खरे</p>', NULL, NULL, '2022-02-05 07:06:00', '2022-02-05 07:15:32');

-- --------------------------------------------------------

--
-- Table structure for table `question_banks`
--

CREATE TABLE `question_banks` (
  `id` bigint(20) UNSIGNED NOT NULL,
  `user_id` bigint(20) UNSIGNED NOT NULL,
  `institute_id` bigint(20) NOT NULL,
  `questionPaperName` text NOT NULL,
  `total_mcq_question` bigint(20) NOT NULL,
  `each_mcq_mark` int(11) NOT NULL DEFAULT 1,
  `each_negative_mcq_mark` int(11) NOT NULL DEFAULT 0,
  `required_time` bigint(20) NOT NULL,
  `question` text NOT NULL,
  `deleted_at` timestamp NULL DEFAULT NULL,
  `created_at` timestamp NULL DEFAULT NULL,
  `updated_at` timestamp NULL DEFAULT NULL
) ENGINE=InnoDB DEFAULT CHARSET=utf8mb4 COLLATE=utf8mb4_unicode_ci;

--
-- Dumping data for table `question_banks`
--

INSERT INTO `question_banks` (`id`, `user_id`, `institute_id`, `questionPaperName`, `total_mcq_question`, `each_mcq_mark`, `each_negative_mcq_mark`, `required_time`, `question`, `deleted_at`, `created_at`, `updated_at`) VALUES
(1, 2, 2, 'mcq paper', 3, 2, 0, 1, '[\"4\",\"5\",\"3\"]', NULL, '2022-02-05 08:25:30', '2022-02-05 08:25:30'),
(2, 2, 2, 'PHP Paper', 3, 2, 0, 1, '[\"5\",\"4\",\"3\"]', NULL, '2022-02-05 09:42:34', '2022-02-05 09:42:34'),
(3, 2, 2, 'Computer Science PAPER', 3, 2, 0, 1, '[\"4\",\"3\",\"5\"]', NULL, '2022-02-07 08:28:30', '2022-02-07 08:28:30');

-- --------------------------------------------------------

--
-- Table structure for table `receipts`
--

CREATE TABLE `receipts` (
  `id` bigint(20) UNSIGNED NOT NULL,
  `created_at` timestamp NULL DEFAULT NULL,
  `updated_at` timestamp NULL DEFAULT NULL
) ENGINE=InnoDB DEFAULT CHARSET=utf8mb4 COLLATE=utf8mb4_unicode_ci;

-- --------------------------------------------------------

--
-- Table structure for table `revenues`
--

CREATE TABLE `revenues` (
  `id` bigint(20) UNSIGNED NOT NULL,
  `institute_id` bigint(20) UNSIGNED NOT NULL,
  `student_id` bigint(20) UNSIGNED NOT NULL,
  `created_at` timestamp NULL DEFAULT NULL,
  `updated_at` timestamp NULL DEFAULT NULL
) ENGINE=InnoDB DEFAULT CHARSET=utf8mb4 COLLATE=utf8mb4_unicode_ci;

-- --------------------------------------------------------

--
-- Table structure for table `roles`
--

CREATE TABLE `roles` (
  `id` bigint(20) UNSIGNED NOT NULL,
  `role_name` varchar(255) NOT NULL,
  `created_at` timestamp NULL DEFAULT NULL,
  `updated_at` timestamp NULL DEFAULT NULL
) ENGINE=InnoDB DEFAULT CHARSET=utf8mb4 COLLATE=utf8mb4_unicode_ci;

-- --------------------------------------------------------

--
-- Table structure for table `sections`
--

CREATE TABLE `sections` (
  `id` bigint(20) UNSIGNED NOT NULL,
  `institute_id` bigint(20) UNSIGNED NOT NULL,
  `name` varchar(255) NOT NULL,
  `created_at` timestamp NULL DEFAULT NULL,
  `updated_at` timestamp NULL DEFAULT NULL
) ENGINE=InnoDB DEFAULT CHARSET=utf8mb4 COLLATE=utf8mb4_unicode_ci;

-- --------------------------------------------------------

--
-- Table structure for table `sessions`
--

CREATE TABLE `sessions` (
  `id` varchar(255) NOT NULL,
  `user_id` bigint(20) UNSIGNED DEFAULT NULL,
  `ip_address` varchar(45) DEFAULT NULL,
  `user_agent` text DEFAULT NULL,
  `payload` text NOT NULL,
  `last_activity` int(11) NOT NULL
) ENGINE=InnoDB DEFAULT CHARSET=utf8mb4 COLLATE=utf8mb4_unicode_ci;

--
-- Dumping data for table `sessions`
--

INSERT INTO `sessions` (`id`, `user_id`, `ip_address`, `user_agent`, `payload`, `last_activity`) VALUES
('flz3FJdpZ2B6z8sqXm1NTTsrupmZW3bgAsj1DFsZ', 7, '::1', 'Mozilla/5.0 (Windows NT 10.0; Win64; x64) AppleWebKit/537.36 (KHTML, like Gecko) Chrome/117.0.0.0 Safari/537.36', 'YTo3OntzOjM6InVybCI7YToxOntzOjg6ImludGVuZGVkIjtzOjMzOiJodHRwOi8vbG9jYWxob3N0L2Vzd2lmdC9kYXNoYm9hcmQiO31zOjk6Il9wcmV2aW91cyI7YToxOntzOjM6InVybCI7czo0NjoiaHR0cDovL2xvY2FsaG9zdC9lc3dpZnQvc3R1ZGVudC9zZWxlY3RwcmFjdGlzZSI7fXM6NjoiX2ZsYXNoIjthOjI6e3M6Mzoib2xkIjthOjA6e31zOjM6Im5ldyI7YTowOnt9fXM6NjoiX3Rva2VuIjtzOjQwOiJ1blc4d0NPQkZrMTk1TmV5MDg2Ym9pZkxjaGpyME9hVHhTdFdTZjRzIjtzOjUwOiJsb2dpbl93ZWJfNTliYTM2YWRkYzJiMmY5NDAxNTgwZjAxNGM3ZjU4ZWE0ZTMwOTg5ZCI7aTo3O3M6MTc6InBhc3N3b3JkX2hhc2hfd2ViIjtzOjYwOiIkMnkkMTAkNXdCUEhaTVNxVE9UVWFyWURGbWFQT2FqUzk4dmk3UXNoRUNKNW1UNktWQ2pUZ1VHZU1LbE8iO3M6MjE6InBhc3N3b3JkX2hhc2hfc2FuY3R1bSI7czo2MDoiJDJ5JDEwJDV3QlBIWk1TcVRPVFVhcllERm1hUE9halM5OHZpN1FzaEVDSjVtVDZLVkNqVGdVR2VNS2xPIjt9', 1695971576);

-- --------------------------------------------------------

--
-- Table structure for table `statement30test_results`
--

CREATE TABLE `statement30test_results` (
  `id` bigint(20) UNSIGNED NOT NULL,
  `typing_test_result_id` bigint(20) UNSIGNED NOT NULL,
  `student_id` bigint(20) UNSIGNED NOT NULL,
  `institute_id` bigint(20) UNSIGNED NOT NULL,
  `subject_id` bigint(20) UNSIGNED NOT NULL,
  `head` varchar(255) NOT NULL,
  `columnhead` varchar(255) NOT NULL,
  `celalign` varchar(255) NOT NULL,
  `colwidth` varchar(255) NOT NULL,
  `border` varchar(255) NOT NULL,
  `former` varchar(255) NOT NULL,
  `total` varchar(255) NOT NULL,
  `created_at` timestamp NULL DEFAULT NULL,
  `updated_at` timestamp NULL DEFAULT NULL
) ENGINE=InnoDB DEFAULT CHARSET=utf8mb4 COLLATE=utf8mb4_unicode_ci;

--
-- Dumping data for table `statement30test_results`
--

INSERT INTO `statement30test_results` (`id`, `typing_test_result_id`, `student_id`, `institute_id`, `subject_id`, `head`, `columnhead`, `celalign`, `colwidth`, `border`, `former`, `total`, `created_at`, `updated_at`) VALUES
(1, 79, 3, 2, 1, '5', '1', '1', '1.5', '1', '1.5', '2', '2022-02-22 07:50:05', '2022-02-22 07:50:05'),
(2, 94, 12, 2, 1, '0', '0', '1', '1', '1', '3', '0', '2022-04-28 10:10:51', '2022-04-28 10:10:51'),
(3, 95, 12, 2, 1, '0', '1', '0', '0', '1', '2', '0', '2022-05-05 08:26:24', '2022-05-05 08:26:24');

-- --------------------------------------------------------

--
-- Table structure for table `statement30_results`
--

CREATE TABLE `statement30_results` (
  `id` bigint(20) UNSIGNED NOT NULL,
  `typing_practise_result_id` bigint(20) UNSIGNED NOT NULL,
  `student_id` bigint(20) UNSIGNED NOT NULL,
  `institute_id` bigint(20) UNSIGNED NOT NULL,
  `subject_id` bigint(20) UNSIGNED NOT NULL,
  `head` varchar(255) NOT NULL,
  `columnhead` varchar(255) NOT NULL,
  `celalign` varchar(255) NOT NULL,
  `colwidth` varchar(255) NOT NULL,
  `border` varchar(255) NOT NULL,
  `former` varchar(255) NOT NULL,
  `total` varchar(255) NOT NULL,
  `created_at` timestamp NULL DEFAULT NULL,
  `updated_at` timestamp NULL DEFAULT NULL
) ENGINE=InnoDB DEFAULT CHARSET=utf8mb4 COLLATE=utf8mb4_unicode_ci;

--
-- Dumping data for table `statement30_results`
--

INSERT INTO `statement30_results` (`id`, `typing_practise_result_id`, `student_id`, `institute_id`, `subject_id`, `head`, `columnhead`, `celalign`, `colwidth`, `border`, `former`, `total`, `created_at`, `updated_at`) VALUES
(1, 17, 3, 2, 1, '0', '0', '0', '1', '0', '1', '0', '2022-02-14 13:34:42', '2022-02-14 13:34:42'),
(2, 20, 3, 2, 1, '0', '0', '0', '1', '0', '1', '0', '2022-02-15 06:23:17', '2022-02-15 06:23:17'),
(3, 67, 11, 2, 1, '0', '0', '0', '1', '0', '1', '0', '2022-03-31 13:27:20', '2022-03-31 13:27:20'),
(4, 68, 11, 2, 1, '0', '0', '0', '1', '0', '1', '0', '2022-03-31 13:31:31', '2022-03-31 13:31:31'),
(5, 69, 11, 2, 1, '0', '0', '0', '1', '0', '1', '0', '2022-04-01 05:56:20', '2022-04-01 05:56:20'),
(6, 70, 11, 2, 1, '0', '0', '0', '1', '0', '1', '0', '2022-04-01 06:03:17', '2022-04-01 06:03:17'),
(7, 71, 11, 2, 1, '0', '0', '0', '1', '0', '1', '0', '2022-04-01 06:06:21', '2022-04-01 06:06:21'),
(8, 72, 11, 2, 1, '0', '0', '1', '1', '0', '2', '0', '2022-04-01 09:34:27', '2022-04-01 09:34:27'),
(9, 88, 12, 2, 1, '0', '0', '0', '0', '0', '0', '0', '2022-05-14 13:47:18', '2022-05-14 13:47:18'),
(10, 89, 7, 2, 1, '0', '0', '0', '0', '0', '0', '0', '2022-05-19 12:53:45', '2022-05-19 12:53:45'),
(11, 90, 7, 2, 1, '0', '0', '0', '0', '0', '0', '0', '2022-05-19 12:55:15', '2022-05-19 12:55:15'),
(12, 97, 7, 2, 1, '1', '1', '1', '0', '1', '5', '9', '2022-05-20 11:16:08', '2022-05-20 11:16:08'),
(13, 98, 7, 2, 1, '0', '0', '0', '0', '0', '0', '0', '2022-05-20 11:35:59', '2022-05-20 11:35:59'),
(14, 101, 7, 2, 1, '0', '0', '0', '0', '0', '0', '0', '2022-05-20 12:59:36', '2022-05-20 12:59:36'),
(15, 102, 7, 2, 1, '0', '0', '0', '0', '0', '0', '0', '2022-05-20 13:00:41', '2022-05-20 13:00:41');

-- --------------------------------------------------------

--
-- Table structure for table `statement40test_results`
--

CREATE TABLE `statement40test_results` (
  `id` bigint(20) UNSIGNED NOT NULL,
  `typing_test_result_id` bigint(20) UNSIGNED NOT NULL,
  `student_id` bigint(20) UNSIGNED NOT NULL,
  `institute_id` bigint(20) UNSIGNED NOT NULL,
  `subject_id` bigint(20) UNSIGNED NOT NULL,
  `headfig` varchar(255) NOT NULL,
  `colheading` varchar(255) NOT NULL,
  `alignment` varchar(255) NOT NULL,
  `width` varchar(255) NOT NULL,
  `borders` varchar(255) NOT NULL,
  `questions` varchar(255) NOT NULL,
  `marksform` varchar(255) NOT NULL,
  `totmark` varchar(255) NOT NULL,
  `created_at` timestamp NULL DEFAULT NULL,
  `updated_at` timestamp NULL DEFAULT NULL
) ENGINE=InnoDB DEFAULT CHARSET=utf8mb4 COLLATE=utf8mb4_unicode_ci;

--
-- Dumping data for table `statement40test_results`
--

INSERT INTO `statement40test_results` (`id`, `typing_test_result_id`, `student_id`, `institute_id`, `subject_id`, `headfig`, `colheading`, `alignment`, `width`, `borders`, `questions`, `marksform`, `totmark`, `created_at`, `updated_at`) VALUES
(1, 82, 3, 2, 2, '2', '1', '0', '1.5', '0', '1', '0', '5', '2022-02-22 07:58:46', '2022-02-22 07:58:46');

-- --------------------------------------------------------

--
-- Table structure for table `statement40_results`
--

CREATE TABLE `statement40_results` (
  `id` bigint(20) UNSIGNED NOT NULL,
  `typing_practise_result_id` bigint(20) UNSIGNED NOT NULL,
  `student_id` bigint(20) UNSIGNED NOT NULL,
  `institute_id` bigint(20) UNSIGNED NOT NULL,
  `subject_id` bigint(20) UNSIGNED NOT NULL,
  `headfig` varchar(255) NOT NULL,
  `colheading` varchar(255) NOT NULL,
  `alignment` varchar(255) NOT NULL,
  `width` varchar(255) NOT NULL,
  `borders` varchar(255) NOT NULL,
  `questions` varchar(255) NOT NULL,
  `marksform` varchar(255) NOT NULL,
  `totmark` varchar(255) NOT NULL,
  `created_at` timestamp NULL DEFAULT NULL,
  `updated_at` timestamp NULL DEFAULT NULL
) ENGINE=InnoDB DEFAULT CHARSET=utf8mb4 COLLATE=utf8mb4_unicode_ci;

--
-- Dumping data for table `statement40_results`
--

INSERT INTO `statement40_results` (`id`, `typing_practise_result_id`, `student_id`, `institute_id`, `subject_id`, `headfig`, `colheading`, `alignment`, `width`, `borders`, `questions`, `marksform`, `totmark`, `created_at`, `updated_at`) VALUES
(1, 99, 7, 2, 2, '1', '0.5', '0.5', '0', '0.5', '0', '0', '0', '2022-05-20 12:11:02', '2022-05-20 12:11:02');

-- --------------------------------------------------------

--
-- Table structure for table `studentfees`
--

CREATE TABLE `studentfees` (
  `id` bigint(20) UNSIGNED NOT NULL,
  `name` varchar(255) NOT NULL,
  `amount` bigint(20) NOT NULL,
  `mode` varchar(255) NOT NULL,
  `payment_mode` varchar(255) NOT NULL,
  `created_at` timestamp NULL DEFAULT NULL,
  `updated_at` timestamp NULL DEFAULT NULL
) ENGINE=InnoDB DEFAULT CHARSET=utf8mb4 COLLATE=utf8mb4_unicode_ci;

-- --------------------------------------------------------

--
-- Table structure for table `studentinstallments`
--

CREATE TABLE `studentinstallments` (
  `id` bigint(20) UNSIGNED NOT NULL,
  `institute_id` bigint(20) UNSIGNED NOT NULL,
  `created_id` varchar(255) NOT NULL,
  `student_id` bigint(20) UNSIGNED NOT NULL,
  `amount` varchar(255) NOT NULL,
  `mode` int(11) NOT NULL COMMENT '1 = cash,2 = other',
  `check_number` varchar(255) DEFAULT NULL,
  `type` int(11) NOT NULL COMMENT '1 = credit,2 = debit',
  `check_date` date DEFAULT NULL,
  `transaction_id` varchar(255) DEFAULT NULL,
  `next_installmentdate` varchar(255) DEFAULT NULL,
  `installment_date` varchar(255) DEFAULT NULL,
  `totalpaid_amount` varchar(255) DEFAULT NULL,
  `balance_amount` varchar(255) DEFAULT NULL,
  `currentmonth` varchar(255) DEFAULT NULL,
  `created_at` timestamp NULL DEFAULT NULL,
  `updated_at` timestamp NULL DEFAULT NULL,
  `deleted_at` timestamp NULL DEFAULT NULL
) ENGINE=InnoDB DEFAULT CHARSET=utf8mb4 COLLATE=utf8mb4_unicode_ci;

--
-- Dumping data for table `studentinstallments`
--

INSERT INTO `studentinstallments` (`id`, `institute_id`, `created_id`, `student_id`, `amount`, `mode`, `check_number`, `type`, `check_date`, `transaction_id`, `next_installmentdate`, `installment_date`, `totalpaid_amount`, `balance_amount`, `currentmonth`, `created_at`, `updated_at`, `deleted_at`) VALUES
(1, 2, '2', 1, '8000', 1, NULL, 2, NULL, NULL, NULL, NULL, NULL, NULL, NULL, '2022-01-20 07:48:45', '2022-07-04 08:33:37', '2022-07-04 08:33:37'),
(3, 2, '2', 3, '16000', 1, NULL, 2, NULL, NULL, NULL, NULL, NULL, NULL, NULL, '2022-01-24 12:17:06', '2022-04-28 06:31:29', NULL),
(5, 2, '2', 4, '12000', 1, NULL, 2, NULL, NULL, NULL, NULL, NULL, NULL, NULL, '2022-01-28 05:33:23', '2022-04-26 06:49:46', NULL),
(6, 2, '2', 5, '16000', 1, NULL, 2, NULL, NULL, NULL, NULL, NULL, NULL, NULL, '2022-01-28 05:36:52', '2022-02-09 08:17:22', NULL),
(9, 2, '2', 6, '8000', 1, NULL, 2, NULL, NULL, NULL, NULL, NULL, NULL, NULL, '2022-01-31 09:46:45', '2022-02-09 09:49:42', NULL),
(35, 2, '2', 6, '2000', 1, NULL, 1, NULL, NULL, NULL, '27-03-2022', '2000', '6000', '03', '2022-04-27 10:53:24', '2022-04-27 10:53:24', NULL),
(36, 2, '2', 1, '1000', 1, NULL, 1, NULL, NULL, NULL, '29-03-2022', '1000', '7000', '03', '2022-04-27 10:54:11', '2022-07-04 08:33:37', '2022-07-04 08:33:37'),
(37, 2, '2', 4, '2000', 1, NULL, 1, NULL, NULL, NULL, '09-03-2022', '2000', '10000', '03', '2022-04-27 10:54:29', '2022-04-27 10:54:29', NULL),
(38, 2, '2', 1, '1000', 1, NULL, 1, NULL, NULL, NULL, '27-04-2022', '2000', '6000', '04', '2022-04-27 10:54:44', '2022-07-04 08:33:37', '2022-07-04 08:33:37'),
(39, 2, '2', 6, '1000', 1, NULL, 1, NULL, NULL, NULL, '27-04-2022', '3000', '5000', '04', '2022-04-27 10:54:59', '2022-04-27 10:54:59', NULL),
(40, 2, '2', 5, '1500', 1, NULL, 1, NULL, NULL, '26-04-2022', '25-03-2022', '1500', '14500', '03', '2022-04-27 12:00:52', '2022-04-27 12:00:52', NULL),
(41, 2, '2', 8, '24000', 1, NULL, 2, NULL, NULL, NULL, NULL, NULL, NULL, NULL, '2022-04-28 05:56:07', '2022-04-28 05:56:07', NULL),
(42, 2, '2', 3, '1000', 3, '2332', 1, '2022-04-27', 'TYH584664648469', '20-05-2022', '10-03-2022', '1500', '14500', '03', '2022-04-28 12:09:51', '2022-04-29 07:37:04', NULL),
(43, 2, '2', 3, '2000', 1, NULL, 1, NULL, NULL, '29-05-2022', '29-04-2022', '3500', '12500', '04', '2022-04-29 05:36:05', '2022-04-29 05:36:05', NULL),
(44, 2, '2', 3, '3000', 1, NULL, 1, NULL, NULL, '18-05-2022', '10-02-2022', '6000', '10000', '02', '2022-04-29 06:59:37', '2022-05-02 06:03:57', NULL),
(45, 2, '2', 4, '1500', 1, NULL, 1, NULL, NULL, NULL, '30-04-2022', '3500', '8500', '04', '2022-04-30 06:38:26', '2022-04-30 06:40:19', '2022-04-30 06:40:19'),
(46, 2, '2', 4, '1500', 1, NULL, 1, NULL, NULL, '14-04-2022', '30-04-2022', '6000', '10000', '04', '2022-04-30 06:43:36', '2022-05-02 07:51:03', NULL),
(47, 2, '2', 4, '1000', 1, NULL, 1, NULL, NULL, '18-05-2022', '02-05-2022', '4500', '7500', '05', '2022-05-02 07:11:49', '2022-05-02 07:51:30', NULL),
(48, 2, '2', 8, '2000', 1, NULL, 1, NULL, NULL, NULL, '14-05-2022', '2000', '22000', '05', '2022-05-14 11:15:53', '2022-05-14 11:15:54', NULL),
(49, 2, '2', 9, '12700', 1, NULL, 2, NULL, NULL, NULL, NULL, NULL, NULL, NULL, '2022-05-16 07:46:20', '2022-05-16 07:46:20', NULL),
(50, 2, '2', 3, '1000', 1, NULL, 1, NULL, NULL, '19-06-2022', '19-05-2022', '7000', '9000', '05', '2022-05-19 09:31:57', '2022-05-19 09:31:57', NULL),
(51, 2, '2', 8, '5', 1, NULL, 1, NULL, NULL, NULL, '14-06-2022', '2005', '21995', '06', '2022-06-14 07:00:07', '2022-06-14 07:00:08', NULL),
(52, 2, '2', 8, '5', 1, NULL, 1, NULL, NULL, NULL, '14-06-2022', '2010', '21990', '06', '2022-06-14 07:18:09', '2022-06-14 07:18:09', NULL),
(53, 2, '2', 8, '5', 1, NULL, 1, NULL, NULL, NULL, '14-06-2022', '2015', '21985', '06', '2022-06-14 07:18:50', '2022-06-14 07:18:50', NULL),
(54, 2, '2', 8, '5', 1, NULL, 1, NULL, NULL, NULL, '14-06-2022', '2020', '21980', '06', '2022-06-14 07:21:21', '2022-06-14 07:21:21', NULL),
(55, 2, '2', 8, '5', 1, NULL, 1, NULL, NULL, NULL, '14-06-2022', '2025', '21975', '06', '2022-06-14 07:21:51', '2022-06-14 07:21:52', NULL),
(56, 2, '2', 8, '5', 1, NULL, 1, NULL, NULL, NULL, '14-06-2022', '2030', '21970', '06', '2022-06-14 07:22:03', '2022-06-14 07:22:03', NULL),
(57, 2, '2', 8, '5', 1, NULL, 1, NULL, NULL, NULL, '14-06-2022', '2035', '21965', '06', '2022-06-14 07:22:14', '2022-06-14 07:22:14', NULL),
(58, 2, '2', 8, '5', 1, NULL, 1, NULL, NULL, NULL, '14-06-2022', '2040', '21960', '06', '2022-06-14 07:22:28', '2022-06-14 07:22:28', NULL),
(59, 2, '2', 8, '5', 1, NULL, 1, NULL, NULL, NULL, '14-06-2022', '2045', '21955', '06', '2022-06-14 07:23:44', '2022-06-14 07:23:44', NULL),
(60, 2, '2', 8, '5', 1, NULL, 1, NULL, NULL, NULL, '14-06-2022', '2050', '21950', '06', '2022-06-14 07:24:48', '2022-06-14 07:24:49', NULL),
(61, 2, '2', 8, '5', 1, NULL, 1, NULL, NULL, NULL, '14-06-2022', '2055', '21945', '06', '2022-06-14 07:26:56', '2022-06-14 07:26:56', NULL),
(62, 2, '2', 8, '5', 1, NULL, 1, NULL, NULL, NULL, '14-06-2022', '2060', '21940', '06', '2022-06-14 07:27:13', '2022-06-14 07:27:13', NULL),
(63, 2, '2', 8, '5', 1, NULL, 1, NULL, NULL, NULL, '14-06-2022', '2065', '21935', '06', '2022-06-14 07:27:37', '2022-06-14 07:27:37', NULL),
(64, 2, '2', 8, '5', 1, NULL, 1, NULL, NULL, NULL, '14-06-2022', '2070', '21930', '06', '2022-06-14 07:27:51', '2022-06-14 07:27:51', NULL),
(65, 2, '2', 8, '5', 1, NULL, 1, NULL, NULL, NULL, '14-06-2022', '2075', '21925', '06', '2022-06-14 07:28:17', '2022-06-14 07:28:17', NULL),
(66, 2, '2', 8, '5', 1, NULL, 1, NULL, NULL, NULL, '14-06-2022', '2080', '21920', '06', '2022-06-14 07:29:28', '2022-06-14 07:29:28', NULL),
(67, 2, '2', 8, '5', 1, NULL, 1, NULL, NULL, NULL, '14-06-2022', '2085', '21915', '06', '2022-06-14 07:30:03', '2022-06-14 07:30:03', NULL),
(68, 2, '2', 8, '5', 1, NULL, 1, NULL, NULL, NULL, '14-06-2022', '2090', '21910', '06', '2022-06-14 07:30:31', '2022-06-14 07:30:31', NULL),
(69, 2, '2', 8, '5', 1, NULL, 1, NULL, NULL, NULL, '14-06-2022', '2095', '21905', '06', '2022-06-14 07:33:22', '2022-06-14 07:33:22', NULL),
(70, 2, '2', 8, '5', 1, NULL, 1, NULL, NULL, NULL, '14-06-2022', '2100', '21900', '06', '2022-06-14 07:34:09', '2022-06-14 07:34:09', NULL),
(71, 2, '2', 8, '5', 1, NULL, 1, NULL, NULL, NULL, '14-06-2022', '2105', '21895', '06', '2022-06-14 07:34:47', '2022-06-14 07:34:48', NULL),
(72, 2, '2', 8, '5', 1, NULL, 1, NULL, NULL, NULL, '14-06-2022', '2110', '21890', '06', '2022-06-14 07:50:06', '2022-06-14 07:50:06', NULL),
(73, 2, '2', 8, '5', 1, NULL, 1, NULL, NULL, NULL, '14-06-2022', '2115', '21885', '06', '2022-06-14 07:51:04', '2022-06-14 07:51:04', NULL),
(74, 2, '2', 5, '200', 1, NULL, 1, NULL, NULL, NULL, '14-06-2022', '1700', '14300', '06', '2022-06-14 11:52:34', '2022-06-14 11:52:34', NULL),
(75, 2, '2', 3, '1000', 1, NULL, 1, NULL, NULL, '23-07-2022', '23-06-2022', '8000', '8000', '06', '2022-06-23 10:25:20', '2022-06-23 10:25:20', NULL),
(76, 2, '2', 3, '1000', 1, NULL, 1, NULL, NULL, '23-12-2022', '25-07-2022', '9000', '7000', '07', '2022-07-25 05:20:41', '2022-07-25 05:20:42', NULL),
(77, 2, '2', 3, '7000', 1, NULL, 1, NULL, NULL, NULL, '25-08-2023', '16000', '0', '08', '2023-08-25 11:52:53', '2023-08-25 11:52:53', NULL);

-- --------------------------------------------------------

--
-- Table structure for table `students`
--

CREATE TABLE `students` (
  `id` bigint(20) UNSIGNED NOT NULL,
  `user_id` bigint(20) UNSIGNED NOT NULL,
  `institute_id` bigint(20) UNSIGNED NOT NULL,
  `father_name` varchar(255) NOT NULL,
  `mother_name` varchar(255) NOT NULL,
  `lastname` varchar(255) NOT NULL,
  `student_mob` bigint(20) NOT NULL,
  `gender` varchar(255) NOT NULL,
  `handicap_id` bigint(20) UNSIGNED DEFAULT NULL,
  `created_id` varchar(255) NOT NULL,
  `address` text NOT NULL,
  `school` text NOT NULL,
  `education` text NOT NULL,
  `document_id` bigint(20) UNSIGNED NOT NULL,
  `otherdocument` text DEFAULT NULL,
  `identity_number` bigint(20) NOT NULL,
  `dob` varchar(255) NOT NULL,
  `doaddmission` varchar(255) NOT NULL,
  `course_id` text NOT NULL,
  `subject_id` text NOT NULL,
  `student_type` varchar(255) NOT NULL,
  `itiming_id` varchar(255) NOT NULL,
  `coursefee_id` varchar(255) NOT NULL,
  `isession_id` varchar(255) NOT NULL,
  `year` bigint(20) NOT NULL,
  `student_img` text NOT NULL,
  `identity_img` text NOT NULL,
  `status` tinyint(1) NOT NULL DEFAULT 1,
  `currentmonth` varchar(255) DEFAULT NULL,
  `deleted_at` timestamp NULL DEFAULT NULL,
  `created_at` timestamp NULL DEFAULT NULL,
  `updated_at` timestamp NULL DEFAULT NULL
) ENGINE=InnoDB DEFAULT CHARSET=utf8mb4 COLLATE=utf8mb4_unicode_ci;

--
-- Dumping data for table `students`
--

INSERT INTO `students` (`id`, `user_id`, `institute_id`, `father_name`, `mother_name`, `lastname`, `student_mob`, `gender`, `handicap_id`, `created_id`, `address`, `school`, `education`, `document_id`, `otherdocument`, `identity_number`, `dob`, `doaddmission`, `course_id`, `subject_id`, `student_type`, `itiming_id`, `coursefee_id`, `isession_id`, `year`, `student_img`, `identity_img`, `status`, `currentmonth`, `deleted_at`, `created_at`, `updated_at`) VALUES
(1, 3, 2, 'viraj', 'Sunita', 'choukade', 9874589587, '1', 0, '2', 'Nagpur', 'Model High school', 'BE', 1, NULL, 1021569845, '1996-01-19', '2022-01-20', '1', '1 , 2 , 3 , 4 , 5 , 6 , 7', 'student_type', '1,1', '4000 , 4000', '2', 2022, '1642664924.jpg', '', 1, '04', '2022-07-04 08:33:37', '2022-01-20 07:48:44', '2022-07-04 08:33:37'),
(3, 7, 2, 'Ashok77', 'Sunitaiii', 'khodkeii', 9874589658, '0', 0, '2', 'Arvi Naka Wardha', 'Yashoda school', 'BEIT', 1, NULL, 108176984500, '2006-01-23', '2022-01-25', '1', '1 , 2 , 3', '1', '1,2,3,3,4,5,6,7,8,9,10,11,12', '4000 , 4000 , 4000 , 4000', '1', 2021, '1651130129.jpg', '1651130129.html', 1, '08', NULL, '2022-01-24 12:17:05', '2023-09-16 07:33:31'),
(4, 8, 2, 'DHANANJAY', 'VAISHALI', 'Ambekar', 9748569855, '0', 0, '2', 'Nagpur', 'Model High school', 'BE', 1, NULL, 1021769845, '2002-01-28', '2022-01-29', '1', '1 , 2', '1', '1,2,3,6,7,8,9', '4000 , 4000 , 4000', '2', 2021, '1652528901.jpg', '', 1, '05', NULL, '2022-01-28 05:33:22', '2022-05-14 11:48:22'),
(5, 9, 2, 'Anaji', 'Chaya', 'walke', 9875896588, '1', 0, '2', 'Nagpur', 'Model High school', 'BE', 1, NULL, 1021569845, '2004-01-29', '2022-01-28', '1', '1 , 2 , 3 , 4', '1', '1,2,3,4', '4000 , 4000 , 4000 , 4000', '2', 2022, '1643348212.png', '', 1, '06', NULL, '2022-01-28 05:36:52', '2022-06-14 11:52:34'),
(6, 10, 2, 'ffhj', 'kk', 'Basin', 9685784584, '1', 0, '2', 'Nagpur', 'KKV', 'BAC', 1, NULL, 1234567890, '1997-01-13', '2022-01-31', '1', '1 , 2', '1', '1,2,10', '4000 , 4000', '2', 2022, '1643622404.png', '', 1, '04', NULL, '2022-01-31 09:46:44', '2022-05-16 07:51:58'),
(8, 12, 2, 'Anaji', 'Chaya', 'walke', 8745895895, '1', 0, '2', 'Nagpur', 'Model High school', 'BE', 1, NULL, 1021569845, '1995-04-21', '2022-04-28', '1', '1 , 2 , 3 , 4 , 5 , 6', '$studentType_value->id', '2,3,4,5,8,9,10,11', '4000 , 4000 , 4000 , 4000 , 4000 , 4000', '2', 2022, '', '', 1, '06', NULL, '2022-04-28 05:56:07', '2023-08-25 11:48:10'),
(9, 13, 2, 'Ashok', 'lata', 'Gawande', 9587589485, '1', 0, '2', 'Nagpur', 'SPPACE  Wardha', 'BE', 1, NULL, 1021569845, '1998-05-09', '2022-05-16', '1', '1 , 2 , 3', '1', '2,3,4', '4700 , 4000 , 4000', '2', 2022, '1652687180.jpg', '', 1, NULL, NULL, '2022-05-16 07:46:19', '2022-05-16 07:46:20');

-- --------------------------------------------------------

--
-- Table structure for table `student_attendance_records`
--

CREATE TABLE `student_attendance_records` (
  `id` bigint(20) UNSIGNED NOT NULL,
  `attendance_records_id` bigint(20) UNSIGNED NOT NULL,
  `batch_id` varchar(255) DEFAULT NULL,
  `created_at` timestamp NULL DEFAULT NULL,
  `updated_at` timestamp NULL DEFAULT NULL
) ENGINE=InnoDB DEFAULT CHARSET=utf8mb4 COLLATE=utf8mb4_unicode_ci;

-- --------------------------------------------------------

--
-- Table structure for table `student_batches`
--

CREATE TABLE `student_batches` (
  `id` bigint(20) UNSIGNED NOT NULL,
  `student_id` bigint(20) UNSIGNED NOT NULL,
  `batch_id` varchar(255) NOT NULL,
  `student_type` varchar(255) NOT NULL,
  `start_time` varchar(255) DEFAULT NULL,
  `end_time` varchar(255) DEFAULT NULL,
  `created_at` timestamp NULL DEFAULT NULL,
  `updated_at` timestamp NULL DEFAULT NULL,
  `deleted_at` timestamp NULL DEFAULT NULL
) ENGINE=InnoDB DEFAULT CHARSET=utf8mb4 COLLATE=utf8mb4_unicode_ci;

--
-- Dumping data for table `student_batches`
--

INSERT INTO `student_batches` (`id`, `student_id`, `batch_id`, `student_type`, `start_time`, `end_time`, `created_at`, `updated_at`, `deleted_at`) VALUES
(8, 1, '1', '1', NULL, NULL, '2022-01-20 07:49:09', '2022-07-04 08:33:37', '2022-07-04 08:33:37'),
(9, 1, '2', '1', NULL, NULL, '2022-01-20 07:49:09', '2022-07-04 08:33:37', '2022-07-04 08:33:37'),
(10, 1, '3', '1', NULL, NULL, '2022-01-20 07:49:09', '2022-07-04 08:33:37', '2022-07-04 08:33:37'),
(11, 1, '4', '1', NULL, NULL, '2022-01-20 07:49:09', '2022-07-04 08:33:37', '2022-07-04 08:33:37'),
(12, 1, '5', '1', NULL, NULL, '2022-01-20 07:49:09', '2022-07-04 08:33:37', '2022-07-04 08:33:37'),
(13, 1, '6', '1', NULL, NULL, '2022-01-20 07:49:10', '2022-07-04 08:33:37', '2022-07-04 08:33:37'),
(14, 1, '7', '1', NULL, NULL, '2022-01-20 07:49:10', '2022-07-04 08:33:37', '2022-07-04 08:33:37'),
(22, 4, '1', '1', NULL, NULL, '2022-01-28 05:33:23', '2022-04-26 06:49:46', '2022-04-26 06:49:46'),
(23, 4, '3', '1', NULL, NULL, '2022-01-28 05:33:23', '2022-04-26 06:49:46', '2022-04-26 06:49:46'),
(24, 5, '1', '1', NULL, NULL, '2022-01-28 05:36:53', '2022-02-09 08:17:22', NULL),
(25, 5, '2', '1', NULL, NULL, '2022-01-28 05:36:53', '2022-02-09 08:17:22', NULL),
(26, 5, '3', '1', NULL, NULL, '2022-01-28 05:36:53', '2022-02-09 08:17:22', NULL),
(27, 5, '4', '1', NULL, NULL, '2022-01-28 05:36:53', '2022-02-09 08:17:22', NULL),
(28, 6, '1', '1', NULL, NULL, '2022-01-31 09:46:45', '2022-05-16 07:51:58', '2022-05-16 07:51:58'),
(29, 6, '2', '1', NULL, NULL, '2022-01-31 09:46:45', '2022-05-16 07:51:58', '2022-05-16 07:51:58'),
(33, 3, '1', '1', NULL, NULL, '2022-02-09 06:51:29', '2022-02-17 07:45:16', '2022-02-17 07:45:16'),
(34, 3, '2', '1', NULL, NULL, '2022-02-09 06:51:29', '2022-02-17 07:45:16', '2022-02-17 07:45:16'),
(35, 3, '3', '1', NULL, NULL, '2022-02-09 06:51:29', '2022-02-17 07:45:16', '2022-02-17 07:45:16'),
(36, 3, '1', '1', NULL, NULL, '2022-02-17 07:45:16', '2022-02-17 07:46:03', '2022-02-17 07:46:03'),
(37, 3, '2', '1', NULL, NULL, '2022-02-17 07:45:16', '2022-02-17 07:46:03', '2022-02-17 07:46:03'),
(38, 3, '3', '1', NULL, NULL, '2022-02-17 07:45:16', '2022-02-17 07:46:03', '2022-02-17 07:46:03'),
(39, 3, '3', '1', NULL, NULL, '2022-02-17 07:45:16', '2022-02-17 07:46:03', '2022-02-17 07:46:03'),
(40, 3, '1', '1', NULL, NULL, '2022-02-17 07:46:03', '2022-04-27 13:32:04', '2022-04-27 13:32:04'),
(41, 3, '2', '1', NULL, NULL, '2022-02-17 07:46:03', '2022-04-27 13:32:04', '2022-04-27 13:32:04'),
(42, 3, '3', '1', NULL, NULL, '2022-02-17 07:46:03', '2022-04-27 13:32:04', '2022-04-27 13:32:04'),
(43, 3, '4', '1', NULL, NULL, '2022-02-17 07:46:03', '2022-04-27 13:32:04', '2022-04-27 13:32:04'),
(44, 1, '1', '1', NULL, NULL, '2022-04-13 09:40:32', '2022-07-04 08:33:37', '2022-07-04 08:33:37'),
(45, 1, '1', '1', NULL, NULL, '2022-04-13 09:40:32', '2022-07-04 08:33:37', '2022-07-04 08:33:37'),
(46, 1, '2', '1', NULL, NULL, '2022-04-13 09:40:32', '2022-07-04 08:33:37', '2022-07-04 08:33:37'),
(47, 1, '2', '1', NULL, NULL, '2022-04-13 09:40:32', '2022-07-04 08:33:37', '2022-07-04 08:33:37'),
(48, 1, '3', '1', NULL, NULL, '2022-04-13 09:40:33', '2022-07-04 08:33:37', '2022-07-04 08:33:37'),
(49, 1, '3', '1', NULL, NULL, '2022-04-13 09:40:33', '2022-07-04 08:33:37', '2022-07-04 08:33:37'),
(50, 1, '4', '1', NULL, NULL, '2022-04-13 09:40:33', '2022-07-04 08:33:37', '2022-07-04 08:33:37'),
(51, 1, '4', '1', NULL, NULL, '2022-04-13 09:40:33', '2022-07-04 08:33:37', '2022-07-04 08:33:37'),
(52, 1, '5', '1', NULL, NULL, '2022-04-13 09:40:33', '2022-07-04 08:33:37', '2022-07-04 08:33:37'),
(53, 1, '5', '1', NULL, NULL, '2022-04-13 09:40:33', '2022-07-04 08:33:37', '2022-07-04 08:33:37'),
(54, 1, '6', '1', NULL, NULL, '2022-04-13 09:40:33', '2022-07-04 08:33:37', '2022-07-04 08:33:37'),
(55, 1, '6', '1', NULL, NULL, '2022-04-13 09:40:33', '2022-07-04 08:33:37', '2022-07-04 08:33:37'),
(56, 1, '7', '1', NULL, NULL, '2022-04-13 09:40:33', '2022-07-04 08:33:37', '2022-07-04 08:33:37'),
(57, 1, '7', '1', NULL, NULL, '2022-04-13 09:40:33', '2022-07-04 08:33:37', '2022-07-04 08:33:37'),
(58, 1, '1', '1', NULL, NULL, '2022-04-26 06:46:41', '2022-07-04 08:33:37', '2022-07-04 08:33:37'),
(59, 1, '1', '1', NULL, NULL, '2022-04-26 06:46:41', '2022-07-04 08:33:37', '2022-07-04 08:33:37'),
(60, 1, '2', '1', NULL, NULL, '2022-04-26 06:46:41', '2022-07-04 08:33:37', '2022-07-04 08:33:37'),
(61, 1, '3', '1', NULL, NULL, '2022-04-26 06:46:41', '2022-07-04 08:33:37', '2022-07-04 08:33:37'),
(62, 4, '1', '1', NULL, NULL, '2022-04-26 06:49:46', '2022-04-28 10:04:00', '2022-04-28 10:04:00'),
(63, 4, '2', '1', NULL, NULL, '2022-04-26 06:49:46', '2022-04-28 10:04:00', '2022-04-28 10:04:00'),
(64, 4, '3', '1', NULL, NULL, '2022-04-26 06:49:46', '2022-04-28 10:04:00', '2022-04-28 10:04:00'),
(65, 1, '1', '1', NULL, NULL, '2022-04-26 07:56:11', '2022-07-04 08:33:37', '2022-07-04 08:33:37'),
(66, 1, '1', '1', NULL, NULL, '2022-04-26 09:23:25', '2022-07-04 08:33:37', '2022-07-04 08:33:37'),
(67, 1, '1', '1', NULL, NULL, '2022-04-26 09:23:25', '2022-07-04 08:33:37', '2022-07-04 08:33:37'),
(68, 1, '1', 'student_type', NULL, NULL, '2022-04-27 13:16:07', '2022-07-04 08:33:37', '2022-07-04 08:33:37'),
(69, 1, '1', 'student_type', NULL, NULL, '2022-04-27 13:16:07', '2022-07-04 08:33:37', '2022-07-04 08:33:37'),
(70, 1, '1', 'student_type', NULL, NULL, '2022-04-27 13:16:16', '2022-07-04 08:33:37', '2022-07-04 08:33:37'),
(71, 1, '1', 'student_type', NULL, NULL, '2022-04-27 13:16:16', '2022-07-04 08:33:37', '2022-07-04 08:33:37'),
(72, 1, '1', 'student_type', NULL, NULL, '2022-04-27 13:20:58', '2022-07-04 08:33:37', '2022-07-04 08:33:37'),
(73, 1, '1', 'student_type', NULL, NULL, '2022-04-27 13:20:58', '2022-07-04 08:33:37', '2022-07-04 08:33:37'),
(74, 1, '1', 'student_type', NULL, NULL, '2022-04-27 13:22:45', '2022-07-04 08:33:37', '2022-07-04 08:33:37'),
(75, 1, '1', 'student_type', NULL, NULL, '2022-04-27 13:22:46', '2022-07-04 08:33:37', '2022-07-04 08:33:37'),
(76, 1, '1', 'student_type', NULL, NULL, '2022-04-27 13:26:49', '2022-07-04 08:33:37', '2022-07-04 08:33:37'),
(77, 1, '1', 'student_type', NULL, NULL, '2022-04-27 13:26:49', '2022-07-04 08:33:37', '2022-07-04 08:33:37'),
(78, 1, '1', 'student_type', NULL, NULL, '2022-04-27 13:26:57', '2022-07-04 08:33:37', '2022-07-04 08:33:37'),
(79, 1, '1', 'student_type', NULL, NULL, '2022-04-27 13:26:57', '2022-07-04 08:33:37', '2022-07-04 08:33:37'),
(80, 1, '1', 'student_type', NULL, NULL, '2022-04-27 13:27:06', '2022-07-04 08:33:37', '2022-07-04 08:33:37'),
(81, 1, '1', 'student_type', NULL, NULL, '2022-04-27 13:27:06', '2022-07-04 08:33:37', '2022-07-04 08:33:37'),
(82, 3, '1', '1', NULL, NULL, '2022-04-27 13:32:04', '2022-04-27 13:32:15', '2022-04-27 13:32:15'),
(83, 3, '2', '1', NULL, NULL, '2022-04-27 13:32:04', '2022-04-27 13:32:15', '2022-04-27 13:32:15'),
(84, 3, '3', '1', NULL, NULL, '2022-04-27 13:32:04', '2022-04-27 13:32:15', '2022-04-27 13:32:15'),
(85, 3, '4', '1', NULL, NULL, '2022-04-27 13:32:04', '2022-04-27 13:32:15', '2022-04-27 13:32:15'),
(86, 3, '1', '1', NULL, NULL, '2022-04-27 13:32:15', '2022-04-27 13:32:47', '2022-04-27 13:32:47'),
(87, 3, '2', '1', NULL, NULL, '2022-04-27 13:32:15', '2022-04-27 13:32:47', '2022-04-27 13:32:47'),
(88, 3, '3', '1', NULL, NULL, '2022-04-27 13:32:15', '2022-04-27 13:32:47', '2022-04-27 13:32:47'),
(89, 3, '4', '1', NULL, NULL, '2022-04-27 13:32:15', '2022-04-27 13:32:47', '2022-04-27 13:32:47'),
(90, 3, '1', '1', NULL, NULL, '2022-04-27 13:32:47', '2022-04-27 13:35:12', '2022-04-27 13:35:12'),
(91, 3, '2', '1', NULL, NULL, '2022-04-27 13:32:47', '2022-04-27 13:35:12', '2022-04-27 13:35:12'),
(92, 3, '3', '1', NULL, NULL, '2022-04-27 13:32:47', '2022-04-27 13:35:12', '2022-04-27 13:35:12'),
(93, 3, '4', '1', NULL, NULL, '2022-04-27 13:32:47', '2022-04-27 13:35:12', '2022-04-27 13:35:12'),
(94, 3, '1', '1', NULL, NULL, '2022-04-27 13:35:12', '2022-04-27 13:36:41', '2022-04-27 13:36:41'),
(95, 3, '2', '1', NULL, NULL, '2022-04-27 13:35:12', '2022-04-27 13:36:41', '2022-04-27 13:36:41'),
(96, 3, '3', '1', NULL, NULL, '2022-04-27 13:35:12', '2022-04-27 13:36:41', '2022-04-27 13:36:41'),
(97, 3, '4', '1', NULL, NULL, '2022-04-27 13:35:12', '2022-04-27 13:36:41', '2022-04-27 13:36:41'),
(98, 3, '1', '1', NULL, NULL, '2022-04-27 13:36:42', '2022-04-27 13:37:08', '2022-04-27 13:37:08'),
(99, 3, '2', '1', NULL, NULL, '2022-04-27 13:36:42', '2022-04-27 13:37:08', '2022-04-27 13:37:08'),
(100, 3, '3', '1', NULL, NULL, '2022-04-27 13:36:42', '2022-04-27 13:37:08', '2022-04-27 13:37:08'),
(101, 3, '4', '1', NULL, NULL, '2022-04-27 13:36:42', '2022-04-27 13:37:08', '2022-04-27 13:37:08'),
(102, 3, '1', '1', NULL, NULL, '2022-04-27 13:37:08', '2022-04-27 13:37:24', '2022-04-27 13:37:24'),
(103, 3, '2', '1', NULL, NULL, '2022-04-27 13:37:08', '2022-04-27 13:37:24', '2022-04-27 13:37:24'),
(104, 3, '3', '1', NULL, NULL, '2022-04-27 13:37:08', '2022-04-27 13:37:24', '2022-04-27 13:37:24'),
(105, 3, '4', '1', NULL, NULL, '2022-04-27 13:37:08', '2022-04-27 13:37:24', '2022-04-27 13:37:24'),
(106, 3, '1', '1', NULL, NULL, '2022-04-27 13:37:24', '2022-04-27 13:41:09', '2022-04-27 13:41:09'),
(107, 3, '2', '1', NULL, NULL, '2022-04-27 13:37:24', '2022-04-27 13:41:09', '2022-04-27 13:41:09'),
(108, 3, '3', '1', NULL, NULL, '2022-04-27 13:37:24', '2022-04-27 13:41:09', '2022-04-27 13:41:09'),
(109, 3, '4', '1', NULL, NULL, '2022-04-27 13:37:24', '2022-04-27 13:41:09', '2022-04-27 13:41:09'),
(110, 3, '1', '1', NULL, NULL, '2022-04-27 13:41:10', '2022-04-27 13:41:17', '2022-04-27 13:41:17'),
(111, 3, '2', '1', NULL, NULL, '2022-04-27 13:41:10', '2022-04-27 13:41:17', '2022-04-27 13:41:17'),
(112, 3, '3', '1', NULL, NULL, '2022-04-27 13:41:10', '2022-04-27 13:41:17', '2022-04-27 13:41:17'),
(113, 3, '4', '1', NULL, NULL, '2022-04-27 13:41:10', '2022-04-27 13:41:17', '2022-04-27 13:41:17'),
(114, 3, '1', '1', NULL, NULL, '2022-04-27 13:41:17', '2022-04-27 13:41:48', '2022-04-27 13:41:48'),
(115, 3, '2', '1', NULL, NULL, '2022-04-27 13:41:17', '2022-04-27 13:41:48', '2022-04-27 13:41:48'),
(116, 3, '3', '1', NULL, NULL, '2022-04-27 13:41:18', '2022-04-27 13:41:48', '2022-04-27 13:41:48'),
(117, 3, '4', '1', NULL, NULL, '2022-04-27 13:41:18', '2022-04-27 13:41:48', '2022-04-27 13:41:48'),
(118, 3, '1', '1', NULL, NULL, '2022-04-27 13:41:48', '2022-04-27 13:42:05', '2022-04-27 13:42:05'),
(119, 3, '2', '1', NULL, NULL, '2022-04-27 13:41:48', '2022-04-27 13:42:05', '2022-04-27 13:42:05'),
(120, 3, '3', '1', NULL, NULL, '2022-04-27 13:41:48', '2022-04-27 13:42:05', '2022-04-27 13:42:05'),
(121, 3, '4', '1', NULL, NULL, '2022-04-27 13:41:48', '2022-04-27 13:42:05', '2022-04-27 13:42:05'),
(122, 3, '1', '1', NULL, NULL, '2022-04-27 13:42:05', '2022-04-28 05:58:27', '2022-04-28 05:58:27'),
(123, 3, '2', '1', NULL, NULL, '2022-04-27 13:42:06', '2022-04-28 05:58:27', '2022-04-28 05:58:27'),
(124, 3, '3', '1', NULL, NULL, '2022-04-27 13:42:06', '2022-04-28 05:58:27', '2022-04-28 05:58:27'),
(125, 3, '4', '1', NULL, NULL, '2022-04-27 13:42:06', '2022-04-28 05:58:27', '2022-04-28 05:58:27'),
(126, 8, '2', '1', NULL, NULL, '2022-04-28 05:56:07', '2022-05-07 13:39:43', '2022-05-07 13:39:43'),
(127, 8, '3', '1', NULL, NULL, '2022-04-28 05:56:07', '2022-05-07 13:39:43', '2022-05-07 13:39:43'),
(128, 8, '4', '1', NULL, NULL, '2022-04-28 05:56:07', '2022-05-07 13:39:43', '2022-05-07 13:39:43'),
(129, 8, '5', '1', NULL, NULL, '2022-04-28 05:56:07', '2022-05-07 13:39:43', '2022-05-07 13:39:43'),
(130, 3, '1', '1', NULL, NULL, '2022-04-28 05:58:27', '2022-04-28 06:17:50', '2022-04-28 06:17:50'),
(131, 3, '2', '1', NULL, NULL, '2022-04-28 05:58:27', '2022-04-28 06:17:50', '2022-04-28 06:17:50'),
(132, 3, '3', '1', NULL, NULL, '2022-04-28 05:58:27', '2022-04-28 06:17:50', '2022-04-28 06:17:50'),
(133, 3, '4', '1', NULL, NULL, '2022-04-28 05:58:27', '2022-04-28 06:17:50', '2022-04-28 06:17:50'),
(134, 1, '1', 'student_type', NULL, NULL, '2022-04-28 06:17:22', '2022-07-04 08:33:37', '2022-07-04 08:33:37'),
(135, 1, '1', 'student_type', NULL, NULL, '2022-04-28 06:17:22', '2022-07-04 08:33:37', '2022-07-04 08:33:37'),
(136, 3, '1', '1', NULL, NULL, '2022-04-28 06:17:50', '2022-04-28 06:23:18', '2022-04-28 06:23:18'),
(137, 3, '2', '1', NULL, NULL, '2022-04-28 06:17:50', '2022-04-28 06:23:18', '2022-04-28 06:23:18'),
(138, 3, '3', '1', NULL, NULL, '2022-04-28 06:17:50', '2022-04-28 06:23:18', '2022-04-28 06:23:18'),
(139, 3, '4', '1', NULL, NULL, '2022-04-28 06:17:50', '2022-04-28 06:23:18', '2022-04-28 06:23:18'),
(140, 3, '1', '1', NULL, NULL, '2022-04-28 06:23:18', '2022-04-28 06:31:29', '2022-04-28 06:31:29'),
(141, 3, '2', '1', NULL, NULL, '2022-04-28 06:23:18', '2022-04-28 06:31:29', '2022-04-28 06:31:29'),
(142, 3, '3', '1', NULL, NULL, '2022-04-28 06:23:18', '2022-04-28 06:31:29', '2022-04-28 06:31:29'),
(143, 3, '4', '1', NULL, NULL, '2022-04-28 06:23:19', '2022-04-28 06:31:29', '2022-04-28 06:31:29'),
(144, 3, '1', '1', NULL, NULL, '2022-04-28 06:31:29', '2022-04-28 06:32:37', '2022-04-28 06:32:37'),
(145, 3, '2', '1', NULL, NULL, '2022-04-28 06:31:29', '2022-04-28 06:32:37', '2022-04-28 06:32:37'),
(146, 3, '3', '1', NULL, NULL, '2022-04-28 06:31:29', '2022-04-28 06:32:37', '2022-04-28 06:32:37'),
(147, 3, '4', '1', NULL, NULL, '2022-04-28 06:31:29', '2022-04-28 06:32:37', '2022-04-28 06:32:37'),
(148, 3, '1', '1', NULL, NULL, '2022-04-28 06:32:38', '2022-04-28 06:34:15', '2022-04-28 06:34:15'),
(149, 3, '2', '1', NULL, NULL, '2022-04-28 06:32:38', '2022-04-28 06:34:15', '2022-04-28 06:34:15'),
(150, 3, '3', '1', NULL, NULL, '2022-04-28 06:32:38', '2022-04-28 06:34:15', '2022-04-28 06:34:15'),
(151, 3, '4', '1', NULL, NULL, '2022-04-28 06:32:38', '2022-04-28 06:34:15', '2022-04-28 06:34:15'),
(152, 3, '1', '1', NULL, NULL, '2022-04-28 06:34:15', '2022-04-28 06:34:38', '2022-04-28 06:34:38'),
(153, 3, '2', '1', NULL, NULL, '2022-04-28 06:34:15', '2022-04-28 06:34:38', '2022-04-28 06:34:38'),
(154, 3, '3', '1', NULL, NULL, '2022-04-28 06:34:15', '2022-04-28 06:34:38', '2022-04-28 06:34:38'),
(155, 3, '4', '1', NULL, NULL, '2022-04-28 06:34:15', '2022-04-28 06:34:38', '2022-04-28 06:34:38'),
(156, 3, '1', '1', NULL, NULL, '2022-04-28 06:34:38', '2022-04-28 06:35:17', '2022-04-28 06:35:17'),
(157, 3, '2', '1', NULL, NULL, '2022-04-28 06:34:38', '2022-04-28 06:35:17', '2022-04-28 06:35:17'),
(158, 3, '3', '1', NULL, NULL, '2022-04-28 06:34:38', '2022-04-28 06:35:17', '2022-04-28 06:35:17'),
(159, 3, '4', '1', NULL, NULL, '2022-04-28 06:34:38', '2022-04-28 06:35:17', '2022-04-28 06:35:17'),
(160, 3, '1', '1', NULL, NULL, '2022-04-28 06:35:17', '2022-04-28 06:35:33', '2022-04-28 06:35:33'),
(161, 3, '2', '1', NULL, NULL, '2022-04-28 06:35:17', '2022-04-28 06:35:33', '2022-04-28 06:35:33'),
(162, 3, '3', '1', NULL, NULL, '2022-04-28 06:35:17', '2022-04-28 06:35:33', '2022-04-28 06:35:33'),
(163, 3, '4', '1', NULL, NULL, '2022-04-28 06:35:17', '2022-04-28 06:35:33', '2022-04-28 06:35:33'),
(164, 3, '1', '1', NULL, NULL, '2022-04-28 06:35:33', '2022-04-28 06:37:10', '2022-04-28 06:37:10'),
(165, 3, '2', '1', NULL, NULL, '2022-04-28 06:35:33', '2022-04-28 06:37:10', '2022-04-28 06:37:10'),
(166, 3, '3', '1', NULL, NULL, '2022-04-28 06:35:33', '2022-04-28 06:37:10', '2022-04-28 06:37:10'),
(167, 3, '4', '1', NULL, NULL, '2022-04-28 06:35:33', '2022-04-28 06:37:10', '2022-04-28 06:37:10'),
(168, 3, '1', '1', NULL, NULL, '2022-04-28 06:37:10', '2022-04-28 06:38:04', '2022-04-28 06:38:04'),
(169, 3, '2', '1', NULL, NULL, '2022-04-28 06:37:11', '2022-04-28 06:38:04', '2022-04-28 06:38:04'),
(170, 3, '3', '1', NULL, NULL, '2022-04-28 06:37:11', '2022-04-28 06:38:04', '2022-04-28 06:38:04'),
(171, 3, '4', '1', NULL, NULL, '2022-04-28 06:37:11', '2022-04-28 06:38:04', '2022-04-28 06:38:04'),
(172, 1, '1', 'student_type', NULL, NULL, '2022-04-28 06:37:54', '2022-07-04 08:33:37', '2022-07-04 08:33:37'),
(173, 1, '1', 'student_type', NULL, NULL, '2022-04-28 06:37:54', '2022-07-04 08:33:37', '2022-07-04 08:33:37'),
(174, 3, '1', '1', NULL, NULL, '2022-04-28 06:38:04', '2022-04-28 07:02:51', '2022-04-28 07:02:51'),
(175, 3, '2', '1', NULL, NULL, '2022-04-28 06:38:04', '2022-04-28 07:02:51', '2022-04-28 07:02:51'),
(176, 3, '3', '1', NULL, NULL, '2022-04-28 06:38:04', '2022-04-28 07:02:51', '2022-04-28 07:02:51'),
(177, 3, '4', '1', NULL, NULL, '2022-04-28 06:38:04', '2022-04-28 07:02:51', '2022-04-28 07:02:51'),
(178, 3, '1', '1', NULL, NULL, '2022-04-28 07:02:51', '2022-04-28 07:04:46', '2022-04-28 07:04:46'),
(179, 3, '2', '1', NULL, NULL, '2022-04-28 07:02:51', '2022-04-28 07:04:46', '2022-04-28 07:04:46'),
(180, 3, '3', '1', NULL, NULL, '2022-04-28 07:02:51', '2022-04-28 07:04:46', '2022-04-28 07:04:46'),
(181, 3, '4', '1', NULL, NULL, '2022-04-28 07:02:51', '2022-04-28 07:04:46', '2022-04-28 07:04:46'),
(182, 3, '1', '1', NULL, NULL, '2022-04-28 07:04:46', '2022-04-28 07:04:55', '2022-04-28 07:04:55'),
(183, 3, '2', '1', NULL, NULL, '2022-04-28 07:04:46', '2022-04-28 07:04:55', '2022-04-28 07:04:55'),
(184, 3, '3', '1', NULL, NULL, '2022-04-28 07:04:46', '2022-04-28 07:04:55', '2022-04-28 07:04:55'),
(185, 3, '4', '1', NULL, NULL, '2022-04-28 07:04:46', '2022-04-28 07:04:55', '2022-04-28 07:04:55'),
(186, 3, '1', '1', NULL, NULL, '2022-04-28 07:04:55', '2022-04-28 07:06:25', '2022-04-28 07:06:25'),
(187, 3, '2', '1', NULL, NULL, '2022-04-28 07:04:55', '2022-04-28 07:06:25', '2022-04-28 07:06:25'),
(188, 3, '3', '1', NULL, NULL, '2022-04-28 07:04:56', '2022-04-28 07:06:25', '2022-04-28 07:06:25'),
(189, 3, '4', '1', NULL, NULL, '2022-04-28 07:04:56', '2022-04-28 07:06:25', '2022-04-28 07:06:25'),
(190, 3, '1', '1', NULL, NULL, '2022-04-28 07:06:25', '2022-04-28 07:07:09', '2022-04-28 07:07:09'),
(191, 3, '2', '1', NULL, NULL, '2022-04-28 07:06:25', '2022-04-28 07:07:09', '2022-04-28 07:07:09'),
(192, 3, '3', '1', NULL, NULL, '2022-04-28 07:06:25', '2022-04-28 07:07:09', '2022-04-28 07:07:09'),
(193, 3, '4', '1', NULL, NULL, '2022-04-28 07:06:25', '2022-04-28 07:07:09', '2022-04-28 07:07:09'),
(194, 3, '1', '1', NULL, NULL, '2022-04-28 07:07:09', '2022-04-28 07:08:49', '2022-04-28 07:08:49'),
(195, 3, '2', '1', NULL, NULL, '2022-04-28 07:07:09', '2022-04-28 07:08:49', '2022-04-28 07:08:49'),
(196, 3, '3', '1', NULL, NULL, '2022-04-28 07:07:09', '2022-04-28 07:08:49', '2022-04-28 07:08:49'),
(197, 3, '4', '1', NULL, NULL, '2022-04-28 07:07:09', '2022-04-28 07:08:49', '2022-04-28 07:08:49'),
(198, 3, '1', '1', NULL, NULL, '2022-04-28 07:08:49', '2022-04-28 07:09:11', '2022-04-28 07:09:11'),
(199, 3, '2', '1', NULL, NULL, '2022-04-28 07:08:49', '2022-04-28 07:09:11', '2022-04-28 07:09:11'),
(200, 3, '3', '1', NULL, NULL, '2022-04-28 07:08:49', '2022-04-28 07:09:11', '2022-04-28 07:09:11'),
(201, 3, '4', '1', NULL, NULL, '2022-04-28 07:08:49', '2022-04-28 07:09:11', '2022-04-28 07:09:11'),
(202, 3, '1', '1', NULL, NULL, '2022-04-28 07:09:11', '2022-04-28 07:09:39', '2022-04-28 07:09:39'),
(203, 3, '2', '1', NULL, NULL, '2022-04-28 07:09:11', '2022-04-28 07:09:39', '2022-04-28 07:09:39'),
(204, 3, '3', '1', NULL, NULL, '2022-04-28 07:09:11', '2022-04-28 07:09:39', '2022-04-28 07:09:39'),
(205, 3, '4', '1', NULL, NULL, '2022-04-28 07:09:11', '2022-04-28 07:09:39', '2022-04-28 07:09:39'),
(206, 3, '1', '1', NULL, NULL, '2022-04-28 07:09:40', '2022-04-28 07:09:50', '2022-04-28 07:09:50'),
(207, 3, '2', '1', NULL, NULL, '2022-04-28 07:09:40', '2022-04-28 07:09:50', '2022-04-28 07:09:50'),
(208, 3, '3', '1', NULL, NULL, '2022-04-28 07:09:40', '2022-04-28 07:09:50', '2022-04-28 07:09:50'),
(209, 3, '4', '1', NULL, NULL, '2022-04-28 07:09:40', '2022-04-28 07:09:50', '2022-04-28 07:09:50'),
(210, 3, '1', '1', NULL, NULL, '2022-04-28 07:09:50', '2022-04-28 07:11:03', '2022-04-28 07:11:03'),
(211, 3, '2', '1', NULL, NULL, '2022-04-28 07:09:50', '2022-04-28 07:11:03', '2022-04-28 07:11:03'),
(212, 3, '3', '1', NULL, NULL, '2022-04-28 07:09:50', '2022-04-28 07:11:03', '2022-04-28 07:11:03'),
(213, 3, '4', '1', NULL, NULL, '2022-04-28 07:09:50', '2022-04-28 07:11:03', '2022-04-28 07:11:03'),
(214, 3, '1', '1', NULL, NULL, '2022-04-28 07:11:03', '2022-04-28 07:11:12', '2022-04-28 07:11:12'),
(215, 3, '2', '1', NULL, NULL, '2022-04-28 07:11:03', '2022-04-28 07:11:12', '2022-04-28 07:11:12'),
(216, 3, '3', '1', NULL, NULL, '2022-04-28 07:11:03', '2022-04-28 07:11:12', '2022-04-28 07:11:12'),
(217, 3, '4', '1', NULL, NULL, '2022-04-28 07:11:03', '2022-04-28 07:11:12', '2022-04-28 07:11:12'),
(218, 3, '1', '1', NULL, NULL, '2022-04-28 07:11:12', '2022-04-28 07:11:23', '2022-04-28 07:11:23'),
(219, 3, '2', '1', NULL, NULL, '2022-04-28 07:11:12', '2022-04-28 07:11:23', '2022-04-28 07:11:23'),
(220, 3, '3', '1', NULL, NULL, '2022-04-28 07:11:12', '2022-04-28 07:11:23', '2022-04-28 07:11:23'),
(221, 3, '4', '1', NULL, NULL, '2022-04-28 07:11:12', '2022-04-28 07:11:23', '2022-04-28 07:11:23'),
(222, 3, '1', '1', NULL, NULL, '2022-04-28 07:11:23', '2022-04-28 07:11:40', '2022-04-28 07:11:40'),
(223, 3, '2', '1', NULL, NULL, '2022-04-28 07:11:23', '2022-04-28 07:11:40', '2022-04-28 07:11:40'),
(224, 3, '3', '1', NULL, NULL, '2022-04-28 07:11:23', '2022-04-28 07:11:40', '2022-04-28 07:11:40'),
(225, 3, '4', '1', NULL, NULL, '2022-04-28 07:11:23', '2022-04-28 07:11:40', '2022-04-28 07:11:40'),
(226, 3, '1', '1', NULL, NULL, '2022-04-28 07:11:40', '2022-04-28 07:12:03', '2022-04-28 07:12:03'),
(227, 3, '2', '1', NULL, NULL, '2022-04-28 07:11:40', '2022-04-28 07:12:03', '2022-04-28 07:12:03'),
(228, 3, '3', '1', NULL, NULL, '2022-04-28 07:11:40', '2022-04-28 07:12:03', '2022-04-28 07:12:03'),
(229, 3, '4', '1', NULL, NULL, '2022-04-28 07:11:40', '2022-04-28 07:12:03', '2022-04-28 07:12:03'),
(230, 3, '1', '1', NULL, NULL, '2022-04-28 07:12:03', '2022-04-28 07:12:55', '2022-04-28 07:12:55'),
(231, 3, '2', '1', NULL, NULL, '2022-04-28 07:12:03', '2022-04-28 07:12:55', '2022-04-28 07:12:55'),
(232, 3, '3', '1', NULL, NULL, '2022-04-28 07:12:03', '2022-04-28 07:12:55', '2022-04-28 07:12:55'),
(233, 3, '4', '1', NULL, NULL, '2022-04-28 07:12:03', '2022-04-28 07:12:55', '2022-04-28 07:12:55'),
(234, 3, '1', '1', NULL, NULL, '2022-04-28 07:12:55', '2022-04-28 07:13:22', '2022-04-28 07:13:22'),
(235, 3, '2', '1', NULL, NULL, '2022-04-28 07:12:55', '2022-04-28 07:13:22', '2022-04-28 07:13:22'),
(236, 3, '3', '1', NULL, NULL, '2022-04-28 07:12:55', '2022-04-28 07:13:22', '2022-04-28 07:13:22'),
(237, 3, '4', '1', NULL, NULL, '2022-04-28 07:12:55', '2022-04-28 07:13:22', '2022-04-28 07:13:22'),
(238, 3, '1', '1', NULL, NULL, '2022-04-28 07:13:22', '2022-04-28 07:13:52', '2022-04-28 07:13:52'),
(239, 3, '2', '1', NULL, NULL, '2022-04-28 07:13:22', '2022-04-28 07:13:52', '2022-04-28 07:13:52'),
(240, 3, '3', '1', NULL, NULL, '2022-04-28 07:13:22', '2022-04-28 07:13:52', '2022-04-28 07:13:52'),
(241, 3, '4', '1', NULL, NULL, '2022-04-28 07:13:22', '2022-04-28 07:13:52', '2022-04-28 07:13:52'),
(242, 3, '1', '1', NULL, NULL, '2022-04-28 07:13:52', '2022-04-28 07:14:48', '2022-04-28 07:14:48'),
(243, 3, '2', '1', NULL, NULL, '2022-04-28 07:13:52', '2022-04-28 07:14:48', '2022-04-28 07:14:48'),
(244, 3, '3', '1', NULL, NULL, '2022-04-28 07:13:52', '2022-04-28 07:14:48', '2022-04-28 07:14:48'),
(245, 3, '4', '1', NULL, NULL, '2022-04-28 07:13:52', '2022-04-28 07:14:48', '2022-04-28 07:14:48'),
(246, 3, '1', '1', NULL, NULL, '2022-04-28 07:14:48', '2022-04-28 07:15:30', '2022-04-28 07:15:30'),
(247, 3, '2', '1', NULL, NULL, '2022-04-28 07:14:48', '2022-04-28 07:15:30', '2022-04-28 07:15:30'),
(248, 3, '3', '1', NULL, NULL, '2022-04-28 07:14:48', '2022-04-28 07:15:30', '2022-04-28 07:15:30'),
(249, 3, '4', '1', NULL, NULL, '2022-04-28 07:14:48', '2022-04-28 07:15:30', '2022-04-28 07:15:30'),
(250, 3, '1', '1', NULL, NULL, '2022-04-28 07:15:30', '2022-05-10 13:15:42', '2022-05-10 13:15:42'),
(251, 3, '2', '1', NULL, NULL, '2022-04-28 07:15:30', '2022-05-10 13:15:42', '2022-05-10 13:15:42'),
(252, 3, '3', '1', NULL, NULL, '2022-04-28 07:15:30', '2022-05-10 13:15:42', '2022-05-10 13:15:42'),
(253, 3, '4', '1', NULL, NULL, '2022-04-28 07:15:30', '2022-05-10 13:15:42', '2022-05-10 13:15:42'),
(254, 4, '1', '1', NULL, NULL, '2022-04-28 10:04:00', '2022-05-14 11:48:22', '2022-05-14 11:48:22'),
(255, 4, '2', '1', NULL, NULL, '2022-04-28 10:04:00', '2022-05-14 11:48:22', '2022-05-14 11:48:22'),
(256, 4, '3', '1', NULL, NULL, '2022-04-28 10:04:00', '2022-05-14 11:48:22', '2022-05-14 11:48:22'),
(257, 4, '6', '1', NULL, NULL, '2022-04-28 10:04:00', '2022-05-14 11:48:22', '2022-05-14 11:48:22'),
(258, 4, '7', '1', NULL, NULL, '2022-04-28 10:04:00', '2022-05-14 11:48:22', '2022-05-14 11:48:22'),
(259, 4, '8', '1', NULL, NULL, '2022-04-28 10:04:00', '2022-05-14 11:48:22', '2022-05-14 11:48:22'),
(260, 4, '9', '1', NULL, NULL, '2022-04-28 10:04:00', '2022-05-14 11:48:22', '2022-05-14 11:48:22'),
(261, 8, '2', '1', NULL, NULL, '2022-05-07 13:39:43', '2023-08-25 11:48:10', '2023-08-25 11:48:10'),
(262, 8, '3', '1', NULL, NULL, '2022-05-07 13:39:44', '2023-08-25 11:48:10', '2023-08-25 11:48:10'),
(263, 8, '4', '1', NULL, NULL, '2022-05-07 13:39:44', '2023-08-25 11:48:10', '2023-08-25 11:48:10'),
(264, 8, '5', '1', NULL, NULL, '2022-05-07 13:39:44', '2023-08-25 11:48:10', '2023-08-25 11:48:10'),
(265, 8, '10', '1', NULL, NULL, '2022-05-07 13:39:44', '2023-08-25 11:48:10', '2023-08-25 11:48:10'),
(266, 8, '11', '1', NULL, NULL, '2022-05-07 13:39:44', '2023-08-25 11:48:10', '2023-08-25 11:48:10'),
(267, 3, '1', '1', NULL, NULL, '2022-05-10 13:15:42', '2022-05-13 09:49:16', '2022-05-13 09:49:16'),
(268, 3, '2', '1', NULL, NULL, '2022-05-10 13:15:42', '2022-05-13 09:49:16', '2022-05-13 09:49:16'),
(269, 3, '3', '1', NULL, NULL, '2022-05-10 13:15:42', '2022-05-13 09:49:16', '2022-05-13 09:49:16'),
(270, 3, '4', '1', NULL, NULL, '2022-05-10 13:15:42', '2022-05-13 09:49:16', '2022-05-13 09:49:16'),
(271, 3, '12', '1', NULL, NULL, '2022-05-10 13:15:42', '2022-05-13 09:49:16', '2022-05-13 09:49:16'),
(272, 3, '1', '1', NULL, NULL, '2022-05-13 09:49:16', '2022-05-16 07:39:45', '2022-05-16 07:39:45'),
(273, 3, '2', '1', NULL, NULL, '2022-05-13 09:49:16', '2022-05-16 07:39:45', '2022-05-16 07:39:45'),
(274, 3, '3', '1', NULL, NULL, '2022-05-13 09:49:16', '2022-05-16 07:39:45', '2022-05-16 07:39:45'),
(275, 3, '3', '1', NULL, NULL, '2022-05-13 09:49:16', '2022-05-16 07:39:45', '2022-05-16 07:39:45'),
(276, 3, '4', '1', NULL, NULL, '2022-05-13 09:49:16', '2022-05-16 07:39:45', '2022-05-16 07:39:45'),
(277, 3, '5', '1', NULL, NULL, '2022-05-13 09:49:16', '2022-05-16 07:39:45', '2022-05-16 07:39:45'),
(278, 3, '6', '1', NULL, NULL, '2022-05-13 09:49:16', '2022-05-16 07:39:45', '2022-05-16 07:39:45'),
(279, 3, '7', '1', NULL, NULL, '2022-05-13 09:49:16', '2022-05-16 07:39:45', '2022-05-16 07:39:45'),
(280, 3, '8', '1', NULL, NULL, '2022-05-13 09:49:16', '2022-05-16 07:39:45', '2022-05-16 07:39:45'),
(281, 3, '9', '1', NULL, NULL, '2022-05-13 09:49:16', '2022-05-16 07:39:45', '2022-05-16 07:39:45'),
(282, 3, '10', '1', NULL, NULL, '2022-05-13 09:49:16', '2022-05-16 07:39:45', '2022-05-16 07:39:45'),
(283, 3, '11', '1', NULL, NULL, '2022-05-13 09:49:16', '2022-05-16 07:39:45', '2022-05-16 07:39:45'),
(284, 3, '12', '1', NULL, NULL, '2022-05-13 09:49:17', '2022-05-16 07:39:45', '2022-05-16 07:39:45'),
(285, 3, '12', '1', NULL, NULL, '2022-05-13 09:49:17', '2022-05-16 07:39:45', '2022-05-16 07:39:45'),
(286, 4, '1', '1', NULL, NULL, '2022-05-14 11:48:22', '2022-05-14 11:48:22', NULL),
(287, 4, '2', '1', NULL, NULL, '2022-05-14 11:48:22', '2022-05-14 11:48:22', NULL),
(288, 4, '3', '1', NULL, NULL, '2022-05-14 11:48:22', '2022-05-14 11:48:22', NULL),
(289, 4, '6', '1', NULL, NULL, '2022-05-14 11:48:22', '2022-05-14 11:48:22', NULL),
(290, 4, '7', '1', NULL, NULL, '2022-05-14 11:48:22', '2022-05-14 11:48:22', NULL),
(291, 4, '8', '1', NULL, NULL, '2022-05-14 11:48:22', '2022-05-14 11:48:22', NULL),
(292, 4, '9', '1', NULL, NULL, '2022-05-14 11:48:22', '2022-05-14 11:48:22', NULL),
(293, 3, '1', '1', NULL, NULL, '2022-05-16 07:39:45', '2023-09-16 06:34:16', '2023-09-16 06:34:16'),
(294, 3, '2', '1', NULL, NULL, '2022-05-16 07:39:45', '2023-09-16 06:34:16', '2023-09-16 06:34:16'),
(295, 3, '3', '1', NULL, NULL, '2022-05-16 07:39:45', '2023-09-16 06:34:16', '2023-09-16 06:34:16'),
(296, 3, '3', '1', NULL, NULL, '2022-05-16 07:39:45', '2023-09-16 06:34:16', '2023-09-16 06:34:16'),
(297, 3, '4', '1', NULL, NULL, '2022-05-16 07:39:46', '2023-09-16 06:34:16', '2023-09-16 06:34:16'),
(298, 3, '5', '1', NULL, NULL, '2022-05-16 07:39:46', '2023-09-16 06:34:16', '2023-09-16 06:34:16'),
(299, 3, '6', '1', NULL, NULL, '2022-05-16 07:39:46', '2023-09-16 06:34:16', '2023-09-16 06:34:16'),
(300, 3, '7', '1', NULL, NULL, '2022-05-16 07:39:46', '2023-09-16 06:34:16', '2023-09-16 06:34:16'),
(301, 3, '8', '1', NULL, NULL, '2022-05-16 07:39:46', '2023-09-16 06:34:16', '2023-09-16 06:34:16'),
(302, 3, '9', '1', NULL, NULL, '2022-05-16 07:39:46', '2023-09-16 06:34:16', '2023-09-16 06:34:16'),
(303, 3, '10', '1', NULL, NULL, '2022-05-16 07:39:46', '2023-09-16 06:34:16', '2023-09-16 06:34:16'),
(304, 3, '11', '1', NULL, NULL, '2022-05-16 07:39:46', '2023-09-16 06:34:16', '2023-09-16 06:34:16'),
(305, 3, '12', '1', NULL, NULL, '2022-05-16 07:39:46', '2023-09-16 06:34:16', '2023-09-16 06:34:16'),
(306, 9, '2', '1', NULL, NULL, '2022-05-16 07:46:20', '2022-05-16 07:46:20', NULL),
(307, 9, '3', '1', NULL, NULL, '2022-05-16 07:46:20', '2022-05-16 07:46:20', NULL),
(308, 9, '4', '1', NULL, NULL, '2022-05-16 07:46:20', '2022-05-16 07:46:20', NULL),
(309, 6, '1', '1', NULL, NULL, '2022-05-16 07:51:58', '2022-05-16 07:51:58', NULL),
(310, 6, '2', '1', NULL, NULL, '2022-05-16 07:51:58', '2022-05-16 07:51:58', NULL),
(311, 6, '10', '1', NULL, NULL, '2022-05-16 07:51:59', '2022-05-16 07:51:59', NULL),
(312, 8, '2', '$studentType_value->id', NULL, NULL, '2023-08-25 11:48:10', '2023-08-25 11:48:17', '2023-08-25 11:48:17'),
(313, 8, '3', '$studentType_value->id', NULL, NULL, '2023-08-25 11:48:10', '2023-08-25 11:48:17', '2023-08-25 11:48:17'),
(314, 8, '4', '$studentType_value->id', NULL, NULL, '2023-08-25 11:48:10', '2023-08-25 11:48:17', '2023-08-25 11:48:17'),
(315, 8, '5', '$studentType_value->id', NULL, NULL, '2023-08-25 11:48:10', '2023-08-25 11:48:17', '2023-08-25 11:48:17'),
(316, 8, '8', '$studentType_value->id', NULL, NULL, '2023-08-25 11:48:10', '2023-08-25 11:48:17', '2023-08-25 11:48:17'),
(317, 8, '9', '$studentType_value->id', NULL, NULL, '2023-08-25 11:48:10', '2023-08-25 11:48:17', '2023-08-25 11:48:17'),
(318, 8, '10', '$studentType_value->id', NULL, NULL, '2023-08-25 11:48:10', '2023-08-25 11:48:17', '2023-08-25 11:48:17'),
(319, 8, '11', '$studentType_value->id', NULL, NULL, '2023-08-25 11:48:10', '2023-08-25 11:48:17', '2023-08-25 11:48:17'),
(320, 8, '2', '$studentType_value->id', NULL, NULL, '2023-08-25 11:48:17', '2023-08-25 11:50:01', '2023-08-25 11:50:01'),
(321, 8, '3', '$studentType_value->id', NULL, NULL, '2023-08-25 11:48:17', '2023-08-25 11:50:01', '2023-08-25 11:50:01'),
(322, 8, '4', '$studentType_value->id', NULL, NULL, '2023-08-25 11:48:18', '2023-08-25 11:50:01', '2023-08-25 11:50:01'),
(323, 8, '5', '$studentType_value->id', NULL, NULL, '2023-08-25 11:48:18', '2023-08-25 11:50:01', '2023-08-25 11:50:01'),
(324, 8, '8', '$studentType_value->id', NULL, NULL, '2023-08-25 11:48:18', '2023-08-25 11:50:01', '2023-08-25 11:50:01'),
(325, 8, '9', '$studentType_value->id', NULL, NULL, '2023-08-25 11:48:18', '2023-08-25 11:50:01', '2023-08-25 11:50:01'),
(326, 8, '10', '$studentType_value->id', NULL, NULL, '2023-08-25 11:48:18', '2023-08-25 11:50:01', '2023-08-25 11:50:01'),
(327, 8, '11', '$studentType_value->id', NULL, NULL, '2023-08-25 11:48:18', '2023-08-25 11:50:01', '2023-08-25 11:50:01'),
(328, 8, '2', '$studentType_value->id', NULL, NULL, '2023-08-25 11:50:01', '2023-08-25 11:50:01', NULL),
(329, 8, '3', '$studentType_value->id', NULL, NULL, '2023-08-25 11:50:01', '2023-08-25 11:50:01', NULL),
(330, 8, '4', '$studentType_value->id', NULL, NULL, '2023-08-25 11:50:01', '2023-08-25 11:50:01', NULL),
(331, 8, '5', '$studentType_value->id', NULL, NULL, '2023-08-25 11:50:01', '2023-08-25 11:50:01', NULL),
(332, 8, '8', '$studentType_value->id', NULL, NULL, '2023-08-25 11:50:01', '2023-08-25 11:50:01', NULL),
(333, 8, '9', '$studentType_value->id', NULL, NULL, '2023-08-25 11:50:01', '2023-08-25 11:50:01', NULL),
(334, 8, '10', '$studentType_value->id', NULL, NULL, '2023-08-25 11:50:01', '2023-08-25 11:50:01', NULL),
(335, 8, '11', '$studentType_value->id', NULL, NULL, '2023-08-25 11:50:01', '2023-08-25 11:50:01', NULL),
(336, 3, '1', '$studentType_value->id', NULL, NULL, '2023-09-16 06:34:16', '2023-09-16 06:34:52', '2023-09-16 06:34:52'),
(337, 3, '2', '$studentType_value->id', NULL, NULL, '2023-09-16 06:34:16', '2023-09-16 06:34:52', '2023-09-16 06:34:52'),
(338, 3, '3', '$studentType_value->id', NULL, NULL, '2023-09-16 06:34:16', '2023-09-16 06:34:52', '2023-09-16 06:34:52'),
(339, 3, '3', '$studentType_value->id', NULL, NULL, '2023-09-16 06:34:16', '2023-09-16 06:34:52', '2023-09-16 06:34:52'),
(340, 3, '4', '$studentType_value->id', NULL, NULL, '2023-09-16 06:34:16', '2023-09-16 06:34:52', '2023-09-16 06:34:52'),
(341, 3, '5', '$studentType_value->id', NULL, NULL, '2023-09-16 06:34:16', '2023-09-16 06:34:52', '2023-09-16 06:34:52'),
(342, 3, '6', '$studentType_value->id', NULL, NULL, '2023-09-16 06:34:16', '2023-09-16 06:34:52', '2023-09-16 06:34:52'),
(343, 3, '7', '$studentType_value->id', NULL, NULL, '2023-09-16 06:34:16', '2023-09-16 06:34:52', '2023-09-16 06:34:52'),
(344, 3, '8', '$studentType_value->id', NULL, NULL, '2023-09-16 06:34:16', '2023-09-16 06:34:52', '2023-09-16 06:34:52'),
(345, 3, '9', '$studentType_value->id', NULL, NULL, '2023-09-16 06:34:16', '2023-09-16 06:34:52', '2023-09-16 06:34:52'),
(346, 3, '10', '$studentType_value->id', NULL, NULL, '2023-09-16 06:34:16', '2023-09-16 06:34:52', '2023-09-16 06:34:52'),
(347, 3, '11', '$studentType_value->id', NULL, NULL, '2023-09-16 06:34:16', '2023-09-16 06:34:52', '2023-09-16 06:34:52'),
(348, 3, '12', '$studentType_value->id', NULL, NULL, '2023-09-16 06:34:16', '2023-09-16 06:34:52', '2023-09-16 06:34:52'),
(349, 3, '1', '$studentType_value->id', NULL, NULL, '2023-09-16 06:34:52', '2023-09-16 06:35:55', '2023-09-16 06:35:55'),
(350, 3, '2', '$studentType_value->id', NULL, NULL, '2023-09-16 06:34:52', '2023-09-16 06:35:55', '2023-09-16 06:35:55'),
(351, 3, '3', '$studentType_value->id', NULL, NULL, '2023-09-16 06:34:52', '2023-09-16 06:35:55', '2023-09-16 06:35:55'),
(352, 3, '3', '$studentType_value->id', NULL, NULL, '2023-09-16 06:34:52', '2023-09-16 06:35:55', '2023-09-16 06:35:55'),
(353, 3, '4', '$studentType_value->id', NULL, NULL, '2023-09-16 06:34:52', '2023-09-16 06:35:55', '2023-09-16 06:35:55'),
(354, 3, '5', '$studentType_value->id', NULL, NULL, '2023-09-16 06:34:52', '2023-09-16 06:35:55', '2023-09-16 06:35:55'),
(355, 3, '6', '$studentType_value->id', NULL, NULL, '2023-09-16 06:34:52', '2023-09-16 06:35:55', '2023-09-16 06:35:55'),
(356, 3, '7', '$studentType_value->id', NULL, NULL, '2023-09-16 06:34:52', '2023-09-16 06:35:55', '2023-09-16 06:35:55'),
(357, 3, '8', '$studentType_value->id', NULL, NULL, '2023-09-16 06:34:52', '2023-09-16 06:35:55', '2023-09-16 06:35:55'),
(358, 3, '9', '$studentType_value->id', NULL, NULL, '2023-09-16 06:34:52', '2023-09-16 06:35:55', '2023-09-16 06:35:55'),
(359, 3, '10', '$studentType_value->id', NULL, NULL, '2023-09-16 06:34:52', '2023-09-16 06:35:55', '2023-09-16 06:35:55'),
(360, 3, '11', '$studentType_value->id', NULL, NULL, '2023-09-16 06:34:52', '2023-09-16 06:35:55', '2023-09-16 06:35:55'),
(361, 3, '12', '$studentType_value->id', NULL, NULL, '2023-09-16 06:34:52', '2023-09-16 06:35:55', '2023-09-16 06:35:55'),
(362, 3, '1', '$studentType_value->id', NULL, NULL, '2023-09-16 06:35:55', '2023-09-16 07:33:31', '2023-09-16 07:33:31'),
(363, 3, '2', '$studentType_value->id', NULL, NULL, '2023-09-16 06:35:55', '2023-09-16 07:33:31', '2023-09-16 07:33:31'),
(364, 3, '3', '$studentType_value->id', NULL, NULL, '2023-09-16 06:35:55', '2023-09-16 07:33:31', '2023-09-16 07:33:31'),
(365, 3, '3', '$studentType_value->id', NULL, NULL, '2023-09-16 06:35:55', '2023-09-16 07:33:31', '2023-09-16 07:33:31'),
(366, 3, '4', '$studentType_value->id', NULL, NULL, '2023-09-16 06:35:55', '2023-09-16 07:33:31', '2023-09-16 07:33:31'),
(367, 3, '5', '$studentType_value->id', NULL, NULL, '2023-09-16 06:35:55', '2023-09-16 07:33:31', '2023-09-16 07:33:31'),
(368, 3, '6', '$studentType_value->id', NULL, NULL, '2023-09-16 06:35:55', '2023-09-16 07:33:31', '2023-09-16 07:33:31'),
(369, 3, '7', '$studentType_value->id', NULL, NULL, '2023-09-16 06:35:55', '2023-09-16 07:33:31', '2023-09-16 07:33:31'),
(370, 3, '8', '$studentType_value->id', NULL, NULL, '2023-09-16 06:35:55', '2023-09-16 07:33:31', '2023-09-16 07:33:31'),
(371, 3, '9', '$studentType_value->id', NULL, NULL, '2023-09-16 06:35:55', '2023-09-16 07:33:31', '2023-09-16 07:33:31'),
(372, 3, '10', '$studentType_value->id', NULL, NULL, '2023-09-16 06:35:55', '2023-09-16 07:33:31', '2023-09-16 07:33:31'),
(373, 3, '11', '$studentType_value->id', NULL, NULL, '2023-09-16 06:35:55', '2023-09-16 07:33:31', '2023-09-16 07:33:31'),
(374, 3, '12', '$studentType_value->id', NULL, NULL, '2023-09-16 06:35:55', '2023-09-16 07:33:31', '2023-09-16 07:33:31'),
(375, 3, '1', '1', NULL, NULL, '2023-09-16 07:33:31', '2023-09-16 07:33:31', NULL),
(376, 3, '2', '1', NULL, NULL, '2023-09-16 07:33:31', '2023-09-16 07:33:31', NULL),
(377, 3, '3', '1', NULL, NULL, '2023-09-16 07:33:31', '2023-09-16 07:33:31', NULL),
(378, 3, '3', '1', NULL, NULL, '2023-09-16 07:33:32', '2023-09-16 07:33:32', NULL),
(379, 3, '4', '1', NULL, NULL, '2023-09-16 07:33:32', '2023-09-16 07:33:32', NULL),
(380, 3, '5', '1', NULL, NULL, '2023-09-16 07:33:32', '2023-09-16 07:33:32', NULL),
(381, 3, '6', '1', NULL, NULL, '2023-09-16 07:33:32', '2023-09-16 07:33:32', NULL),
(382, 3, '7', '1', NULL, NULL, '2023-09-16 07:33:32', '2023-09-16 07:33:32', NULL),
(383, 3, '8', '1', NULL, NULL, '2023-09-16 07:33:32', '2023-09-16 07:33:32', NULL),
(384, 3, '9', '1', NULL, NULL, '2023-09-16 07:33:33', '2023-09-16 07:33:33', NULL),
(385, 3, '10', '1', NULL, NULL, '2023-09-16 07:33:33', '2023-09-16 07:33:33', NULL),
(386, 3, '11', '1', NULL, NULL, '2023-09-16 07:33:33', '2023-09-16 07:33:33', NULL),
(387, 3, '12', '1', NULL, NULL, '2023-09-16 07:33:33', '2023-09-16 07:33:33', NULL);

-- --------------------------------------------------------

--
-- Table structure for table `student_batch_allocations`
--

CREATE TABLE `student_batch_allocations` (
  `id` bigint(20) UNSIGNED NOT NULL,
  `institute_id` bigint(20) UNSIGNED NOT NULL,
  `exambatches_id` bigint(20) UNSIGNED NOT NULL,
  `batch_name` bigint(20) UNSIGNED NOT NULL,
  `exam_name` bigint(20) UNSIGNED NOT NULL,
  `subject_id` bigint(20) UNSIGNED NOT NULL,
  `created_at` timestamp NULL DEFAULT NULL,
  `updated_at` timestamp NULL DEFAULT NULL
) ENGINE=InnoDB DEFAULT CHARSET=utf8mb4 COLLATE=utf8mb4_unicode_ci;

--
-- Dumping data for table `student_batch_allocations`
--

INSERT INTO `student_batch_allocations` (`id`, `institute_id`, `exambatches_id`, `batch_name`, `exam_name`, `subject_id`, `created_at`, `updated_at`) VALUES
(8, 2, 1, 1, 1, 1, '2022-05-09 07:47:41', '2022-05-09 07:47:41'),
(9, 2, 1, 1, 1, 1, '2022-05-09 07:58:35', '2022-05-09 07:58:35'),
(10, 2, 1, 1, 1, 1, '2022-05-14 11:54:00', '2022-05-14 11:54:00');

-- --------------------------------------------------------

--
-- Table structure for table `student_courses`
--

CREATE TABLE `student_courses` (
  `id` bigint(20) UNSIGNED NOT NULL,
  `student_id` bigint(20) UNSIGNED NOT NULL,
  `course_id` varchar(255) NOT NULL,
  `student_type` varchar(255) NOT NULL,
  `doaddmission` varchar(255) NOT NULL,
  `isession_id` varchar(255) NOT NULL,
  `year` varchar(255) NOT NULL,
  `old` tinyint(4) NOT NULL DEFAULT 0,
  `created_at` timestamp NULL DEFAULT NULL,
  `updated_at` timestamp NULL DEFAULT NULL,
  `deleted_at` timestamp NULL DEFAULT NULL
) ENGINE=InnoDB DEFAULT CHARSET=utf8mb4 COLLATE=utf8mb4_unicode_ci;

--
-- Dumping data for table `student_courses`
--

INSERT INTO `student_courses` (`id`, `student_id`, `course_id`, `student_type`, `doaddmission`, `isession_id`, `year`, `old`, `created_at`, `updated_at`, `deleted_at`) VALUES
(1, 1, '1', '1', '2022-01-20', '2', '2022', 0, '2022-01-20 07:48:45', '2022-07-04 08:33:37', '2022-07-04 08:33:37'),
(3, 3, '1', '1', '2022-01-24', '2', '2022', 0, '2022-01-24 12:17:06', '2022-04-28 06:31:29', '2022-04-28 06:31:29'),
(4, 3, '1', '1', '2022-01-24', '2', '2022', 0, '2022-01-25 10:49:22', '2022-04-28 06:31:29', '2022-04-28 06:31:29'),
(5, 4, '1', '1', '2022-01-29', '2', '2021', 0, '2022-01-28 05:33:23', '2022-04-26 06:49:46', '2022-04-26 06:49:46'),
(6, 5, '1', '1', '2022-01-28', '2', '2022', 0, '2022-01-28 05:36:53', '2022-02-09 08:17:22', NULL),
(7, 6, '1', '1', '2022-01-31', '2', '2022', 0, '2022-01-31 09:46:45', '2022-02-09 09:49:43', NULL),
(9, 1, '1', '1', '2022-01-20', '2', '2022', 0, '2022-04-13 09:40:34', '2022-07-04 08:33:37', '2022-07-04 08:33:37'),
(10, 1, '1', '1', '2022-01-20', '2', '2022', 0, '2022-04-13 09:40:34', '2022-07-04 08:33:37', '2022-07-04 08:33:37'),
(11, 1, '1', '1', '2022-01-20', '2', '2022', 0, '2022-04-26 06:46:41', '2022-07-04 08:33:37', '2022-07-04 08:33:37'),
(12, 4, '1', '1', '2022-01-29', '2', '2021', 0, '2022-04-26 06:49:46', '2022-04-26 06:49:46', NULL),
(13, 1, '1', '1', '2022-01-20', '2', '2022', 0, '2022-04-26 07:56:12', '2022-07-04 08:33:37', '2022-07-04 08:33:37'),
(14, 1, '1', '1', '2022-01-20', '2', '2022', 0, '2022-04-26 09:23:25', '2022-07-04 08:33:37', '2022-07-04 08:33:37'),
(15, 8, '1', '1', '2022-04-28', '2', '2022', 0, '2022-04-28 05:56:07', '2022-04-28 05:56:07', NULL),
(16, 3, '1', '1', '2022-01-24', '2', '2022', 0, '2022-04-28 06:31:29', '2023-09-16 06:34:16', '2023-09-16 06:34:16'),
(17, 9, '1', '1', '2022-05-16', '2', '2022', 0, '2022-05-16 07:46:20', '2022-05-16 07:46:20', NULL),
(18, 3, '1', '$studentType_value->id', '2022-01-25', '1', '2021', 0, '2023-09-16 06:34:16', '2023-09-16 06:34:52', '2023-09-16 06:34:52'),
(19, 3, '1', '$studentType_value->id', '2022-01-25', '1', '2021', 0, '2023-09-16 06:34:52', '2023-09-16 06:35:55', '2023-09-16 06:35:55'),
(20, 3, '1', '$studentType_value->id', '2022-01-25', '1', '2021', 0, '2023-09-16 06:35:55', '2023-09-16 07:33:33', '2023-09-16 07:33:33'),
(21, 3, '1', '1', '2022-01-25', '1', '2021', 0, '2023-09-16 07:33:33', '2023-09-16 07:33:33', NULL);

-- --------------------------------------------------------

--
-- Table structure for table `student_grnos`
--

CREATE TABLE `student_grnos` (
  `id` bigint(20) UNSIGNED NOT NULL,
  `institute_id` bigint(20) UNSIGNED NOT NULL,
  `student_id` bigint(20) UNSIGNED NOT NULL,
  `student_type` varchar(255) NOT NULL,
  `student_grno` varchar(255) NOT NULL,
  `doaddmission` varchar(255) NOT NULL,
  `isession_id` varchar(255) NOT NULL,
  `year` varchar(255) NOT NULL,
  `created_at` timestamp NULL DEFAULT NULL,
  `updated_at` timestamp NULL DEFAULT NULL
) ENGINE=InnoDB DEFAULT CHARSET=utf8mb4 COLLATE=utf8mb4_unicode_ci;

--
-- Dumping data for table `student_grnos`
--

INSERT INTO `student_grnos` (`id`, `institute_id`, `student_id`, `student_type`, `student_grno`, `doaddmission`, `isession_id`, `year`, `created_at`, `updated_at`) VALUES
(1, 2, 1, '1', '101', '2022-01-20', '2', '2022', '2022-01-20 07:48:47', '2022-01-20 07:48:47'),
(3, 2, 3, '1', '103', '2022-01-24', '2', '2022', '2022-01-24 12:17:07', '2022-01-24 12:17:07'),
(4, 2, 4, '1', '104', '2022-01-29', '2', '2021', '2022-01-28 05:33:24', '2022-01-28 05:33:24'),
(5, 2, 5, '1', '105', '2022-01-28', '2', '2022', '2022-01-28 05:36:54', '2022-01-28 05:36:54'),
(6, 2, 6, '1', '106', '2022-01-31', '2', '2022', '2022-01-31 09:46:46', '2022-01-31 09:46:46'),
(8, 2, 8, '1', '107', '2022-04-28', '2', '2022', '2022-04-28 05:56:08', '2022-04-28 05:56:08'),
(9, 2, 9, '1', '108', '2022-05-16', '2', '2022', '2022-05-16 07:46:21', '2022-05-16 07:46:21');

-- --------------------------------------------------------

--
-- Table structure for table `student_infos`
--

CREATE TABLE `student_infos` (
  `id` bigint(20) UNSIGNED NOT NULL,
  `created_at` timestamp NULL DEFAULT NULL,
  `updated_at` timestamp NULL DEFAULT NULL
) ENGINE=InnoDB DEFAULT CHARSET=utf8mb4 COLLATE=utf8mb4_unicode_ci;

-- --------------------------------------------------------

--
-- Table structure for table `student_keyboard_practises`
--

CREATE TABLE `student_keyboard_practises` (
  `id` bigint(20) UNSIGNED NOT NULL,
  `institute_id` bigint(20) UNSIGNED NOT NULL,
  `keboard_practice_id` bigint(20) UNSIGNED NOT NULL,
  `student_id` bigint(20) UNSIGNED NOT NULL,
  `subject_id` bigint(20) UNSIGNED NOT NULL,
  `practise_type` bigint(20) UNSIGNED NOT NULL,
  `created_at` timestamp NULL DEFAULT NULL,
  `updated_at` timestamp NULL DEFAULT NULL
) ENGINE=InnoDB DEFAULT CHARSET=utf8mb4 COLLATE=utf8mb4_unicode_ci;

--
-- Dumping data for table `student_keyboard_practises`
--

INSERT INTO `student_keyboard_practises` (`id`, `institute_id`, `keboard_practice_id`, `student_id`, `subject_id`, `practise_type`, `created_at`, `updated_at`) VALUES
(1, 2, 1, 3, 1, 1, '2022-02-08 10:38:39', '2022-02-08 10:38:39'),
(2, 2, 1, 3, 1, 1, '2022-02-08 10:40:25', '2022-02-08 10:40:25'),
(3, 2, 3, 3, 3, 18, '2022-02-08 10:42:48', '2022-02-08 10:42:48'),
(4, 2, 1, 3, 1, 1, '2022-02-08 11:05:21', '2022-02-08 11:05:21'),
(5, 2, 1, 11, 1, 1, '2022-02-11 11:32:55', '2022-02-11 11:32:55'),
(6, 2, 4, 11, 1, 1, '2022-02-11 11:37:46', '2022-02-11 11:37:46'),
(7, 2, 2, 11, 1, 1, '2022-02-11 11:38:45', '2022-02-11 11:38:45'),
(8, 2, 1, 11, 1, 1, '2022-02-11 11:38:50', '2022-02-11 11:38:50'),
(9, 2, 4, 11, 1, 1, '2022-02-11 11:42:41', '2022-02-11 11:42:41'),
(10, 2, 4, 11, 1, 1, '2022-02-11 11:43:31', '2022-02-11 11:43:31'),
(11, 2, 2, 11, 1, 1, '2022-02-11 11:44:11', '2022-02-11 11:44:11'),
(12, 2, 2, 11, 1, 1, '2022-02-11 11:46:35', '2022-02-11 11:46:35'),
(13, 2, 2, 11, 1, 1, '2022-02-11 11:46:48', '2022-02-11 11:46:48'),
(14, 2, 4, 11, 1, 1, '2022-02-11 11:51:15', '2022-02-11 11:51:15'),
(15, 2, 2, 9, 1, 1, '2022-02-12 12:08:53', '2022-02-12 12:08:53'),
(16, 2, 4, 3, 1, 1, '2022-02-14 11:47:01', '2022-02-14 11:47:01'),
(17, 2, 4, 7, 1, 1, '2022-02-14 12:24:30', '2022-02-14 12:24:30'),
(18, 2, 2, 3, 1, 1, '2022-02-15 06:14:05', '2022-02-15 06:14:05'),
(19, 2, 4, 3, 1, 1, '2022-02-15 06:17:40', '2022-02-15 06:17:40'),
(20, 2, 2, 3, 1, 1, '2022-02-15 11:02:21', '2022-02-15 11:02:21'),
(21, 2, 2, 3, 1, 1, '2022-02-15 12:05:27', '2022-02-15 12:05:27'),
(22, 2, 2, 3, 1, 1, '2022-02-18 06:56:13', '2022-02-18 06:56:13'),
(23, 2, 1, 3, 1, 1, '2022-02-18 07:55:05', '2022-02-18 07:55:05'),
(24, 2, 4, 3, 1, 1, '2022-02-18 08:01:58', '2022-02-18 08:01:58'),
(25, 2, 1, 3, 1, 1, '2022-02-18 11:30:48', '2022-02-18 11:30:48'),
(26, 2, 4, 3, 1, 1, '2022-02-18 11:31:05', '2022-02-18 11:31:05'),
(27, 2, 2, 3, 1, 1, '2022-02-18 11:33:12', '2022-02-18 11:33:12'),
(28, 2, 2, 3, 1, 1, '2022-02-18 11:35:23', '2022-02-18 11:35:23'),
(29, 2, 2, 3, 1, 1, '2022-02-18 11:36:56', '2022-02-18 11:36:56'),
(30, 2, 2, 3, 1, 1, '2022-02-18 11:37:13', '2022-02-18 11:37:13'),
(31, 2, 2, 3, 1, 1, '2022-02-18 11:37:49', '2022-02-18 11:37:49'),
(32, 2, 2, 3, 1, 1, '2022-02-18 11:39:46', '2022-02-18 11:39:46'),
(33, 2, 2, 3, 1, 1, '2022-02-18 11:40:49', '2022-02-18 11:40:49'),
(34, 2, 2, 3, 1, 1, '2022-02-18 11:41:46', '2022-02-18 11:41:46'),
(35, 2, 2, 3, 1, 1, '2022-02-18 11:42:22', '2022-02-18 11:42:22'),
(36, 2, 2, 3, 1, 1, '2022-02-18 11:42:51', '2022-02-18 11:42:51'),
(37, 2, 2, 3, 1, 1, '2022-02-18 11:43:30', '2022-02-18 11:43:30'),
(38, 2, 2, 3, 1, 1, '2022-02-18 11:43:39', '2022-02-18 11:43:39'),
(39, 2, 2, 3, 1, 1, '2022-02-18 11:43:42', '2022-02-18 11:43:42'),
(40, 2, 2, 3, 1, 1, '2022-02-18 11:44:01', '2022-02-18 11:44:01'),
(41, 2, 2, 3, 1, 1, '2022-02-18 11:44:06', '2022-02-18 11:44:06'),
(42, 2, 2, 3, 1, 1, '2022-02-18 11:44:27', '2022-02-18 11:44:27'),
(43, 2, 1, 3, 1, 1, '2022-02-18 11:45:56', '2022-02-18 11:45:56'),
(44, 2, 1, 3, 1, 1, '2022-02-18 11:46:24', '2022-02-18 11:46:24'),
(45, 2, 1, 3, 1, 1, '2022-02-18 11:46:28', '2022-02-18 11:46:28'),
(46, 2, 2, 3, 1, 1, '2022-02-18 11:46:41', '2022-02-18 11:46:41'),
(47, 2, 2, 3, 1, 1, '2022-02-18 11:47:07', '2022-02-18 11:47:07'),
(48, 2, 2, 3, 1, 1, '2022-02-18 11:47:21', '2022-02-18 11:47:21'),
(49, 2, 2, 3, 1, 1, '2022-02-18 11:47:49', '2022-02-18 11:47:49'),
(50, 2, 4, 3, 1, 1, '2022-02-18 11:50:09', '2022-02-18 11:50:09'),
(51, 2, 1, 3, 1, 1, '2022-02-18 11:50:24', '2022-02-18 11:50:24'),
(52, 2, 2, 3, 1, 1, '2022-02-18 11:50:29', '2022-02-18 11:50:29'),
(53, 2, 4, 3, 1, 1, '2022-02-18 11:50:34', '2022-02-18 11:50:34'),
(54, 2, 2, 3, 1, 1, '2022-02-18 11:58:46', '2022-02-18 11:58:46'),
(55, 2, 2, 3, 1, 1, '2022-02-18 12:16:37', '2022-02-18 12:16:37'),
(56, 2, 2, 3, 1, 1, '2022-02-18 12:17:53', '2022-02-18 12:17:53'),
(57, 2, 2, 3, 1, 1, '2022-02-18 12:19:00', '2022-02-18 12:19:00'),
(58, 2, 2, 3, 1, 1, '2022-02-18 12:19:12', '2022-02-18 12:19:12'),
(59, 2, 2, 3, 1, 1, '2022-02-18 12:20:59', '2022-02-18 12:20:59'),
(60, 2, 2, 3, 1, 1, '2022-02-18 12:21:19', '2022-02-18 12:21:19'),
(61, 2, 2, 3, 1, 1, '2022-02-18 12:21:38', '2022-02-18 12:21:38'),
(62, 2, 2, 3, 1, 1, '2022-02-18 12:24:13', '2022-02-18 12:24:13'),
(63, 2, 2, 3, 1, 1, '2022-02-18 12:26:23', '2022-02-18 12:26:23'),
(64, 2, 2, 3, 1, 1, '2022-02-18 12:26:34', '2022-02-18 12:26:34'),
(65, 2, 2, 3, 1, 1, '2022-02-18 12:26:36', '2022-02-18 12:26:36'),
(66, 2, 2, 3, 1, 1, '2022-02-18 12:29:32', '2022-02-18 12:29:32'),
(67, 2, 2, 3, 1, 1, '2022-02-18 12:37:09', '2022-02-18 12:37:09'),
(68, 2, 2, 3, 1, 1, '2022-02-18 12:38:21', '2022-02-18 12:38:21'),
(69, 2, 2, 3, 1, 1, '2022-02-18 12:39:56', '2022-02-18 12:39:56'),
(70, 2, 2, 3, 1, 1, '2022-02-18 12:40:27', '2022-02-18 12:40:27'),
(71, 2, 2, 3, 1, 1, '2022-02-18 12:40:41', '2022-02-18 12:40:41'),
(72, 2, 2, 3, 1, 1, '2022-02-18 12:40:53', '2022-02-18 12:40:53'),
(73, 2, 2, 3, 1, 1, '2022-02-18 12:43:56', '2022-02-18 12:43:56'),
(74, 2, 2, 3, 1, 1, '2022-02-18 12:45:02', '2022-02-18 12:45:02'),
(75, 2, 2, 3, 1, 1, '2022-02-18 12:46:35', '2022-02-18 12:46:35'),
(76, 2, 2, 3, 1, 1, '2022-02-19 08:03:05', '2022-02-19 08:03:05'),
(77, 2, 4, 3, 1, 1, '2022-02-19 08:03:26', '2022-02-19 08:03:26'),
(78, 2, 3, 3, 3, 18, '2022-02-19 11:51:21', '2022-02-19 11:51:21'),
(79, 2, 3, 3, 3, 18, '2022-02-19 11:52:27', '2022-02-19 11:52:27'),
(80, 2, 2, 11, 1, 1, '2022-02-23 12:23:36', '2022-02-23 12:23:36'),
(81, 2, 2, 11, 1, 1, '2022-04-13 06:34:17', '2022-04-13 06:34:17'),
(82, 2, 2, 11, 1, 1, '2022-04-13 06:38:17', '2022-04-13 06:38:17'),
(83, 2, 2, 11, 1, 1, '2022-04-13 06:38:36', '2022-04-13 06:38:36'),
(84, 2, 2, 11, 1, 1, '2022-04-13 06:38:46', '2022-04-13 06:38:46'),
(85, 2, 2, 11, 1, 1, '2022-04-13 06:38:49', '2022-04-13 06:38:49'),
(86, 2, 2, 11, 1, 1, '2022-04-13 06:42:02', '2022-04-13 06:42:02'),
(87, 2, 2, 11, 1, 1, '2022-04-13 06:44:58', '2022-04-13 06:44:58'),
(88, 2, 2, 11, 1, 1, '2022-04-13 06:45:07', '2022-04-13 06:45:07'),
(89, 2, 2, 11, 1, 1, '2022-04-13 06:45:26', '2022-04-13 06:45:26'),
(90, 2, 2, 11, 1, 1, '2022-04-13 06:45:34', '2022-04-13 06:45:34'),
(91, 2, 2, 11, 1, 1, '2022-04-13 06:45:35', '2022-04-13 06:45:35'),
(92, 2, 2, 11, 1, 1, '2022-04-13 06:45:49', '2022-04-13 06:45:49'),
(93, 2, 2, 11, 1, 1, '2022-04-13 06:45:51', '2022-04-13 06:45:51'),
(94, 2, 2, 11, 1, 1, '2022-04-13 06:46:07', '2022-04-13 06:46:07'),
(95, 2, 2, 11, 1, 1, '2022-04-13 06:46:13', '2022-04-13 06:46:13'),
(96, 2, 2, 11, 1, 1, '2022-04-13 06:46:18', '2022-04-13 06:46:18'),
(97, 2, 2, 11, 1, 1, '2022-04-13 06:46:31', '2022-04-13 06:46:31'),
(98, 2, 2, 11, 1, 1, '2022-04-13 06:46:32', '2022-04-13 06:46:32'),
(99, 2, 2, 11, 1, 1, '2022-04-13 06:46:43', '2022-04-13 06:46:43'),
(100, 2, 2, 11, 1, 1, '2022-04-13 06:47:00', '2022-04-13 06:47:00'),
(101, 2, 2, 11, 1, 1, '2022-04-13 06:47:04', '2022-04-13 06:47:04'),
(102, 2, 2, 11, 1, 1, '2022-04-13 06:47:07', '2022-04-13 06:47:07'),
(103, 2, 2, 11, 1, 1, '2022-04-13 06:47:16', '2022-04-13 06:47:16'),
(104, 2, 2, 11, 1, 1, '2022-04-13 06:47:59', '2022-04-13 06:47:59'),
(105, 2, 2, 11, 1, 1, '2022-04-13 06:48:00', '2022-04-13 06:48:00'),
(106, 2, 2, 11, 1, 1, '2022-04-13 06:48:04', '2022-04-13 06:48:04'),
(107, 2, 2, 11, 1, 1, '2022-04-13 06:49:08', '2022-04-13 06:49:08'),
(108, 2, 2, 11, 1, 1, '2022-04-13 06:49:11', '2022-04-13 06:49:11'),
(109, 2, 2, 11, 1, 1, '2022-04-13 06:49:12', '2022-04-13 06:49:12'),
(110, 2, 2, 11, 1, 1, '2022-04-13 06:49:16', '2022-04-13 06:49:16'),
(111, 2, 2, 11, 1, 1, '2022-04-13 06:49:52', '2022-04-13 06:49:52'),
(112, 2, 2, 11, 1, 1, '2022-04-13 06:50:16', '2022-04-13 06:50:16'),
(113, 2, 2, 11, 1, 1, '2022-04-13 06:50:18', '2022-04-13 06:50:18'),
(114, 2, 2, 11, 1, 1, '2022-04-13 06:50:32', '2022-04-13 06:50:32'),
(115, 2, 2, 11, 1, 1, '2022-04-13 06:50:33', '2022-04-13 06:50:33'),
(116, 2, 2, 11, 1, 1, '2022-04-13 06:50:34', '2022-04-13 06:50:34'),
(117, 2, 2, 11, 1, 1, '2022-04-13 06:50:34', '2022-04-13 06:50:34'),
(118, 2, 2, 11, 1, 1, '2022-04-13 06:50:45', '2022-04-13 06:50:45'),
(119, 2, 2, 11, 1, 1, '2022-04-13 06:50:48', '2022-04-13 06:50:48'),
(120, 2, 2, 11, 1, 1, '2022-04-13 06:51:31', '2022-04-13 06:51:31'),
(121, 2, 2, 11, 1, 1, '2022-04-13 06:51:35', '2022-04-13 06:51:35'),
(122, 2, 2, 11, 1, 1, '2022-04-13 06:51:41', '2022-04-13 06:51:41'),
(123, 2, 2, 11, 1, 1, '2022-04-13 06:51:42', '2022-04-13 06:51:42'),
(124, 2, 2, 11, 1, 1, '2022-04-13 06:52:07', '2022-04-13 06:52:07'),
(125, 2, 2, 11, 1, 1, '2022-04-13 06:52:13', '2022-04-13 06:52:13'),
(126, 2, 2, 11, 1, 1, '2022-04-13 06:52:14', '2022-04-13 06:52:14'),
(127, 2, 2, 11, 1, 1, '2022-04-13 06:52:17', '2022-04-13 06:52:17'),
(128, 2, 2, 11, 1, 1, '2022-04-13 06:52:48', '2022-04-13 06:52:48'),
(129, 2, 2, 11, 1, 1, '2022-04-13 06:53:04', '2022-04-13 06:53:04'),
(130, 2, 2, 11, 1, 1, '2022-04-13 06:53:06', '2022-04-13 06:53:06'),
(131, 2, 2, 11, 1, 1, '2022-04-13 06:53:07', '2022-04-13 06:53:07'),
(132, 2, 2, 11, 1, 1, '2022-04-13 06:53:22', '2022-04-13 06:53:22'),
(133, 2, 2, 11, 1, 1, '2022-04-13 06:53:41', '2022-04-13 06:53:41'),
(134, 2, 2, 11, 1, 1, '2022-04-13 06:53:45', '2022-04-13 06:53:45'),
(135, 2, 2, 11, 1, 1, '2022-04-13 06:53:46', '2022-04-13 06:53:46'),
(136, 2, 2, 11, 1, 1, '2022-04-13 06:53:51', '2022-04-13 06:53:51'),
(137, 2, 2, 11, 1, 1, '2022-04-13 06:53:52', '2022-04-13 06:53:52'),
(138, 2, 2, 11, 1, 1, '2022-04-13 06:55:04', '2022-04-13 06:55:04'),
(139, 2, 2, 11, 1, 1, '2022-04-13 06:55:27', '2022-04-13 06:55:27'),
(140, 2, 2, 11, 1, 1, '2022-04-13 06:55:57', '2022-04-13 06:55:57'),
(141, 2, 2, 11, 1, 1, '2022-04-13 06:56:17', '2022-04-13 06:56:17'),
(142, 2, 2, 11, 1, 1, '2022-04-13 06:56:27', '2022-04-13 06:56:27'),
(143, 2, 2, 11, 1, 1, '2022-04-13 06:56:45', '2022-04-13 06:56:45'),
(144, 2, 2, 11, 1, 1, '2022-04-13 06:56:51', '2022-04-13 06:56:51'),
(145, 2, 2, 11, 1, 1, '2022-04-13 06:56:52', '2022-04-13 06:56:52'),
(146, 2, 2, 11, 1, 1, '2022-04-13 06:57:00', '2022-04-13 06:57:00'),
(147, 2, 2, 11, 1, 1, '2022-04-13 06:57:02', '2022-04-13 06:57:02'),
(148, 2, 2, 11, 1, 1, '2022-04-13 06:57:02', '2022-04-13 06:57:02'),
(149, 2, 2, 11, 1, 1, '2022-04-13 06:57:10', '2022-04-13 06:57:10'),
(150, 2, 2, 11, 1, 1, '2022-04-13 06:57:24', '2022-04-13 06:57:24'),
(151, 2, 2, 11, 1, 1, '2022-04-13 06:57:32', '2022-04-13 06:57:32'),
(152, 2, 2, 11, 1, 1, '2022-04-13 06:57:34', '2022-04-13 06:57:34'),
(153, 2, 2, 11, 1, 1, '2022-04-13 06:57:44', '2022-04-13 06:57:44'),
(154, 2, 2, 11, 1, 1, '2022-04-13 06:57:45', '2022-04-13 06:57:45'),
(155, 2, 2, 11, 1, 1, '2022-04-13 06:57:59', '2022-04-13 06:57:59'),
(156, 2, 2, 11, 1, 1, '2022-04-13 06:58:08', '2022-04-13 06:58:08'),
(157, 2, 2, 11, 1, 1, '2022-04-13 06:58:09', '2022-04-13 06:58:09'),
(158, 2, 2, 11, 1, 1, '2022-04-13 06:58:28', '2022-04-13 06:58:28'),
(159, 2, 2, 11, 1, 1, '2022-04-13 06:58:34', '2022-04-13 06:58:34'),
(160, 2, 2, 11, 1, 1, '2022-04-13 06:58:43', '2022-04-13 06:58:43'),
(161, 2, 2, 11, 1, 1, '2022-04-13 06:59:02', '2022-04-13 06:59:02'),
(162, 2, 2, 11, 1, 1, '2022-04-13 06:59:12', '2022-04-13 06:59:12'),
(163, 2, 2, 11, 1, 1, '2022-04-13 06:59:22', '2022-04-13 06:59:22'),
(164, 2, 2, 11, 1, 1, '2022-04-13 06:59:28', '2022-04-13 06:59:28'),
(165, 2, 2, 11, 1, 1, '2022-04-13 06:59:36', '2022-04-13 06:59:36'),
(166, 2, 2, 11, 1, 1, '2022-04-13 06:59:48', '2022-04-13 06:59:48'),
(167, 2, 2, 11, 1, 1, '2022-04-13 06:59:56', '2022-04-13 06:59:56'),
(168, 2, 2, 11, 1, 1, '2022-04-13 07:00:10', '2022-04-13 07:00:10'),
(169, 2, 2, 11, 1, 1, '2022-04-13 07:00:14', '2022-04-13 07:00:14'),
(170, 2, 2, 11, 1, 1, '2022-04-13 07:00:48', '2022-04-13 07:00:48'),
(171, 2, 2, 11, 1, 1, '2022-04-13 07:01:05', '2022-04-13 07:01:05'),
(172, 2, 2, 11, 1, 1, '2022-04-13 07:01:14', '2022-04-13 07:01:14'),
(173, 2, 2, 11, 1, 1, '2022-04-13 07:01:34', '2022-04-13 07:01:34'),
(174, 2, 2, 11, 1, 1, '2022-04-13 07:01:35', '2022-04-13 07:01:35'),
(175, 2, 2, 11, 1, 1, '2022-04-13 07:09:20', '2022-04-13 07:09:20'),
(176, 2, 2, 11, 1, 1, '2022-04-13 07:09:30', '2022-04-13 07:09:30'),
(177, 2, 2, 11, 1, 1, '2022-04-13 07:09:38', '2022-04-13 07:09:38'),
(178, 2, 2, 11, 1, 1, '2022-04-13 07:09:43', '2022-04-13 07:09:43'),
(179, 2, 2, 11, 1, 1, '2022-04-13 07:09:50', '2022-04-13 07:09:50'),
(180, 2, 2, 11, 1, 1, '2022-04-13 07:10:02', '2022-04-13 07:10:02'),
(181, 2, 2, 11, 1, 1, '2022-04-13 07:10:13', '2022-04-13 07:10:13'),
(182, 2, 2, 11, 1, 1, '2022-04-13 07:10:14', '2022-04-13 07:10:14'),
(183, 2, 2, 11, 1, 1, '2022-04-13 07:10:25', '2022-04-13 07:10:25'),
(184, 2, 2, 11, 1, 1, '2022-04-13 07:10:40', '2022-04-13 07:10:40'),
(185, 2, 2, 11, 1, 1, '2022-04-13 07:10:50', '2022-04-13 07:10:50'),
(186, 2, 2, 11, 1, 1, '2022-04-13 07:11:26', '2022-04-13 07:11:26'),
(187, 2, 2, 11, 1, 1, '2022-04-13 07:12:01', '2022-04-13 07:12:01'),
(188, 2, 2, 11, 1, 1, '2022-04-13 07:12:14', '2022-04-13 07:12:14'),
(189, 2, 2, 11, 1, 1, '2022-04-13 07:12:34', '2022-04-13 07:12:34'),
(190, 2, 2, 11, 1, 1, '2022-04-13 07:12:35', '2022-04-13 07:12:35'),
(191, 2, 2, 11, 1, 1, '2022-04-13 07:12:43', '2022-04-13 07:12:43'),
(192, 2, 2, 11, 1, 1, '2022-04-13 07:12:50', '2022-04-13 07:12:50'),
(193, 2, 2, 11, 1, 1, '2022-04-13 07:12:57', '2022-04-13 07:12:57'),
(194, 2, 2, 11, 1, 1, '2022-04-13 07:13:03', '2022-04-13 07:13:03'),
(195, 2, 2, 11, 1, 1, '2022-04-13 07:13:20', '2022-04-13 07:13:20'),
(196, 2, 2, 11, 1, 1, '2022-04-13 07:13:27', '2022-04-13 07:13:27'),
(197, 2, 2, 11, 1, 1, '2022-04-13 07:13:33', '2022-04-13 07:13:33'),
(198, 2, 2, 11, 1, 1, '2022-04-13 07:13:41', '2022-04-13 07:13:41'),
(199, 2, 2, 11, 1, 1, '2022-04-13 07:13:50', '2022-04-13 07:13:50'),
(200, 2, 2, 11, 1, 1, '2022-04-13 07:13:58', '2022-04-13 07:13:58'),
(201, 2, 2, 11, 1, 1, '2022-04-13 07:14:02', '2022-04-13 07:14:02'),
(202, 2, 2, 11, 1, 1, '2022-04-13 07:14:10', '2022-04-13 07:14:10'),
(203, 2, 2, 11, 1, 1, '2022-04-13 07:16:55', '2022-04-13 07:16:55'),
(204, 2, 2, 11, 1, 1, '2022-04-13 07:17:28', '2022-04-13 07:17:28'),
(205, 2, 2, 11, 1, 1, '2022-04-13 07:18:01', '2022-04-13 07:18:01'),
(206, 2, 2, 11, 1, 1, '2022-04-13 07:18:04', '2022-04-13 07:18:04'),
(207, 2, 2, 11, 1, 1, '2022-04-13 07:18:07', '2022-04-13 07:18:07'),
(208, 2, 2, 11, 1, 1, '2022-04-13 07:18:17', '2022-04-13 07:18:17'),
(209, 2, 2, 11, 1, 1, '2022-04-13 07:18:23', '2022-04-13 07:18:23'),
(210, 2, 2, 11, 1, 1, '2022-04-13 07:18:25', '2022-04-13 07:18:25'),
(211, 2, 2, 11, 1, 1, '2022-04-13 07:18:30', '2022-04-13 07:18:30'),
(212, 2, 2, 11, 1, 1, '2022-04-13 07:18:33', '2022-04-13 07:18:33'),
(213, 2, 2, 11, 1, 1, '2022-04-13 07:19:03', '2022-04-13 07:19:03'),
(214, 2, 2, 11, 1, 1, '2022-04-13 07:19:17', '2022-04-13 07:19:17'),
(215, 2, 2, 11, 1, 1, '2022-04-13 07:22:52', '2022-04-13 07:22:52'),
(216, 2, 2, 11, 1, 1, '2022-04-13 07:23:09', '2022-04-13 07:23:09'),
(217, 2, 2, 11, 1, 1, '2022-04-13 07:23:14', '2022-04-13 07:23:14'),
(218, 2, 2, 11, 1, 1, '2022-04-13 07:23:16', '2022-04-13 07:23:16'),
(219, 2, 2, 11, 1, 1, '2022-04-13 07:23:22', '2022-04-13 07:23:22'),
(220, 2, 2, 11, 1, 1, '2022-04-13 07:23:50', '2022-04-13 07:23:50'),
(221, 2, 2, 11, 1, 1, '2022-04-13 07:23:51', '2022-04-13 07:23:51'),
(222, 2, 2, 11, 1, 1, '2022-04-13 07:24:00', '2022-04-13 07:24:00'),
(223, 2, 2, 11, 1, 1, '2022-04-13 07:24:01', '2022-04-13 07:24:01'),
(224, 2, 2, 11, 1, 1, '2022-04-13 07:24:08', '2022-04-13 07:24:08'),
(225, 2, 2, 11, 1, 1, '2022-04-13 07:24:08', '2022-04-13 07:24:08'),
(226, 2, 2, 11, 1, 1, '2022-04-13 07:24:15', '2022-04-13 07:24:15'),
(227, 2, 2, 11, 1, 1, '2022-04-13 07:24:16', '2022-04-13 07:24:16'),
(228, 2, 2, 11, 1, 1, '2022-04-13 07:24:20', '2022-04-13 07:24:20'),
(229, 2, 2, 11, 1, 1, '2022-04-13 07:24:33', '2022-04-13 07:24:33'),
(230, 2, 2, 11, 1, 1, '2022-04-13 07:24:34', '2022-04-13 07:24:34'),
(231, 2, 2, 11, 1, 1, '2022-04-13 07:24:36', '2022-04-13 07:24:36'),
(232, 2, 2, 11, 1, 1, '2022-04-13 07:24:47', '2022-04-13 07:24:47'),
(233, 2, 2, 11, 1, 1, '2022-04-13 07:24:48', '2022-04-13 07:24:48'),
(234, 2, 2, 11, 1, 1, '2022-04-13 07:24:57', '2022-04-13 07:24:57'),
(235, 2, 2, 11, 1, 1, '2022-04-13 07:24:58', '2022-04-13 07:24:58'),
(236, 2, 2, 11, 1, 1, '2022-04-13 07:25:03', '2022-04-13 07:25:03'),
(237, 2, 2, 11, 1, 1, '2022-04-13 07:25:04', '2022-04-13 07:25:04'),
(238, 2, 2, 11, 1, 1, '2022-04-13 07:25:12', '2022-04-13 07:25:12'),
(239, 2, 2, 11, 1, 1, '2022-04-13 07:25:12', '2022-04-13 07:25:12'),
(240, 2, 2, 11, 1, 1, '2022-04-13 07:25:24', '2022-04-13 07:25:24'),
(241, 2, 2, 11, 1, 1, '2022-04-13 07:25:34', '2022-04-13 07:25:34'),
(242, 2, 2, 11, 1, 1, '2022-04-13 07:25:43', '2022-04-13 07:25:43'),
(243, 2, 2, 11, 1, 1, '2022-04-13 07:25:49', '2022-04-13 07:25:49'),
(244, 2, 2, 11, 1, 1, '2022-04-13 07:25:59', '2022-04-13 07:25:59'),
(245, 2, 2, 11, 1, 1, '2022-04-13 07:26:04', '2022-04-13 07:26:04'),
(246, 2, 2, 11, 1, 1, '2022-04-13 07:26:06', '2022-04-13 07:26:06'),
(247, 2, 2, 11, 1, 1, '2022-04-13 07:26:11', '2022-04-13 07:26:11'),
(248, 2, 2, 11, 1, 1, '2022-04-13 07:26:13', '2022-04-13 07:26:13'),
(249, 2, 2, 11, 1, 1, '2022-04-13 07:26:19', '2022-04-13 07:26:19'),
(250, 2, 2, 11, 1, 1, '2022-04-13 07:26:22', '2022-04-13 07:26:22'),
(251, 2, 2, 11, 1, 1, '2022-04-13 07:26:24', '2022-04-13 07:26:24'),
(252, 2, 2, 11, 1, 1, '2022-04-13 07:26:51', '2022-04-13 07:26:51'),
(253, 2, 2, 11, 1, 1, '2022-04-13 07:26:53', '2022-04-13 07:26:53'),
(254, 2, 2, 11, 1, 1, '2022-04-13 07:26:54', '2022-04-13 07:26:54'),
(255, 2, 2, 11, 1, 1, '2022-04-13 07:27:00', '2022-04-13 07:27:00'),
(256, 2, 2, 11, 1, 1, '2022-04-13 07:27:44', '2022-04-13 07:27:44'),
(257, 2, 2, 11, 1, 1, '2022-04-13 07:27:50', '2022-04-13 07:27:50'),
(258, 2, 2, 11, 1, 1, '2022-04-13 07:28:01', '2022-04-13 07:28:01'),
(259, 2, 2, 11, 1, 1, '2022-04-13 07:28:23', '2022-04-13 07:28:23'),
(260, 2, 2, 11, 1, 1, '2022-04-13 07:28:37', '2022-04-13 07:28:37'),
(261, 2, 2, 11, 1, 1, '2022-04-13 07:28:38', '2022-04-13 07:28:38'),
(262, 2, 2, 11, 1, 1, '2022-04-13 07:28:45', '2022-04-13 07:28:45'),
(263, 2, 2, 11, 1, 1, '2022-04-13 07:28:46', '2022-04-13 07:28:46'),
(264, 2, 2, 11, 1, 1, '2022-04-13 07:29:00', '2022-04-13 07:29:00'),
(265, 2, 2, 11, 1, 1, '2022-04-13 07:29:07', '2022-04-13 07:29:07'),
(266, 2, 2, 11, 1, 1, '2022-04-13 07:29:08', '2022-04-13 07:29:08'),
(267, 2, 2, 11, 1, 1, '2022-04-13 07:29:23', '2022-04-13 07:29:23'),
(268, 2, 2, 11, 1, 1, '2022-04-13 07:29:24', '2022-04-13 07:29:24'),
(269, 2, 2, 11, 1, 1, '2022-04-13 07:29:29', '2022-04-13 07:29:29'),
(270, 2, 2, 11, 1, 1, '2022-04-13 07:29:36', '2022-04-13 07:29:36'),
(271, 2, 1, 11, 1, 1, '2022-04-13 07:29:59', '2022-04-13 07:29:59'),
(272, 2, 2, 11, 1, 1, '2022-04-13 07:30:06', '2022-04-13 07:30:06'),
(273, 2, 1, 11, 1, 1, '2022-04-13 07:30:09', '2022-04-13 07:30:09'),
(274, 2, 1, 11, 1, 1, '2022-04-13 07:30:15', '2022-04-13 07:30:15'),
(275, 2, 2, 11, 1, 1, '2022-04-13 07:30:25', '2022-04-13 07:30:25'),
(276, 2, 4, 11, 1, 1, '2022-04-13 07:30:31', '2022-04-13 07:30:31'),
(277, 2, 4, 11, 1, 1, '2022-04-13 07:30:48', '2022-04-13 07:30:48'),
(278, 2, 4, 11, 1, 1, '2022-04-13 07:30:52', '2022-04-13 07:30:52'),
(279, 2, 4, 11, 1, 1, '2022-04-13 07:30:56', '2022-04-13 07:30:56'),
(280, 2, 4, 11, 1, 1, '2022-04-13 07:31:18', '2022-04-13 07:31:18'),
(281, 2, 4, 11, 1, 1, '2022-04-13 07:31:39', '2022-04-13 07:31:39'),
(282, 2, 4, 11, 1, 1, '2022-04-13 07:31:45', '2022-04-13 07:31:45'),
(283, 2, 4, 11, 1, 1, '2022-04-13 07:31:57', '2022-04-13 07:31:57'),
(284, 2, 4, 11, 1, 1, '2022-04-13 07:32:04', '2022-04-13 07:32:04'),
(285, 2, 4, 11, 1, 1, '2022-04-13 07:32:05', '2022-04-13 07:32:05'),
(286, 2, 1, 11, 1, 1, '2022-04-13 07:32:11', '2022-04-13 07:32:11'),
(287, 2, 2, 11, 1, 1, '2022-04-13 07:32:18', '2022-04-13 07:32:18'),
(288, 2, 2, 11, 1, 1, '2022-04-13 07:32:53', '2022-04-13 07:32:53'),
(289, 2, 2, 11, 1, 1, '2022-04-13 07:32:55', '2022-04-13 07:32:55'),
(290, 2, 2, 11, 1, 1, '2022-04-13 07:33:03', '2022-04-13 07:33:03'),
(291, 2, 2, 11, 1, 1, '2022-04-13 07:33:05', '2022-04-13 07:33:05'),
(292, 2, 2, 11, 1, 1, '2022-04-13 07:33:16', '2022-04-13 07:33:16'),
(293, 2, 2, 11, 1, 1, '2022-04-13 07:33:24', '2022-04-13 07:33:24'),
(294, 2, 2, 11, 1, 1, '2022-04-13 07:33:36', '2022-04-13 07:33:36'),
(295, 2, 2, 11, 1, 1, '2022-04-13 07:33:41', '2022-04-13 07:33:41'),
(296, 2, 2, 11, 1, 1, '2022-04-13 07:33:55', '2022-04-13 07:33:55'),
(297, 2, 2, 11, 1, 1, '2022-04-13 07:34:01', '2022-04-13 07:34:01'),
(298, 2, 2, 11, 1, 1, '2022-04-13 07:34:17', '2022-04-13 07:34:17'),
(299, 2, 2, 11, 1, 1, '2022-04-13 07:34:21', '2022-04-13 07:34:21'),
(300, 2, 2, 11, 1, 1, '2022-04-13 07:34:33', '2022-04-13 07:34:33'),
(301, 2, 2, 11, 1, 1, '2022-04-13 07:34:39', '2022-04-13 07:34:39'),
(302, 2, 2, 11, 1, 1, '2022-04-13 07:34:55', '2022-04-13 07:34:55'),
(303, 2, 2, 11, 1, 1, '2022-04-13 07:35:03', '2022-04-13 07:35:03'),
(304, 2, 2, 11, 1, 1, '2022-04-13 07:35:17', '2022-04-13 07:35:17'),
(305, 2, 2, 11, 1, 1, '2022-04-13 07:35:34', '2022-04-13 07:35:34'),
(306, 2, 2, 11, 1, 1, '2022-04-13 07:35:35', '2022-04-13 07:35:35'),
(307, 2, 2, 11, 1, 1, '2022-04-13 07:35:49', '2022-04-13 07:35:49'),
(308, 2, 2, 11, 1, 1, '2022-04-13 07:36:00', '2022-04-13 07:36:00'),
(309, 2, 2, 11, 1, 1, '2022-04-13 07:36:03', '2022-04-13 07:36:03'),
(310, 2, 4, 11, 1, 1, '2022-04-13 07:36:10', '2022-04-13 07:36:10'),
(311, 2, 1, 11, 1, 1, '2022-04-13 07:36:22', '2022-04-13 07:36:22'),
(312, 2, 2, 11, 1, 1, '2022-04-13 07:36:28', '2022-04-13 07:36:28'),
(313, 2, 2, 11, 1, 1, '2022-04-13 07:43:43', '2022-04-13 07:43:43'),
(314, 2, 2, 11, 1, 1, '2022-04-13 07:43:59', '2022-04-13 07:43:59'),
(315, 2, 2, 11, 1, 1, '2022-04-13 07:44:12', '2022-04-13 07:44:12'),
(316, 2, 2, 11, 1, 1, '2022-04-13 07:44:24', '2022-04-13 07:44:24'),
(317, 2, 2, 11, 1, 1, '2022-04-13 07:44:41', '2022-04-13 07:44:41'),
(318, 2, 2, 11, 1, 1, '2022-04-13 07:44:42', '2022-04-13 07:44:42'),
(319, 2, 2, 11, 1, 1, '2022-04-13 07:44:49', '2022-04-13 07:44:49'),
(320, 2, 2, 11, 1, 1, '2022-04-13 07:45:05', '2022-04-13 07:45:05'),
(321, 2, 2, 11, 1, 1, '2022-04-13 07:45:12', '2022-04-13 07:45:12'),
(322, 2, 2, 11, 1, 1, '2022-04-13 07:45:20', '2022-04-13 07:45:20'),
(323, 2, 2, 11, 1, 1, '2022-04-13 07:45:22', '2022-04-13 07:45:22'),
(324, 2, 2, 11, 1, 1, '2022-04-13 07:45:27', '2022-04-13 07:45:27'),
(325, 2, 2, 11, 1, 1, '2022-04-13 07:45:31', '2022-04-13 07:45:31'),
(326, 2, 2, 11, 1, 1, '2022-04-13 07:46:03', '2022-04-13 07:46:03'),
(327, 2, 2, 11, 1, 1, '2022-04-13 07:46:17', '2022-04-13 07:46:17'),
(328, 2, 2, 11, 1, 1, '2022-04-13 07:46:22', '2022-04-13 07:46:22'),
(329, 2, 2, 11, 1, 1, '2022-04-13 07:46:37', '2022-04-13 07:46:37'),
(330, 2, 2, 11, 1, 1, '2022-04-13 07:46:44', '2022-04-13 07:46:44'),
(331, 2, 2, 11, 1, 1, '2022-04-13 07:47:02', '2022-04-13 07:47:02'),
(332, 2, 2, 11, 1, 1, '2022-04-13 07:47:03', '2022-04-13 07:47:03'),
(333, 2, 2, 11, 1, 1, '2022-04-13 07:47:09', '2022-04-13 07:47:09'),
(334, 2, 2, 11, 1, 1, '2022-04-13 07:47:11', '2022-04-13 07:47:11'),
(335, 2, 2, 11, 1, 1, '2022-04-13 07:47:12', '2022-04-13 07:47:12'),
(336, 2, 2, 11, 1, 1, '2022-04-13 07:47:15', '2022-04-13 07:47:15'),
(337, 2, 2, 11, 1, 1, '2022-04-13 07:47:18', '2022-04-13 07:47:18'),
(338, 2, 2, 11, 1, 1, '2022-04-13 07:47:25', '2022-04-13 07:47:25'),
(339, 2, 2, 11, 1, 1, '2022-04-13 07:47:54', '2022-04-13 07:47:54'),
(340, 2, 2, 11, 1, 1, '2022-04-13 07:47:56', '2022-04-13 07:47:56'),
(341, 2, 2, 11, 1, 1, '2022-04-13 07:47:58', '2022-04-13 07:47:58'),
(342, 2, 2, 11, 1, 1, '2022-04-13 07:48:07', '2022-04-13 07:48:07'),
(343, 2, 2, 11, 1, 1, '2022-04-13 07:48:27', '2022-04-13 07:48:27'),
(344, 2, 2, 11, 1, 1, '2022-04-13 07:48:28', '2022-04-13 07:48:28'),
(345, 2, 2, 11, 1, 1, '2022-04-13 07:48:37', '2022-04-13 07:48:37'),
(346, 2, 2, 11, 1, 1, '2022-04-13 07:48:45', '2022-04-13 07:48:45'),
(347, 2, 2, 11, 1, 1, '2022-04-13 07:48:46', '2022-04-13 07:48:46'),
(348, 2, 2, 11, 1, 1, '2022-04-13 07:49:08', '2022-04-13 07:49:08'),
(349, 2, 2, 11, 1, 1, '2022-04-13 07:49:10', '2022-04-13 07:49:10'),
(350, 2, 2, 11, 1, 1, '2022-04-13 07:49:12', '2022-04-13 07:49:12'),
(351, 2, 2, 11, 1, 1, '2022-04-13 07:53:20', '2022-04-13 07:53:20'),
(352, 2, 2, 11, 1, 1, '2022-04-13 07:53:34', '2022-04-13 07:53:34'),
(353, 2, 2, 11, 1, 1, '2022-04-13 07:53:45', '2022-04-13 07:53:45'),
(354, 2, 2, 11, 1, 1, '2022-04-13 07:53:53', '2022-04-13 07:53:53'),
(355, 2, 2, 11, 1, 1, '2022-04-13 07:54:22', '2022-04-13 07:54:22'),
(356, 2, 2, 11, 1, 1, '2022-04-13 07:54:23', '2022-04-13 07:54:23'),
(357, 2, 2, 11, 1, 1, '2022-04-13 07:54:24', '2022-04-13 07:54:24'),
(358, 2, 2, 11, 1, 1, '2022-04-13 07:54:38', '2022-04-13 07:54:38'),
(359, 2, 2, 11, 1, 1, '2022-04-13 07:54:39', '2022-04-13 07:54:39'),
(360, 2, 2, 11, 1, 1, '2022-04-13 07:54:42', '2022-04-13 07:54:42'),
(361, 2, 2, 11, 1, 1, '2022-04-13 07:54:43', '2022-04-13 07:54:43'),
(362, 2, 2, 11, 1, 1, '2022-04-13 07:55:07', '2022-04-13 07:55:07'),
(363, 2, 2, 11, 1, 1, '2022-04-13 07:55:22', '2022-04-13 07:55:22'),
(364, 2, 2, 11, 1, 1, '2022-04-13 07:55:34', '2022-04-13 07:55:34'),
(365, 2, 2, 11, 1, 1, '2022-04-13 07:55:34', '2022-04-13 07:55:34'),
(366, 2, 2, 11, 1, 1, '2022-04-13 07:55:42', '2022-04-13 07:55:42'),
(367, 2, 2, 11, 1, 1, '2022-04-13 07:55:44', '2022-04-13 07:55:44'),
(368, 2, 2, 11, 1, 1, '2022-04-13 07:55:52', '2022-04-13 07:55:52'),
(369, 2, 2, 11, 1, 1, '2022-04-13 07:56:05', '2022-04-13 07:56:05'),
(370, 2, 2, 11, 1, 1, '2022-04-13 07:56:07', '2022-04-13 07:56:07'),
(371, 2, 2, 11, 1, 1, '2022-04-13 07:56:22', '2022-04-13 07:56:22'),
(372, 2, 2, 11, 1, 1, '2022-04-13 07:56:45', '2022-04-13 07:56:45'),
(373, 2, 2, 11, 1, 1, '2022-04-13 07:57:06', '2022-04-13 07:57:06'),
(374, 2, 2, 11, 1, 1, '2022-04-13 07:57:39', '2022-04-13 07:57:39'),
(375, 2, 2, 11, 1, 1, '2022-04-13 07:57:40', '2022-04-13 07:57:40'),
(376, 2, 2, 11, 1, 1, '2022-04-13 07:57:41', '2022-04-13 07:57:41'),
(377, 2, 2, 11, 1, 1, '2022-04-13 07:58:00', '2022-04-13 07:58:00'),
(378, 2, 2, 11, 1, 1, '2022-04-13 07:58:01', '2022-04-13 07:58:01'),
(379, 2, 2, 11, 1, 1, '2022-04-13 07:58:08', '2022-04-13 07:58:08'),
(380, 2, 2, 11, 1, 1, '2022-04-13 07:58:13', '2022-04-13 07:58:13'),
(381, 2, 2, 11, 1, 1, '2022-04-13 07:58:33', '2022-04-13 07:58:33'),
(382, 2, 2, 11, 1, 1, '2022-04-13 07:58:35', '2022-04-13 07:58:35'),
(383, 2, 2, 11, 1, 1, '2022-04-13 07:59:12', '2022-04-13 07:59:12'),
(384, 2, 2, 11, 1, 1, '2022-04-13 07:59:31', '2022-04-13 07:59:31'),
(385, 2, 2, 11, 1, 1, '2022-04-13 07:59:50', '2022-04-13 07:59:50'),
(386, 2, 2, 11, 1, 1, '2022-04-13 08:00:04', '2022-04-13 08:00:04'),
(387, 2, 2, 11, 1, 1, '2022-04-13 08:00:12', '2022-04-13 08:00:12'),
(388, 2, 2, 11, 1, 1, '2022-04-13 08:00:23', '2022-04-13 08:00:23'),
(389, 2, 2, 11, 1, 1, '2022-04-13 08:00:36', '2022-04-13 08:00:36'),
(390, 2, 2, 11, 1, 1, '2022-04-13 08:00:56', '2022-04-13 08:00:56'),
(391, 2, 2, 11, 1, 1, '2022-04-13 08:01:38', '2022-04-13 08:01:38'),
(392, 2, 2, 11, 1, 1, '2022-04-13 08:01:53', '2022-04-13 08:01:53'),
(393, 2, 2, 11, 1, 1, '2022-04-13 08:02:07', '2022-04-13 08:02:07'),
(394, 2, 2, 11, 1, 1, '2022-04-13 08:02:24', '2022-04-13 08:02:24'),
(395, 2, 2, 11, 1, 1, '2022-04-13 08:02:24', '2022-04-13 08:02:24'),
(396, 2, 2, 11, 1, 1, '2022-04-13 08:02:57', '2022-04-13 08:02:57'),
(397, 2, 2, 11, 1, 1, '2022-04-13 08:03:16', '2022-04-13 08:03:16'),
(398, 2, 1, 11, 1, 1, '2022-04-13 09:38:32', '2022-04-13 09:38:32'),
(399, 2, 4, 11, 1, 1, '2022-04-13 09:38:38', '2022-04-13 09:38:38'),
(400, 2, 1, 11, 1, 1, '2022-04-13 12:04:43', '2022-04-13 12:04:43'),
(401, 2, 4, 11, 1, 1, '2022-04-13 12:05:32', '2022-04-13 12:05:32'),
(402, 2, 2, 11, 1, 1, '2022-04-13 12:07:23', '2022-04-13 12:07:23'),
(403, 2, 4, 11, 1, 1, '2022-04-13 12:07:52', '2022-04-13 12:07:52'),
(404, 2, 2, 12, 1, 1, '2022-05-04 09:33:35', '2022-05-04 09:33:35'),
(405, 2, 4, 12, 1, 1, '2022-05-04 10:54:16', '2022-05-04 10:54:16'),
(406, 2, 2, 12, 1, 1, '2022-05-04 10:56:56', '2022-05-04 10:56:56'),
(407, 2, 4, 12, 1, 1, '2022-05-04 10:57:01', '2022-05-04 10:57:01'),
(408, 2, 12, 12, 1, 22, '2022-05-07 05:56:59', '2022-05-07 05:56:59'),
(409, 2, 7, 12, 1, 1, '2022-05-07 07:36:58', '2022-05-07 07:36:58'),
(410, 2, 7, 12, 1, 1, '2022-05-07 07:48:10', '2022-05-07 07:48:10'),
(411, 2, 7, 12, 1, 1, '2022-05-07 07:48:23', '2022-05-07 07:48:23'),
(412, 2, 9, 12, 1, 21, '2022-05-07 10:52:54', '2022-05-07 10:52:54'),
(413, 2, 11, 12, 1, 22, '2022-05-11 08:23:12', '2022-05-11 08:23:12'),
(414, 2, 6, 12, 1, 1, '2022-05-12 09:54:18', '2022-05-12 09:54:18'),
(415, 2, 5, 12, 1, 1, '2022-05-12 10:08:17', '2022-05-12 10:08:17'),
(416, 2, 7, 12, 1, 1, '2022-05-13 07:52:54', '2022-05-13 07:52:54'),
(417, 2, 5, 12, 1, 1, '2022-05-13 07:53:01', '2022-05-13 07:53:01'),
(418, 2, 6, 12, 1, 1, '2022-05-13 10:31:43', '2022-05-13 10:31:43'),
(419, 2, 5, 12, 1, 1, '2022-05-13 13:02:34', '2022-05-13 13:02:34'),
(420, 2, 5, 12, 1, 1, '2022-05-13 13:03:26', '2022-05-13 13:03:26'),
(421, 2, 7, 12, 1, 1, '2022-05-13 13:07:13', '2022-05-13 13:07:13'),
(422, 2, 9, 12, 1, 21, '2022-05-13 13:08:27', '2022-05-13 13:08:27'),
(423, 2, 13, 12, 1, 22, '2022-05-13 13:10:07', '2022-05-13 13:10:07'),
(424, 2, 5, 8, 1, 1, '2022-05-16 07:19:55', '2022-05-16 07:19:55'),
(425, 2, 5, 8, 1, 1, '2022-05-16 07:22:14', '2022-05-16 07:22:14'),
(426, 2, 5, 8, 1, 1, '2022-05-16 07:29:33', '2022-05-16 07:29:33'),
(427, 2, 5, 12, 1, 1, '2022-05-18 12:06:56', '2022-05-18 12:06:56'),
(428, 2, 33, 7, 3, 18, '2022-05-24 06:40:09', '2022-05-24 06:40:09'),
(429, 2, 5, 7, 1, 1, '2022-05-27 09:54:45', '2022-05-27 09:54:45'),
(430, 2, 6, 7, 1, 1, '2022-06-11 12:29:49', '2022-06-11 12:29:49'),
(431, 2, 7, 7, 1, 1, '2022-07-23 07:20:43', '2022-07-23 07:20:43'),
(432, 2, 21, 7, 1, 19, '2022-07-23 07:29:20', '2022-07-23 07:29:20'),
(433, 2, 6, 7, 1, 1, '2022-07-23 07:29:28', '2022-07-23 07:29:28'),
(434, 2, 5, 7, 1, 1, '2023-09-13 12:07:35', '2023-09-13 12:07:35'),
(435, 2, 5, 7, 1, 1, '2023-09-16 07:40:35', '2023-09-16 07:40:35');

-- --------------------------------------------------------

--
-- Table structure for table `student_reappears`
--

CREATE TABLE `student_reappears` (
  `id` bigint(20) UNSIGNED NOT NULL,
  `student_id` bigint(20) UNSIGNED NOT NULL,
  `institute_id` varchar(255) NOT NULL,
  `doaddmission` varchar(255) NOT NULL,
  `student_type` varchar(255) NOT NULL,
  `isession_id` varchar(255) NOT NULL,
  `year` varchar(255) NOT NULL,
  `created_at` timestamp NULL DEFAULT NULL,
  `updated_at` timestamp NULL DEFAULT NULL
) ENGINE=InnoDB DEFAULT CHARSET=utf8mb4 COLLATE=utf8mb4_unicode_ci;

-- --------------------------------------------------------

--
-- Table structure for table `student_sessions`
--

CREATE TABLE `student_sessions` (
  `id` bigint(20) UNSIGNED NOT NULL,
  `student_id` bigint(20) UNSIGNED NOT NULL,
  `batch_id` bigint(20) UNSIGNED NOT NULL,
  `date` date NOT NULL,
  `in_time` varchar(255) NOT NULL,
  `out_time` varchar(255) NOT NULL,
  `created_at` timestamp NULL DEFAULT NULL,
  `updated_at` timestamp NULL DEFAULT NULL
) ENGINE=InnoDB DEFAULT CHARSET=utf8mb4 COLLATE=utf8mb4_unicode_ci;

--
-- Dumping data for table `student_sessions`
--

INSERT INTO `student_sessions` (`id`, `student_id`, `batch_id`, `date`, `in_time`, `out_time`, `created_at`, `updated_at`) VALUES
(1, 1, 7, '2022-02-17', '04:48:31pm', '04:56:55pm', '2022-02-17 11:18:31', '2022-02-17 11:26:55'),
(2, 1, 4, '2022-02-17', '01:07:13pm', '01:11:39pm', '2022-02-17 07:37:13', '2022-02-17 07:41:39'),
(3, 3, 4, '2022-02-17', '01:11:55pm', '01:12:40pm', '2022-02-17 07:41:55', '2022-02-17 07:42:40'),
(4, 1, 2, '2022-02-18', '11:54:49am', '11:59:59am', '2022-02-18 06:24:49', '2022-02-18 06:29:59'),
(5, 1, 3, '2022-02-18', '12:00:00pm', '12:59:59pm', '2022-02-18 06:30:00', '2022-02-18 07:29:59'),
(6, 1, 4, '2022-02-18', '01:00:00pm', '01:59:48pm', '2022-02-18 07:30:00', '2022-02-18 08:29:48'),
(7, 1, 5, '2022-02-18', '02:00:48pm', '02:59:48pm', '2022-02-18 08:30:48', '2022-02-18 09:29:48'),
(8, 1, 6, '2022-02-18', '03:00:48pm', '03:59:48pm', '2022-02-18 09:30:48', '2022-02-18 10:29:48'),
(9, 1, 7, '2022-02-18', '04:00:48pm', '04:59:59pm', '2022-02-18 10:30:48', '2022-02-18 11:29:59'),
(10, 1, 4, '2022-02-19', '01:32:22pm', '01:45:52pm', '2022-02-19 08:02:22', '2022-02-19 08:15:52'),
(11, 3, 3, '2022-02-21', '12:34:02pm', '12:59:58pm', '2022-02-21 07:04:02', '2022-02-21 07:29:58'),
(12, 3, 4, '2022-02-21', '01:00:00pm', '01:59:59pm', '2022-02-21 07:30:00', '2022-02-21 08:29:59'),
(13, 1, 4, '2022-02-21', '01:40:47pm', '01:57:57pm', '2022-02-21 08:10:47', '2022-02-21 08:27:57'),
(14, 1, 3, '2022-02-22', '12:15:04pm', '12:59:59pm', '2022-02-22 06:45:04', '2022-02-22 07:29:59'),
(15, 1, 4, '2022-02-22', '01:00:00pm', '01:59:03pm', '2022-02-22 07:30:00', '2022-02-22 08:29:03'),
(16, 1, 5, '2022-02-22', '02:00:03pm', '03:00:00pm', '2022-02-22 08:30:03', '2022-02-22 09:30:00'),
(17, 1, 6, '2022-02-22', '03:00:00pm', '03:59:59pm', '2022-02-22 09:30:00', '2022-02-22 10:29:59'),
(18, 1, 7, '2022-02-22', '04:00:00pm', '04:16:36pm', '2022-02-22 10:30:00', '2022-02-22 10:46:36'),
(19, 1, 7, '2022-02-23', '04:30:15pm', '04:36:28pm', '2022-02-23 11:00:15', '2022-02-23 11:06:28'),
(20, 1, 4, '2022-02-28', '01:01:03pm', '01:03:47pm', '2022-02-28 07:31:03', '2022-02-28 07:33:47'),
(21, 7, 2, '2022-03-30', '11:49:31am', '11:59:44am', '2022-03-30 06:19:31', '2022-03-30 06:29:44'),
(22, 7, 3, '2022-03-30', '12:00:29pm', '12:57:19pm', '2022-03-30 06:30:29', '2022-03-30 07:27:19'),
(23, 7, 3, '2022-04-13', '12:04:02pm', '12:59:58pm', '2022-04-13 06:34:02', '2022-04-13 07:29:58'),
(24, 7, 3, '2022-04-13', '12:04:02pm', '12:04:02pm', '2022-04-13 06:34:02', '2022-04-13 06:34:02'),
(25, 7, 3, '2022-04-13', '12:04:02pm', '12:04:02pm', '2022-04-13 06:34:02', '2022-04-13 06:34:02'),
(26, 7, 2, '2022-04-25', '11:09:43am', '11:23:57am', '2022-04-25 05:39:43', '2022-04-25 05:53:57'),
(27, 8, 2, '2022-04-28', '11:27:00am', '11:27:05am', '2022-04-28 05:57:00', '2022-04-28 05:57:05'),
(28, 8, 3, '2022-04-28', '12:52:32pm', '12:52:48pm', '2022-04-28 07:22:32', '2022-04-28 07:22:48'),
(29, 8, 4, '2022-04-28', '01:02:39pm', '01:42:45pm', '2022-04-28 07:32:39', '2022-04-28 08:12:45'),
(30, 3, 4, '2022-04-28', '01:07:36pm', '01:47:53pm', '2022-04-28 07:37:36', '2022-04-28 08:17:53'),
(31, 8, 5, '2022-04-28', '02:48:12pm', '02:59:59pm', '2022-04-28 09:18:12', '2022-04-28 09:29:59'),
(32, 4, 6, '2022-04-28', '03:35:01pm', '03:59:59pm', '2022-04-28 10:05:01', '2022-04-28 10:29:59'),
(33, 4, 7, '2022-04-28', '04:00:00pm', '04:59:59pm', '2022-04-28 10:30:00', '2022-04-28 11:29:59'),
(34, 4, 8, '2022-04-28', '05:00:00pm', '05:59:53pm', '2022-04-28 11:30:00', '2022-04-28 12:29:53'),
(35, 4, 9, '2022-04-28', '06:00:41pm', '06:29:32pm', '2022-04-28 12:30:41', '2022-04-28 12:59:32'),
(36, 4, 7, '2022-04-29', '04:05:52pm', '04:59:59pm', '2022-04-29 10:35:52', '2022-04-29 11:29:59'),
(37, 4, 8, '2022-04-29', '05:00:02pm', '05:44:42pm', '2022-04-29 11:30:02', '2022-04-29 12:14:42'),
(38, 4, 3, '2022-04-30', '12:30:06pm', '12:31:42pm', '2022-04-30 07:00:06', '2022-04-30 07:01:42'),
(39, 4, 3, '2022-04-30', '12:30:06pm', '12:30:06pm', '2022-04-30 07:00:06', '2022-04-30 07:00:06'),
(40, 4, 3, '2022-05-30', '12:31:38pm', '12:32:04pm', '2022-05-30 07:01:38', '2022-05-30 07:02:04'),
(41, 4, 3, '2022-05-15', '12:32:43pm', '12:32:48pm', '2022-05-15 07:02:43', '2022-05-15 07:02:48'),
(42, 4, 3, '2022-04-16', '12:33:25pm', '12:34:23pm', '2022-04-16 07:03:25', '2022-04-16 07:04:23'),
(43, 4, 3, '2022-05-02', '12:36:16pm', '12:53:44pm', '2022-05-02 07:06:16', '2022-05-02 07:23:44'),
(44, 8, 4, '2022-05-05', '01:32:40pm', '01:59:59pm', '2022-05-05 08:02:40', '2022-05-05 08:29:59'),
(45, 8, 5, '2022-05-05', '02:00:00pm', '02:59:58pm', '2022-05-05 08:30:00', '2022-05-05 09:29:58'),
(46, 8, 2, '2022-05-06', '11:35:10am', '11:59:43am', '2022-05-06 06:05:10', '2022-05-06 06:29:43'),
(47, 8, 3, '2022-05-06', '12:00:43pm', '12:26:28pm', '2022-05-06 06:30:43', '2022-05-06 06:56:28'),
(48, 4, 3, '2022-05-06', '12:27:29pm', '12:59:03pm', '2022-05-06 06:57:29', '2022-05-06 07:29:03'),
(49, 4, 6, '2022-05-06', '03:00:43pm', '03:59:59pm', '2022-05-06 09:30:43', '2022-05-06 10:29:59'),
(50, 4, 7, '2022-05-06', '04:00:00pm', '04:59:43pm', '2022-05-06 10:30:00', '2022-05-06 11:29:43'),
(51, 4, 8, '2022-05-06', '05:00:43pm', '05:59:43pm', '2022-05-06 11:30:43', '2022-05-06 12:29:43'),
(52, 4, 9, '2022-05-06', '06:00:43pm', '06:59:43pm', '2022-05-06 12:30:43', '2022-05-06 13:29:43'),
(53, 8, 2, '2022-05-07', '11:25:47am', '11:59:54am', '2022-05-07 05:55:47', '2022-05-07 06:29:54'),
(54, 8, 3, '2022-05-07', '12:00:01pm', '12:01:57pm', '2022-05-07 06:30:01', '2022-05-07 06:31:57'),
(55, 8, 4, '2022-05-07', '01:05:08pm', '01:59:39pm', '2022-05-07 07:35:08', '2022-05-07 08:29:39'),
(56, 8, 5, '2022-05-07', '02:00:39pm', '02:59:59pm', '2022-05-07 08:30:39', '2022-05-07 09:29:59'),
(57, 4, 6, '2022-05-07', '03:27:54pm', '03:37:28pm', '2022-05-07 09:57:54', '2022-05-07 10:07:28'),
(58, 8, 3, '2022-05-09', '12:55:48pm', '12:59:55pm', '2022-05-09 07:25:48', '2022-05-09 07:29:55'),
(59, 8, 2, '2022-05-10', '11:02:29am', '11:59:58am', '2022-05-10 05:32:29', '2022-05-10 06:29:58'),
(60, 8, 3, '2022-05-10', '12:00:00pm', '12:59:59pm', '2022-05-10 06:30:00', '2022-05-10 07:29:59'),
(61, 8, 2, '2022-05-14', '11:06:03am', '11:31:20am', '2022-05-14 05:36:03', '2022-05-14 06:01:20'),
(62, 4, 3, '2022-05-16', '12:49:33pm', '12:59:59pm', '2022-05-16 07:19:33', '2022-05-16 07:29:59'),
(63, 8, 2, '2022-05-19', '11:00:00am', '11:59:59am', '2022-05-19 05:30:00', '2022-05-19 06:29:59'),
(64, 8, 3, '2022-05-19', '12:01:40pm', '12:59:04pm', '2022-05-19 06:31:40', '2022-05-19 07:29:04'),
(65, 3, 1, '2022-05-20', '10:56:04am', '11:00:00am', '2022-05-20 05:26:04', '2022-05-20 05:30:00'),
(66, 3, 2, '2022-05-20', '11:00:00am', '11:59:09am', '2022-05-20 05:30:00', '2022-05-20 06:29:09'),
(67, 3, 3, '2022-05-20', '12:00:09pm', '12:59:59pm', '2022-05-20 06:30:09', '2022-05-20 07:29:59'),
(68, 3, 2, '2022-05-21', '11:33:33am', '11:59:59am', '2022-05-21 06:03:33', '2022-05-21 06:29:59'),
(69, 3, 3, '2022-05-21', '12:00:00pm', '12:59:59pm', '2022-05-21 06:30:00', '2022-05-21 07:29:59'),
(70, 3, 1, '2022-05-23', '10:52:45am', '10:59:02am', '2022-05-23 05:22:45', '2022-05-23 05:29:02'),
(71, 3, 2, '2022-05-23', '11:00:02am', '11:59:02am', '2022-05-23 05:30:02', '2022-05-23 06:29:02'),
(72, 3, 3, '2022-05-23', '12:00:03pm', '12:59:59pm', '2022-05-23 06:30:03', '2022-05-23 07:29:59'),
(73, 3, 1, '2022-05-24', '10:40:05am', '10:59:59am', '2022-05-24 05:10:05', '2022-05-24 05:29:59'),
(74, 3, 2, '2022-05-24', '11:00:00am', '11:59:52am', '2022-05-24 05:30:00', '2022-05-24 06:29:52'),
(75, 3, 3, '2022-05-24', '12:00:52pm', '12:56:52pm', '2022-05-24 06:30:52', '2022-05-24 07:26:52'),
(76, 3, 3, '2022-05-28', '12:54:50pm', '12:56:00pm', '2022-05-28 07:24:50', '2022-05-28 07:26:00'),
(77, 3, 1, '2022-06-07', '10:57:24am', '10:59:59am', '2022-06-07 05:27:24', '2022-06-07 05:29:59'),
(78, 3, 2, '2022-06-07', '11:00:00am', '11:00:32am', '2022-06-07 05:30:00', '2022-06-07 05:30:32'),
(79, 3, 2, '2022-06-11', '11:01:08am', '11:59:43am', '2022-06-11 05:31:08', '2022-06-11 06:29:43'),
(80, 3, 3, '2022-06-11', '12:00:45pm', '12:59:59pm', '2022-06-11 06:30:45', '2022-06-11 07:29:59'),
(81, 3, 2, '2022-06-13', '11:25:11am', '11:59:34am', '2022-06-13 05:55:11', '2022-06-13 06:29:34'),
(82, 3, 3, '2022-06-13', '12:00:34pm', '12:59:59pm', '2022-06-13 06:30:34', '2022-06-13 07:29:59'),
(83, 3, 1, '2022-06-14', '10:49:53am', '10:59:59am', '2022-06-14 05:19:53', '2022-06-14 05:29:59'),
(84, 3, 2, '2022-06-14', '11:00:00am', '11:23:28am', '2022-06-14 05:30:00', '2022-06-14 05:53:28'),
(85, 3, 2, '2022-06-15', '11:16:50am', '11:59:05am', '2022-06-15 05:46:50', '2022-06-15 06:29:05'),
(86, 3, 2, '2022-06-15', '11:16:50am', '11:16:50am', '2022-06-15 05:46:50', '2022-06-15 05:46:50'),
(87, 3, 2, '2022-06-15', '11:16:50am', '11:16:50am', '2022-06-15 05:46:50', '2022-06-15 05:46:50'),
(88, 3, 3, '2022-06-15', '12:00:05pm', '12:59:05pm', '2022-06-15 06:30:05', '2022-06-15 07:29:05'),
(89, 3, 1, '2022-06-18', '10:57:02am', '10:59:59am', '2022-06-18 05:27:02', '2022-06-18 05:29:59'),
(90, 3, 2, '2022-06-18', '11:00:00am', '11:59:59am', '2022-06-18 05:30:00', '2022-06-18 06:29:59'),
(91, 3, 3, '2022-06-18', '12:00:00pm', '12:59:59pm', '2022-06-18 06:30:00', '2022-06-18 07:29:59'),
(92, 3, 3, '2022-07-02', '12:02:22pm', '12:59:52pm', '2022-07-02 06:32:22', '2022-07-02 07:29:52'),
(93, 3, 2, '2022-07-04', '11:21:08am', '11:57:24am', '2022-07-04 05:51:08', '2022-07-04 06:27:24'),
(94, 3, 1, '2022-07-09', '10:58:54am', '10:59:59am', '2022-07-09 05:28:54', '2022-07-09 05:29:59'),
(95, 3, 2, '2022-07-09', '11:00:00am', '11:59:59am', '2022-07-09 05:30:00', '2022-07-09 06:29:59'),
(96, 3, 3, '2022-07-09', '12:00:00pm', '12:59:27pm', '2022-07-09 06:30:00', '2022-07-09 07:29:27'),
(97, 8, 3, '2022-07-23', '12:08:30pm', '12:59:59pm', '2022-07-23 06:38:30', '2022-07-23 07:29:59'),
(98, 3, 1, '2023-08-28', '10:48:34am', '10:59:49am', '2023-08-28 05:18:34', '2023-08-28 05:29:49'),
(99, 3, 2, '2023-08-28', '11:00:35am', '11:59:33am', '2023-08-28 05:30:35', '2023-08-28 06:29:33'),
(100, 3, 3, '2023-08-28', '12:00:33pm', '12:25:33pm', '2023-08-28 06:30:33', '2023-08-28 06:55:33'),
(101, 3, 2, '2023-09-05', '11:41:26am', '11:59:59am', '2023-09-05 06:11:26', '2023-09-05 06:29:59'),
(102, 3, 3, '2023-09-05', '12:00:00pm', '12:40:23pm', '2023-09-05 06:30:00', '2023-09-05 07:10:23'),
(103, 3, 1, '2023-09-06', '10:41:14am', '10:59:45am', '2023-09-06 05:11:14', '2023-09-06 05:29:45'),
(104, 3, 2, '2023-09-06', '11:00:18am', '11:59:18am', '2023-09-06 05:30:18', '2023-09-06 06:29:18'),
(105, 3, 3, '2023-09-06', '12:00:18pm', '12:59:18pm', '2023-09-06 06:30:18', '2023-09-06 07:29:18'),
(106, 3, 2, '2023-09-07', '11:32:36am', '11:59:13am', '2023-09-07 06:02:36', '2023-09-07 06:29:13'),
(107, 3, 3, '2023-09-07', '12:00:13pm', '12:59:13pm', '2023-09-07 06:30:13', '2023-09-07 07:29:13'),
(108, 3, 1, '2023-09-08', '10:53:30am', '10:59:07am', '2023-09-08 05:23:30', '2023-09-08 05:29:07'),
(109, 3, 2, '2023-09-08', '11:00:07am', '11:43:07am', '2023-09-08 05:30:07', '2023-09-08 06:13:07'),
(110, 3, 3, '2023-09-08', '12:47:53pm', '12:59:07pm', '2023-09-08 07:17:53', '2023-09-08 07:29:07'),
(111, 3, 1, '2023-09-11', '10:27:46am', '10:59:54am', '2023-09-11 04:57:46', '2023-09-11 05:29:54'),
(112, 3, 2, '2023-09-11', '11:00:04am', '11:59:51am', '2023-09-11 05:30:04', '2023-09-11 06:29:51'),
(113, 3, 3, '2023-09-11', '12:00:51pm', '12:59:11pm', '2023-09-11 06:30:51', '2023-09-11 07:29:11'),
(114, 3, 1, '2023-09-12', '10:32:40am', '10:59:11am', '2023-09-12 05:02:40', '2023-09-12 05:29:11'),
(115, 3, 2, '2023-09-12', '11:00:11am', '11:59:59am', '2023-09-12 05:30:11', '2023-09-12 06:29:59'),
(116, 3, 3, '2023-09-12', '12:00:00pm', '12:59:56pm', '2023-09-12 06:30:00', '2023-09-12 07:29:56'),
(117, 3, 1, '2023-09-13', '10:22:45am', '10:59:46am', '2023-09-13 04:52:45', '2023-09-13 05:29:46'),
(118, 3, 2, '2023-09-13', '11:00:17am', '11:59:46am', '2023-09-13 05:30:17', '2023-09-13 06:29:46'),
(119, 3, 3, '2023-09-13', '12:00:47pm', '12:59:46pm', '2023-09-13 06:30:47', '2023-09-13 07:29:46'),
(120, 3, 1, '2023-09-15', '10:30:03am', '10:59:35am', '2023-09-15 05:00:03', '2023-09-15 05:29:35'),
(121, 3, 2, '2023-09-15', '11:00:14am', '11:58:35am', '2023-09-15 05:30:14', '2023-09-15 06:28:35'),
(122, 3, 3, '2023-09-15', '12:02:32pm', '12:59:35pm', '2023-09-15 06:32:32', '2023-09-15 07:29:35'),
(123, 3, 1, '2023-09-16', '10:45:51am', '10:59:28am', '2023-09-16 05:15:51', '2023-09-16 05:29:28'),
(124, 3, 2, '2023-09-16', '11:00:28am', '11:59:51am', '2023-09-16 05:30:28', '2023-09-16 06:29:51'),
(125, 3, 3, '2023-09-16', '12:00:02pm', '12:02:30pm', '2023-09-16 06:30:02', '2023-09-16 06:32:30'),
(126, 3, 3, '2023-09-16', '12:00:02pm', '12:00:02pm', '2023-09-16 06:30:02', '2023-09-16 06:30:02'),
(127, 3, 3, '2023-09-16', '12:00:02pm', '12:00:02pm', '2023-09-16 06:30:02', '2023-09-16 06:30:02'),
(128, 3, 3, '2023-09-16', '12:00:02pm', '12:00:02pm', '2023-09-16 06:30:02', '2023-09-16 06:30:02'),
(129, 3, 3, '2023-09-16', '12:00:02pm', '12:00:02pm', '2023-09-16 06:30:02', '2023-09-16 06:30:02'),
(130, 3, 1, '2023-09-18', '10:49:17am', '10:59:18am', '2023-09-18 05:19:17', '2023-09-18 05:29:18'),
(131, 3, 2, '2023-09-18', '11:00:18am', '11:59:18am', '2023-09-18 05:30:18', '2023-09-18 06:29:18'),
(132, 3, 3, '2023-09-18', '12:00:18pm', '12:48:14pm', '2023-09-18 06:30:18', '2023-09-18 07:18:14'),
(133, 3, 1, '2023-09-20', '10:42:56am', '10:59:07am', '2023-09-20 05:12:56', '2023-09-20 05:29:07'),
(134, 3, 1, '2023-09-20', '10:42:56am', '10:42:56am', '2023-09-20 05:12:56', '2023-09-20 05:12:56'),
(135, 3, 1, '2023-09-20', '10:42:56am', '10:42:56am', '2023-09-20 05:12:56', '2023-09-20 05:12:56'),
(136, 3, 1, '2023-09-20', '10:42:56am', '10:42:56am', '2023-09-20 05:12:56', '2023-09-20 05:12:56'),
(137, 3, 2, '2023-09-20', '11:00:07am', '11:59:07am', '2023-09-20 05:30:07', '2023-09-20 06:29:07'),
(138, 3, 3, '2023-09-20', '12:00:07pm', '12:54:20pm', '2023-09-20 06:30:07', '2023-09-20 07:24:20'),
(139, 3, 1, '2023-09-21', '10:46:39am', '10:59:00am', '2023-09-21 05:16:39', '2023-09-21 05:29:00'),
(140, 3, 2, '2023-09-21', '11:00:00am', '11:59:00am', '2023-09-21 05:30:00', '2023-09-21 06:29:00'),
(141, 3, 3, '2023-09-21', '12:00:00pm', '12:59:59pm', '2023-09-21 06:30:00', '2023-09-21 07:29:59'),
(142, 3, 2, '2023-09-22', '11:02:24am', '11:59:56am', '2023-09-22 05:32:24', '2023-09-22 06:29:56'),
(143, 3, 3, '2023-09-22', '12:00:56pm', '12:59:59pm', '2023-09-22 06:30:56', '2023-09-22 07:29:59'),
(144, 3, 2, '2023-09-23', '11:23:49am', '11:58:51am', '2023-09-23 05:53:49', '2023-09-23 06:28:51'),
(145, 3, 2, '2023-09-23', '11:23:49am', '11:23:49am', '2023-09-23 05:53:49', '2023-09-23 05:53:49'),
(146, 3, 2, '2023-09-23', '11:23:49am', '11:23:49am', '2023-09-23 05:53:49', '2023-09-23 05:53:49'),
(147, 3, 2, '2023-09-23', '11:23:49am', '11:23:49am', '2023-09-23 05:53:49', '2023-09-23 05:53:49'),
(148, 3, 2, '2023-09-23', '11:23:49am', '11:23:49am', '2023-09-23 05:53:49', '2023-09-23 05:53:49'),
(149, 3, 2, '2023-09-23', '11:23:49am', '11:23:49am', '2023-09-23 05:53:49', '2023-09-23 05:53:49'),
(150, 3, 3, '2023-09-23', '12:00:14pm', '12:16:04pm', '2023-09-23 06:30:14', '2023-09-23 06:46:04'),
(151, 3, 2, '2023-09-25', '11:45:14am', '11:57:44am', '2023-09-25 06:15:14', '2023-09-25 06:27:44'),
(152, 3, 3, '2023-09-25', '12:13:23pm', '12:59:59pm', '2023-09-25 06:43:23', '2023-09-25 07:29:59'),
(153, 3, 2, '2023-09-26', '11:02:25am', '11:59:55am', '2023-09-26 05:32:25', '2023-09-26 06:29:55'),
(154, 3, 3, '2023-09-26', '12:01:30pm', '12:59:55pm', '2023-09-26 06:31:30', '2023-09-26 07:29:55'),
(155, 3, 2, '2023-09-27', '11:42:33am', '11:59:13am', '2023-09-27 06:12:33', '2023-09-27 06:29:13'),
(156, 3, 3, '2023-09-27', '12:00:13pm', '12:59:13pm', '2023-09-27 06:30:13', '2023-09-27 07:29:13'),
(157, 3, 2, '2023-09-28', '11:52:17am', '11:59:57am', '2023-09-28 06:22:17', '2023-09-28 06:29:57'),
(158, 3, 3, '2023-09-28', '12:00:01pm', '01:00:00pm', '2023-09-28 06:30:01', '2023-09-28 07:30:00'),
(159, 3, 1, '2023-09-29', '10:26:37am', '10:59:01am', '2023-09-29 04:56:37', '2023-09-29 05:29:01'),
(160, 3, 2, '2023-09-29', '11:00:16am', '11:56:01am', '2023-09-29 05:30:16', '2023-09-29 06:26:01'),
(161, 3, 3, '2023-09-29', '12:38:52pm', '12:42:56pm', '2023-09-29 07:08:52', '2023-09-29 07:12:56');

-- --------------------------------------------------------

--
-- Table structure for table `student_student_types`
--

CREATE TABLE `student_student_types` (
  `id` bigint(20) UNSIGNED NOT NULL,
  `institute_id` varchar(255) NOT NULL,
  `student_id` bigint(20) UNSIGNED NOT NULL,
  `studenttype_id` varchar(255) NOT NULL,
  `created_at` timestamp NULL DEFAULT NULL,
  `updated_at` timestamp NULL DEFAULT NULL
) ENGINE=InnoDB DEFAULT CHARSET=utf8mb4 COLLATE=utf8mb4_unicode_ci;

--
-- Dumping data for table `student_student_types`
--

INSERT INTO `student_student_types` (`id`, `institute_id`, `student_id`, `studenttype_id`, `created_at`, `updated_at`) VALUES
(1, '2', 1, '1', '2022-01-20 07:48:45', '2022-01-20 07:48:45'),
(3, '2', 3, '1', '2022-01-24 12:17:06', '2022-01-24 12:17:06'),
(4, '2', 4, '1', '2022-01-28 05:33:23', '2022-01-28 05:33:23'),
(5, '2', 5, '1', '2022-01-28 05:36:52', '2022-01-28 05:36:52'),
(6, '2', 6, '1', '2022-01-31 09:46:45', '2022-01-31 09:46:45'),
(8, '2', 8, '1', '2022-04-28 05:56:07', '2022-04-28 05:56:07'),
(9, '2', 9, '1', '2022-05-16 07:46:20', '2022-05-16 07:46:20');

-- --------------------------------------------------------

--
-- Table structure for table `student_subjects`
--

CREATE TABLE `student_subjects` (
  `id` bigint(20) UNSIGNED NOT NULL,
  `student_id` bigint(20) UNSIGNED NOT NULL,
  `institute_id` varchar(255) NOT NULL,
  `student_type` varchar(255) NOT NULL,
  `subject_id` varchar(255) NOT NULL,
  `subject_grno` varchar(255) NOT NULL,
  `doaddmission` varchar(255) NOT NULL,
  `isession_id` varchar(255) NOT NULL,
  `year` varchar(255) NOT NULL,
  `old` tinyint(4) NOT NULL DEFAULT 0,
  `created_at` timestamp NULL DEFAULT NULL,
  `updated_at` timestamp NULL DEFAULT NULL,
  `deleted_at` timestamp NULL DEFAULT NULL
) ENGINE=InnoDB DEFAULT CHARSET=utf8mb4 COLLATE=utf8mb4_unicode_ci;

--
-- Dumping data for table `student_subjects`
--

INSERT INTO `student_subjects` (`id`, `student_id`, `institute_id`, `student_type`, `subject_id`, `subject_grno`, `doaddmission`, `isession_id`, `year`, `old`, `created_at`, `updated_at`, `deleted_at`) VALUES
(1, 1, '2', '1', '1', '101', '2022-01-20', '2', '2022', 0, '2022-01-20 07:48:46', '2022-07-04 08:33:38', '2022-07-04 08:33:38'),
(2, 1, '2', '1', '2', '102', '2022-01-20', '2', '2022', 0, '2022-01-20 07:48:46', '2022-07-04 08:33:38', '2022-07-04 08:33:38'),
(3, 1, '2', '1', '3', '103', '2022-01-20', '2', '2022', 0, '2022-01-20 07:48:46', '2022-07-04 08:33:38', '2022-07-04 08:33:38'),
(4, 1, '2', '1', '4', '104', '2022-01-20', '2', '2022', 0, '2022-01-20 07:48:46', '2022-07-04 08:33:38', '2022-07-04 08:33:38'),
(5, 1, '2', '1', '5', '105', '2022-01-20', '2', '2022', 0, '2022-01-20 07:48:47', '2022-07-04 08:33:38', '2022-07-04 08:33:38'),
(6, 1, '2', '1', '6', '106', '2022-01-20', '2', '2022', 0, '2022-01-20 07:48:47', '2022-07-04 08:33:38', '2022-07-04 08:33:38'),
(7, 1, '2', '1', '7', '107', '2022-01-20', '2', '2022', 0, '2022-01-20 07:48:47', '2022-07-04 08:33:38', '2022-07-04 08:33:38'),
(10, 3, '2', '1', '1', '110', '2022-01-24', '2', '2022', 0, '2022-01-24 12:17:06', '2022-04-28 06:31:29', '2022-04-28 06:31:29'),
(11, 3, '2', '1', '2', '111', '2022-01-24', '2', '2022', 0, '2022-01-24 12:17:06', '2022-04-28 06:31:29', '2022-04-28 06:31:29'),
(12, 3, '2', '1', '3', '112', '2022-01-24', '2', '2022', 0, '2022-01-24 12:17:06', '2022-04-28 06:31:29', '2022-04-28 06:31:29'),
(13, 3, '2', '1', '4', '113', '2022-01-24', '2', '2022', 0, '2022-01-25 10:49:22', '2022-04-28 06:31:29', '2022-04-28 06:31:29'),
(14, 3, '2', '1', '5', '114', '2022-01-24', '2', '2022', 0, '2022-01-25 10:49:22', '2022-04-28 06:31:29', '2022-04-28 06:31:29'),
(15, 3, '2', '1', '6', '115', '2022-01-24', '2', '2022', 0, '2022-01-25 10:49:22', '2022-04-28 06:31:29', '2022-04-28 06:31:29'),
(16, 4, '2', '1', '1', '116', '2022-01-29', '2', '2021', 0, '2022-01-28 05:33:24', '2022-04-26 06:49:46', '2022-04-26 06:49:46'),
(17, 4, '2', '1', '2', '117', '2022-01-29', '2', '2021', 0, '2022-01-28 05:33:24', '2022-04-26 06:49:46', '2022-04-26 06:49:46'),
(18, 5, '2', '1', '1', '118', '2022-01-28', '2', '2022', 0, '2022-01-28 05:36:54', '2022-02-09 08:17:22', NULL),
(19, 5, '2', '1', '2', '119', '2022-01-28', '2', '2022', 0, '2022-01-28 05:36:54', '2022-02-09 08:17:22', NULL),
(20, 5, '2', '1', '3', '120', '2022-01-28', '2', '2022', 0, '2022-01-28 05:36:54', '2022-02-09 08:17:22', NULL),
(21, 5, '2', '1', '4', '121', '2022-01-28', '2', '2022', 0, '2022-01-28 05:36:54', '2022-02-09 08:17:22', NULL),
(22, 6, '2', '1', '1', '122', '2022-01-31', '2', '2022', 0, '2022-01-31 09:46:45', '2022-02-09 09:49:43', NULL),
(23, 6, '2', '1', '2', '123', '2022-01-31', '2', '2022', 0, '2022-01-31 09:46:46', '2022-02-09 06:45:45', NULL),
(27, 1, '2', '1', '1', '127', '2022-01-20', '2', '2022', 0, '2022-04-13 09:40:35', '2022-07-04 08:33:38', '2022-07-04 08:33:38'),
(28, 1, '2', '1', '1', '127', '2022-01-20', '2', '2022', 0, '2022-04-13 09:40:35', '2022-07-04 08:33:38', '2022-07-04 08:33:38'),
(29, 1, '2', '1', '2', '128', '2022-01-20', '2', '2022', 0, '2022-04-13 09:40:35', '2022-07-04 08:33:38', '2022-07-04 08:33:38'),
(30, 1, '2', '1', '2', '128', '2022-01-20', '2', '2022', 0, '2022-04-13 09:40:35', '2022-07-04 08:33:38', '2022-07-04 08:33:38'),
(31, 1, '2', '1', '3', '129', '2022-01-20', '2', '2022', 0, '2022-04-13 09:40:35', '2022-07-04 08:33:38', '2022-07-04 08:33:38'),
(32, 1, '2', '1', '3', '129', '2022-01-20', '2', '2022', 0, '2022-04-13 09:40:36', '2022-07-04 08:33:38', '2022-07-04 08:33:38'),
(33, 1, '2', '1', '5', '130', '2022-01-20', '2', '2022', 0, '2022-04-13 09:40:36', '2022-07-04 08:33:38', '2022-07-04 08:33:38'),
(34, 1, '2', '1', '5', '130', '2022-01-20', '2', '2022', 0, '2022-04-13 09:40:36', '2022-07-04 08:33:38', '2022-07-04 08:33:38'),
(35, 1, '2', '1', '1', '131', '2022-01-20', '2', '2022', 0, '2022-04-26 06:46:41', '2022-07-04 08:33:38', '2022-07-04 08:33:38'),
(36, 1, '2', '1', '2', '132', '2022-01-20', '2', '2022', 0, '2022-04-26 06:46:42', '2022-07-04 08:33:38', '2022-07-04 08:33:38'),
(37, 1, '2', '1', '3', '133', '2022-01-20', '2', '2022', 0, '2022-04-26 06:46:42', '2022-07-04 08:33:38', '2022-07-04 08:33:38'),
(38, 1, '2', '1', '4', '134', '2022-01-20', '2', '2022', 0, '2022-04-26 06:46:42', '2022-07-04 08:33:38', '2022-07-04 08:33:38'),
(39, 4, '2', '1', '1', '135', '2022-01-29', '2', '2021', 0, '2022-04-26 06:49:46', '2022-04-26 06:49:46', NULL),
(40, 4, '2', '1', '2', '136', '2022-01-29', '2', '2021', 0, '2022-04-26 06:49:47', '2022-04-26 06:49:47', NULL),
(41, 4, '2', '1', '3', '137', '2022-01-29', '2', '2021', 0, '2022-04-26 06:49:47', '2022-04-26 06:49:47', NULL),
(42, 1, '2', '1', '2', '138', '2022-01-20', '2', '2022', 0, '2022-04-26 07:56:12', '2022-07-04 08:33:38', '2022-07-04 08:33:38'),
(43, 1, '2', '1', '1', '139', '2022-01-20', '2', '2022', 0, '2022-04-26 09:23:25', '2022-07-04 08:33:38', '2022-07-04 08:33:38'),
(44, 1, '2', '1', '2', '140', '2022-01-20', '2', '2022', 0, '2022-04-26 09:23:26', '2022-07-04 08:33:38', '2022-07-04 08:33:38'),
(45, 8, '2', '1', '1', '141', '2022-04-28', '2', '2022', 0, '2022-04-28 05:56:07', '2022-04-28 05:56:07', NULL),
(46, 8, '2', '1', '2', '142', '2022-04-28', '2', '2022', 0, '2022-04-28 05:56:08', '2022-04-28 05:56:08', NULL),
(47, 8, '2', '1', '3', '143', '2022-04-28', '2', '2022', 0, '2022-04-28 05:56:08', '2022-04-28 05:56:08', NULL),
(48, 8, '2', '1', '4', '144', '2022-04-28', '2', '2022', 0, '2022-04-28 05:56:08', '2022-04-28 05:56:08', NULL),
(49, 8, '2', '1', '5', '145', '2022-04-28', '2', '2022', 0, '2022-04-28 05:56:08', '2022-04-28 05:56:08', NULL),
(50, 8, '2', '1', '6', '146', '2022-04-28', '2', '2022', 0, '2022-04-28 05:56:08', '2022-04-28 05:56:08', NULL),
(51, 3, '2', '1', '1', '147', '2022-01-24', '2', '2022', 0, '2022-04-28 06:31:29', '2023-09-16 06:34:16', '2023-09-16 06:34:16'),
(52, 3, '2', '1', '2', '148', '2022-01-24', '2', '2022', 0, '2022-04-28 06:31:30', '2023-09-16 06:34:16', '2023-09-16 06:34:16'),
(53, 3, '2', '1', '3', '149', '2022-01-24', '2', '2022', 0, '2022-04-28 06:31:30', '2023-09-16 06:34:16', '2023-09-16 06:34:16'),
(54, 3, '2', '1', '4', '150', '2022-01-24', '2', '2022', 0, '2022-04-28 06:31:30', '2023-09-16 06:34:16', '2023-09-16 06:34:16'),
(55, 9, '2', '1', '1', '151', '2022-05-16', '2', '2022', 0, '2022-05-16 07:46:21', '2022-05-16 07:46:21', NULL),
(56, 9, '2', '1', '2', '152', '2022-05-16', '2', '2022', 0, '2022-05-16 07:46:21', '2022-05-16 07:46:21', NULL),
(57, 9, '2', '1', '3', '153', '2022-05-16', '2', '2022', 0, '2022-05-16 07:46:21', '2022-05-16 07:46:21', NULL),
(58, 3, '2', '1', '1', '154', '2022-01-25', '1', '2021', 0, '2023-09-16 07:33:34', '2023-09-16 07:33:34', NULL),
(59, 3, '2', '1', '2', '155', '2022-01-25', '1', '2021', 0, '2023-09-16 07:33:34', '2023-09-16 07:33:34', NULL),
(60, 3, '2', '1', '3', '156', '2022-01-25', '1', '2021', 0, '2023-09-16 07:33:34', '2023-09-16 07:33:34', NULL),
(61, 3, '2', '1', '4', '157', '2022-01-25', '1', '2021', 0, '2023-09-16 07:33:34', '2023-09-16 07:33:34', NULL),
(62, 3, '2', '1', '5', '158', '2022-01-25', '1', '2021', 0, '2023-09-16 07:33:34', '2023-09-16 07:33:34', NULL),
(63, 3, '2', '1', '6', '159', '2022-01-25', '1', '2021', 0, '2023-09-16 07:33:34', '2023-09-16 07:33:34', NULL);

-- --------------------------------------------------------

--
-- Table structure for table `student_types`
--

CREATE TABLE `student_types` (
  `id` bigint(20) UNSIGNED NOT NULL,
  `institute_id` varchar(255) NOT NULL,
  `name` varchar(255) NOT NULL,
  `created_at` timestamp NULL DEFAULT NULL,
  `updated_at` timestamp NULL DEFAULT NULL
) ENGINE=InnoDB DEFAULT CHARSET=utf8mb4 COLLATE=utf8mb4_unicode_ci;

--
-- Dumping data for table `student_types`
--

INSERT INTO `student_types` (`id`, `institute_id`, `name`, `created_at`, `updated_at`) VALUES
(1, '2', 'Regular', '2022-04-26 11:33:46', '2022-04-26 11:33:46'),
(2, '2', 'Repeat', '2022-01-20 07:43:05', '2022-01-20 07:43:05'),
(4, '2', 'Reappear', '2022-02-08 11:00:31', '2022-02-08 11:00:31');

-- --------------------------------------------------------

--
-- Table structure for table `student__repeats`
--

CREATE TABLE `student__repeats` (
  `id` bigint(20) UNSIGNED NOT NULL,
  `student_id` bigint(20) UNSIGNED NOT NULL,
  `institute_id` varchar(255) NOT NULL,
  `doaddmission` varchar(255) NOT NULL,
  `student_type` varchar(255) NOT NULL,
  `course_id` varchar(255) NOT NULL,
  `subject_id` varchar(255) NOT NULL,
  `itiming_id` varchar(255) NOT NULL,
  `coursefee_id` varchar(255) NOT NULL,
  `isession_id` varchar(255) NOT NULL,
  `year` varchar(255) NOT NULL,
  `created_at` timestamp NULL DEFAULT NULL,
  `updated_at` timestamp NULL DEFAULT NULL
) ENGINE=InnoDB DEFAULT CHARSET=utf8mb4 COLLATE=utf8mb4_unicode_ci;

-- --------------------------------------------------------

--
-- Table structure for table `subjects`
--

CREATE TABLE `subjects` (
  `id` bigint(20) UNSIGNED NOT NULL,
  `course_id` varchar(255) NOT NULL,
  `name` varchar(255) NOT NULL,
  `created_at` timestamp NULL DEFAULT NULL,
  `updated_at` timestamp NULL DEFAULT NULL
) ENGINE=InnoDB DEFAULT CHARSET=utf8mb4 COLLATE=utf8mb4_unicode_ci;

--
-- Dumping data for table `subjects`
--

INSERT INTO `subjects` (`id`, `course_id`, `name`, `created_at`, `updated_at`) VALUES
(1, '1', 'English 30 WPM', '2022-01-20 07:39:16', '2022-01-20 07:39:16'),
(2, '1', 'English 40 WPM', '2022-01-20 07:39:17', '2022-01-20 07:39:17'),
(3, '1', 'Marathi 30 WPM', '2022-01-20 07:39:17', '2022-01-20 07:39:17'),
(4, '1', 'Marathi 40 WPM', '2022-01-20 07:39:17', '2022-01-20 07:39:17'),
(5, '1', 'Hindi 30 WPM', '2022-01-20 07:39:17', '2022-01-20 07:39:17'),
(6, '1', 'Hindi 40 WPM', '2022-01-20 07:39:17', '2022-01-20 07:39:17'),
(7, '1', 'GCC-SSD-CTC', '2022-01-20 07:39:17', '2022-01-20 07:39:17'),
(8, '2', 'MS-CIT', '2022-01-20 07:39:17', '2022-01-20 07:39:17'),
(9, '3', 'CCC', '2022-01-20 07:39:17', '2022-01-20 07:39:17'),
(10, '4', 'TALLY', '2022-01-20 07:39:17', '2022-01-20 07:39:17');

-- --------------------------------------------------------

--
-- Table structure for table `test_papers`
--

CREATE TABLE `test_papers` (
  `id` bigint(20) UNSIGNED NOT NULL,
  `m_c_q_practise_exam_id` bigint(20) UNSIGNED NOT NULL,
  `student_id` bigint(20) UNSIGNED NOT NULL,
  `question_id` bigint(20) UNSIGNED NOT NULL,
  `answer_id` bigint(20) UNSIGNED DEFAULT NULL,
  `ans` text DEFAULT NULL,
  `created_at` timestamp NULL DEFAULT NULL,
  `updated_at` timestamp NULL DEFAULT NULL
) ENGINE=InnoDB DEFAULT CHARSET=utf8mb4 COLLATE=utf8mb4_unicode_ci;

--
-- Dumping data for table `test_papers`
--

INSERT INTO `test_papers` (`id`, `m_c_q_practise_exam_id`, `student_id`, `question_id`, `answer_id`, `ans`, `created_at`, `updated_at`) VALUES
(34, 3, 3, 1, 1, NULL, '2022-02-18 11:32:28', '2022-02-18 11:32:28'),
(35, 3, 3, 2, 5, NULL, '2022-02-18 11:32:32', '2022-02-18 11:32:32'),
(36, 4, 11, 3, 9, NULL, '2022-04-25 05:47:04', '2022-04-25 05:47:04');

-- --------------------------------------------------------

--
-- Table structure for table `test_students`
--

CREATE TABLE `test_students` (
  `id` bigint(20) UNSIGNED NOT NULL,
  `user_id` bigint(20) UNSIGNED NOT NULL,
  `m_c_q_practise_exam_id` bigint(20) UNSIGNED NOT NULL,
  `created_at` timestamp NULL DEFAULT NULL,
  `updated_at` timestamp NULL DEFAULT NULL
) ENGINE=InnoDB DEFAULT CHARSET=utf8mb4 COLLATE=utf8mb4_unicode_ci;

--
-- Dumping data for table `test_students`
--

INSERT INTO `test_students` (`id`, `user_id`, `m_c_q_practise_exam_id`, `created_at`, `updated_at`) VALUES
(1, 7, 1, '2022-02-08 07:54:05', '2022-02-08 07:54:05'),
(2, 8, 1, '2022-02-08 07:54:05', '2022-02-08 07:54:05'),
(3, 10, 1, '2022-02-08 07:54:05', '2022-02-08 07:54:05'),
(4, 3, 1, '2022-02-08 07:54:05', '2022-02-08 07:54:05'),
(5, 3, 2, '2022-02-14 11:26:12', '2022-02-14 11:26:12'),
(6, 7, 2, '2022-02-14 11:26:12', '2022-02-14 11:26:12'),
(7, 8, 2, '2022-02-14 11:26:12', '2022-02-14 11:26:12'),
(8, 9, 2, '2022-02-14 11:26:12', '2022-02-14 11:26:12'),
(9, 10, 2, '2022-02-14 11:26:12', '2022-02-14 11:26:12'),
(11, 3, 3, '2022-02-14 11:27:50', '2022-02-14 11:27:50'),
(12, 7, 3, '2022-02-14 11:27:50', '2022-02-14 11:27:50'),
(13, 3, 4, '2022-02-15 13:04:03', '2022-02-15 13:04:03'),
(14, 7, 4, '2022-02-15 13:04:03', '2022-02-15 13:04:03'),
(15, 8, 4, '2022-02-15 13:04:03', '2022-02-15 13:04:03'),
(16, 9, 4, '2022-02-15 13:04:03', '2022-02-15 13:04:03'),
(17, 10, 4, '2022-02-15 13:04:03', '2022-02-15 13:04:03'),
(19, 7, 5, '2022-05-14 11:33:59', '2022-05-14 11:33:59'),
(20, 7, 6, '2022-06-23 10:24:00', '2022-06-23 10:24:00');

-- --------------------------------------------------------

--
-- Table structure for table `total_payments`
--

CREATE TABLE `total_payments` (
  `id` bigint(20) UNSIGNED NOT NULL,
  `institute_id` bigint(20) UNSIGNED NOT NULL,
  `payment` varchar(255) NOT NULL,
  `created_at` timestamp NULL DEFAULT NULL,
  `updated_at` timestamp NULL DEFAULT NULL
) ENGINE=InnoDB DEFAULT CHARSET=utf8mb4 COLLATE=utf8mb4_unicode_ci;

--
-- Dumping data for table `total_payments`
--

INSERT INTO `total_payments` (`id`, `institute_id`, `payment`, `created_at`, `updated_at`) VALUES
(1, 2, '350', '2022-01-20 08:03:30', '2022-01-20 08:03:30'),
(2, 2, '50', '2022-02-15 12:00:26', '2022-02-15 12:00:26');

-- --------------------------------------------------------

--
-- Table structure for table `typingtests`
--

CREATE TABLE `typingtests` (
  `id` bigint(20) UNSIGNED NOT NULL,
  `institute_id` bigint(20) NOT NULL,
  `subject_id` varchar(255) NOT NULL,
  `practise_type` text NOT NULL,
  `typingdata` text NOT NULL,
  `key` varchar(255) NOT NULL,
  `created_at` timestamp NULL DEFAULT NULL,
  `updated_at` timestamp NULL DEFAULT NULL
) ENGINE=InnoDB DEFAULT CHARSET=utf8mb4 COLLATE=utf8mb4_unicode_ci;

--
-- Dumping data for table `typingtests`
--

INSERT INTO `typingtests` (`id`, `institute_id`, `subject_id`, `practise_type`, `typingdata`, `key`, `created_at`, `updated_at`) VALUES
(1, 2, '1', '1', 'EnglishSpeedPassage30-1.docx', '1', '2023-09-18 11:31:19', '2023-09-18 11:31:19'),
(2, 2, '1', '1', 'EnglishSpeedPassage30-2.docx', '2', '2023-09-18 11:31:20', '2023-09-18 11:31:20'),
(3, 2, '1', '1', 'EnglishSpeedPassage30-3.docx', '3', '2023-09-18 11:31:20', '2023-09-18 11:31:20'),
(4, 2, '1', '1', 'EnglishSpeedPassage30-4.docx', '4', '2023-09-18 11:31:20', '2023-09-18 11:31:20'),
(5, 2, '1', '1', 'EnglishSpeedPassage30-5.docx', '5', '2023-09-18 11:31:20', '2023-09-18 11:31:20'),
(6, 2, '1', '1', 'EnglishSpeedPassage30-6.docx', '6', '2023-09-18 11:31:20', '2023-09-18 11:31:20'),
(7, 2, '1', '1', 'EnglishSpeedPassage30-7.docx', '7', '2023-09-18 11:31:20', '2023-09-18 11:31:20'),
(8, 2, '1', '1', 'EnglishSpeedPassage30-8.docx', '8', '2023-09-18 11:31:20', '2023-09-18 11:31:20'),
(9, 2, '1', '1', 'EnglishSpeedPassage30-9.docx', '9', '2023-09-18 11:31:20', '2023-09-18 11:31:20'),
(10, 2, '1', '1', 'EnglishSpeedPassage30-10.docx', '10', '2023-09-18 11:31:20', '2023-09-18 11:31:20'),
(11, 2, '1', '1', 'EnglishSpeedPassage30-11.docx', '11', '2023-09-18 11:31:20', '2023-09-18 11:31:20'),
(12, 2, '1', '1', 'EnglishSpeedPassage30-12.docx', '12', '2023-09-18 11:31:20', '2023-09-18 11:31:20'),
(13, 2, '1', '1', 'EnglishSpeedPassage30-13.docx', '13', '2023-09-18 11:31:20', '2023-09-18 11:31:20'),
(14, 2, '1', '1', 'EnglishSpeedPassage30-14.docx', '14', '2023-09-18 11:31:20', '2023-09-18 11:31:20'),
(15, 2, '1', '1', 'EnglishSpeedPassage30-15.docx', '15', '2023-09-18 11:31:20', '2023-09-18 11:31:20'),
(16, 2, '1', '1', 'EnglishSpeedPassage30-16.docx', '16', '2023-09-18 11:31:20', '2023-09-18 11:31:20'),
(17, 2, '1', '1', 'EnglishSpeedPassage30-17.docx', '17', '2023-09-18 11:31:20', '2023-09-18 11:31:20'),
(18, 2, '1', '1', 'EnglishSpeedPassage30-18.docx', '18', '2023-09-18 11:31:20', '2023-09-18 11:31:20'),
(19, 2, '1', '1', 'EnglishSpeedPassage30-19.docx', '19', '2023-09-18 11:31:20', '2023-09-18 11:31:20'),
(20, 2, '1', '1', 'EnglishSpeedPassage30-20.docx', '20', '2023-09-18 11:31:20', '2023-09-18 11:31:20'),
(21, 2, '2', '3', 'EnglishSpeedPassage30-1.docx', '1', '2023-09-18 11:31:50', '2023-09-18 11:31:50'),
(22, 2, '2', '3', 'EnglishSpeedPassage30-2.docx', '2', '2023-09-18 11:31:50', '2023-09-18 11:31:50'),
(23, 2, '2', '3', 'EnglishSpeedPassage30-3.docx', '3', '2023-09-18 11:31:50', '2023-09-18 11:31:50'),
(24, 2, '2', '3', 'EnglishSpeedPassage30-4.docx', '4', '2023-09-18 11:31:50', '2023-09-18 11:31:50'),
(25, 2, '2', '3', 'EnglishSpeedPassage30-5.docx', '5', '2023-09-18 11:31:50', '2023-09-18 11:31:50'),
(26, 2, '2', '3', 'EnglishSpeedPassage30-6.docx', '6', '2023-09-18 11:31:50', '2023-09-18 11:31:50'),
(27, 2, '2', '3', 'EnglishSpeedPassage30-7.docx', '7', '2023-09-18 11:31:50', '2023-09-18 11:31:50'),
(28, 2, '2', '3', 'EnglishSpeedPassage30-8.docx', '8', '2023-09-18 11:31:50', '2023-09-18 11:31:50'),
(29, 2, '2', '3', 'EnglishSpeedPassage30-9.docx', '9', '2023-09-18 11:31:50', '2023-09-18 11:31:50'),
(30, 2, '2', '3', 'EnglishSpeedPassage30-10.docx', '10', '2023-09-18 11:31:50', '2023-09-18 11:31:50'),
(31, 2, '2', '3', 'EnglishSpeedPassage30-11.docx', '11', '2023-09-18 11:31:50', '2023-09-18 11:31:50'),
(32, 2, '2', '3', 'EnglishSpeedPassage30-12.docx', '12', '2023-09-18 11:31:50', '2023-09-18 11:31:50'),
(33, 2, '2', '3', 'EnglishSpeedPassage30-13.docx', '13', '2023-09-18 11:31:50', '2023-09-18 11:31:50'),
(34, 2, '2', '3', 'EnglishSpeedPassage30-14.docx', '14', '2023-09-18 11:31:50', '2023-09-18 11:31:50'),
(35, 2, '2', '3', 'EnglishSpeedPassage30-15.docx', '15', '2023-09-18 11:31:50', '2023-09-18 11:31:50'),
(36, 2, '2', '3', 'EnglishSpeedPassage30-16.docx', '16', '2023-09-18 11:31:50', '2023-09-18 11:31:50'),
(37, 2, '2', '3', 'EnglishSpeedPassage30-17.docx', '17', '2023-09-18 11:31:50', '2023-09-18 11:31:50'),
(38, 2, '2', '3', 'EnglishSpeedPassage30-18.docx', '18', '2023-09-18 11:31:50', '2023-09-18 11:31:50'),
(39, 2, '2', '3', 'EnglishSpeedPassage30-19.docx', '19', '2023-09-18 11:31:50', '2023-09-18 11:31:50'),
(40, 2, '2', '3', 'EnglishSpeedPassage30-20.docx', '20', '2023-09-18 11:31:50', '2023-09-18 11:31:50'),
(41, 2, '3', '2', 'MarathiSpeedPassage30-1.docx', '1', '2023-09-18 11:32:37', '2023-09-18 11:32:37'),
(42, 2, '3', '2', 'MarathiSpeedPassage30-2.docx', '2', '2023-09-18 11:32:37', '2023-09-18 11:32:37'),
(43, 2, '3', '2', 'MarathiSpeedPassage30-3.docx', '3', '2023-09-18 11:32:37', '2023-09-18 11:32:37'),
(44, 2, '3', '2', 'MarathiSpeedPassage30-4.docx', '4', '2023-09-18 11:32:37', '2023-09-18 11:32:37'),
(45, 2, '3', '2', 'MarathiSpeedPassage30-5.docx', '5', '2023-09-18 11:32:37', '2023-09-18 11:32:37'),
(46, 2, '3', '2', 'MarathiSpeedPassage30-6.docx', '6', '2023-09-18 11:32:37', '2023-09-18 11:32:37'),
(47, 2, '3', '2', 'MarathiSpeedPassage30-7.docx', '7', '2023-09-18 11:32:37', '2023-09-18 11:32:37'),
(48, 2, '3', '2', 'MarathiSpeedPassage30-8.docx', '8', '2023-09-18 11:32:37', '2023-09-18 11:32:37'),
(49, 2, '3', '2', 'MarathiSpeedPassage30-9.docx', '9', '2023-09-18 11:32:37', '2023-09-18 11:32:37'),
(50, 2, '3', '2', 'MarathiSpeedPassage30-10.docx', '10', '2023-09-18 11:32:38', '2023-09-18 11:32:38'),
(51, 2, '3', '2', 'MarathiSpeedPassage30-11.docx', '11', '2023-09-18 11:32:38', '2023-09-18 11:32:38'),
(52, 2, '3', '2', 'MarathiSpeedPassage30-12.docx', '12', '2023-09-18 11:32:38', '2023-09-18 11:32:38'),
(53, 2, '3', '2', 'MarathiSpeedPassage30-13.docx', '13', '2023-09-18 11:32:38', '2023-09-18 11:32:38'),
(54, 2, '3', '2', 'MarathiSpeedPassage30-14.docx', '14', '2023-09-18 11:32:38', '2023-09-18 11:32:38'),
(55, 2, '3', '2', 'MarathiSpeedPassage30-15.docx', '15', '2023-09-18 11:32:38', '2023-09-18 11:32:38'),
(56, 2, '3', '2', 'MarathiSpeedPassage30-16.docx', '16', '2023-09-18 11:32:38', '2023-09-18 11:32:38'),
(57, 2, '3', '2', 'MarathiSpeedPassage30-17.docx', '17', '2023-09-18 11:32:38', '2023-09-18 11:32:38'),
(58, 2, '3', '2', 'MarathiSpeedPassage30-18.docx', '18', '2023-09-18 11:32:38', '2023-09-18 11:32:38'),
(59, 2, '3', '2', 'MarathiSpeedPassage30-19.docx', '19', '2023-09-18 11:32:38', '2023-09-18 11:32:38'),
(60, 2, '3', '2', 'MarathiSpeedPassage30-20.docx', '20', '2023-09-18 11:32:38', '2023-09-18 11:32:38'),
(61, 2, '4', '4', 'MarathiSpeedPassage40-1.docx', '1', '2023-09-18 11:33:36', '2023-09-18 11:33:36'),
(62, 2, '4', '4', 'MarathiSpeedPassage40-2.docx', '2', '2023-09-18 11:33:36', '2023-09-18 11:33:36'),
(63, 2, '4', '4', 'MarathiSpeedPassage40-3.docx', '3', '2023-09-18 11:33:36', '2023-09-18 11:33:36'),
(64, 2, '4', '4', 'MarathiSpeedPassage40-4.docx', '4', '2023-09-18 11:33:36', '2023-09-18 11:33:36'),
(65, 2, '4', '4', 'MarathiSpeedPassage40-5.docx', '5', '2023-09-18 11:33:36', '2023-09-18 11:33:36'),
(66, 2, '4', '4', 'MarathiSpeedPassage40-6.docx', '6', '2023-09-18 11:33:36', '2023-09-18 11:33:36'),
(67, 2, '4', '4', 'MarathiSpeedPassage40-7.docx', '7', '2023-09-18 11:33:36', '2023-09-18 11:33:36'),
(68, 2, '4', '4', 'MarathiSpeedPassage40-8.docx', '8', '2023-09-18 11:33:36', '2023-09-18 11:33:36'),
(69, 2, '4', '4', 'MarathiSpeedPassage40-9.docx', '9', '2023-09-18 11:33:36', '2023-09-18 11:33:36'),
(70, 2, '4', '4', 'MarathiSpeedPassage40-10.docx', '10', '2023-09-18 11:33:36', '2023-09-18 11:33:36'),
(71, 2, '4', '4', 'MarathiSpeedPassage40-11.docx', '11', '2023-09-18 11:33:36', '2023-09-18 11:33:36'),
(72, 2, '4', '4', 'MarathiSpeedPassage40-12.docx', '12', '2023-09-18 11:33:36', '2023-09-18 11:33:36'),
(73, 2, '4', '4', 'MarathiSpeedPassage40-13.docx', '13', '2023-09-18 11:33:36', '2023-09-18 11:33:36'),
(74, 2, '5', '17', 'HindiSpeedPassage30-1.docx', '1', '2023-09-18 11:35:12', '2023-09-18 11:35:12'),
(75, 2, '5', '17', 'HindiSpeedPassage30-2.docx', '2', '2023-09-18 11:35:12', '2023-09-18 11:35:12'),
(76, 2, '5', '17', 'HindiSpeedPassage30-3.docx', '3', '2023-09-18 11:35:12', '2023-09-18 11:35:12'),
(77, 2, '5', '17', 'HindiSpeedPassage30-4.docx', '4', '2023-09-18 11:35:12', '2023-09-18 11:35:12'),
(78, 2, '5', '17', 'HindiSpeedPassage30-5.docx', '5', '2023-09-18 11:35:12', '2023-09-18 11:35:12'),
(79, 2, '5', '17', 'HindiSpeedPassage30-6.docx', '6', '2023-09-18 11:35:12', '2023-09-18 11:35:12'),
(80, 2, '5', '17', 'HindiSpeedPassage30-7.docx', '7', '2023-09-18 11:35:12', '2023-09-18 11:35:12'),
(81, 2, '5', '17', 'HindiSpeedPassage30-8.docx', '8', '2023-09-18 11:35:12', '2023-09-18 11:35:12'),
(82, 2, '5', '17', 'HindiSpeedPassage30-9.docx', '9', '2023-09-18 11:35:12', '2023-09-18 11:35:12'),
(83, 2, '5', '17', 'HindiSpeedPassage30-10.docx', '10', '2023-09-18 11:35:12', '2023-09-18 11:35:12'),
(84, 2, '5', '17', 'HindiSpeedPassage30-11.docx', '11', '2023-09-18 11:35:12', '2023-09-18 11:35:12'),
(85, 2, '5', '17', 'HindiSpeedPassage30-12.docx', '12', '2023-09-18 11:35:12', '2023-09-18 11:35:12'),
(86, 2, '5', '17', 'HindiSpeedPassage30-13.docx', '13', '2023-09-18 11:35:12', '2023-09-18 11:35:12'),
(87, 2, '5', '17', 'HindiSpeedPassage30-14.docx', '14', '2023-09-18 11:35:12', '2023-09-18 11:35:12'),
(88, 2, '5', '17', 'HindiSpeedPassage30-15.docx', '15', '2023-09-18 11:35:12', '2023-09-18 11:35:12'),
(89, 2, '5', '17', 'HindiSpeedPassage30-16.docx', '16', '2023-09-18 11:35:12', '2023-09-18 11:35:12'),
(90, 2, '5', '17', 'HindiSpeedPassage30-17.docx', '17', '2023-09-18 11:35:12', '2023-09-18 11:35:12'),
(91, 2, '5', '17', 'HindiSpeedPassage30-18.docx', '18', '2023-09-18 11:35:12', '2023-09-18 11:35:12'),
(92, 2, '5', '17', 'HindiSpeedPassage30-19.docx', '19', '2023-09-18 11:35:12', '2023-09-18 11:35:12'),
(93, 2, '5', '17', 'HindiSpeedPassage30-20.docx', '20', '2023-09-18 11:35:12', '2023-09-18 11:35:12'),
(94, 2, '1', '5', 'EnglishSpeedLetter30-1.docx', '1', '2023-09-18 11:35:43', '2023-09-18 11:35:43'),
(95, 2, '1', '5', 'EnglishSpeedLetter30-2.docx', '2', '2023-09-18 11:35:43', '2023-09-18 11:35:43'),
(96, 2, '1', '5', 'EnglishSpeedLetter30-3.docx', '3', '2023-09-18 11:35:43', '2023-09-18 11:35:43'),
(97, 2, '1', '5', 'EnglishSpeedLetter30-4.docx', '4', '2023-09-18 11:35:43', '2023-09-18 11:35:43'),
(98, 2, '1', '5', 'EnglishSpeedLetter30-5.docx', '5', '2023-09-18 11:35:43', '2023-09-18 11:35:43'),
(99, 2, '1', '5', 'EnglishSpeedLetter30-6.docx', '6', '2023-09-18 11:35:43', '2023-09-18 11:35:43'),
(100, 2, '1', '5', 'EnglishSpeedLetter30-7.docx', '7', '2023-09-18 11:35:44', '2023-09-18 11:35:44'),
(101, 2, '1', '5', 'EnglishSpeedLetter30-8.docx', '8', '2023-09-18 11:35:44', '2023-09-18 11:35:44'),
(102, 2, '1', '5', 'EnglishSpeedLetter30-9.docx', '9', '2023-09-18 11:35:44', '2023-09-18 11:35:44'),
(103, 2, '1', '5', 'EnglishSpeedLetter30-10.docx', '10', '2023-09-18 11:35:44', '2023-09-18 11:35:44'),
(104, 2, '1', '5', 'EnglishSpeedLetter30-11.docx', '11', '2023-09-18 11:35:44', '2023-09-18 11:35:44'),
(105, 2, '1', '5', 'EnglishSpeedLetter30-12.docx', '12', '2023-09-18 11:35:44', '2023-09-18 11:35:44'),
(106, 2, '1', '5', 'EnglishSpeedLetter30-13.docx', '13', '2023-09-18 11:35:44', '2023-09-18 11:35:44'),
(107, 2, '1', '5', 'EnglishSpeedLetter30-14.docx', '14', '2023-09-18 11:35:44', '2023-09-18 11:35:44'),
(108, 2, '1', '5', 'EnglishSpeedLetter30-15.docx', '15', '2023-09-18 11:35:44', '2023-09-18 11:35:44'),
(109, 2, '1', '5', 'EnglishSpeedLetter30-16.docx', '16', '2023-09-18 11:35:44', '2023-09-18 11:35:44'),
(110, 2, '1', '5', 'EnglishSpeedLetter30-17.docx', '17', '2023-09-18 11:35:44', '2023-09-18 11:35:44'),
(111, 2, '1', '5', 'EnglishSpeedLetter30-18.docx', '18', '2023-09-18 11:35:44', '2023-09-18 11:35:44'),
(112, 2, '1', '5', 'EnglishSpeedLetter30-19.docx', '19', '2023-09-18 11:35:44', '2023-09-18 11:35:44'),
(113, 2, '1', '5', 'EnglishSpeedLetter30-20.docx', '20', '2023-09-18 11:35:44', '2023-09-18 11:35:44'),
(114, 2, '2', '6', 'EnglishSpeedLetter40-1.docx', '1', '2023-09-18 11:36:25', '2023-09-18 11:36:25'),
(115, 2, '2', '6', 'EnglishSpeedLetter40-2.docx', '2', '2023-09-18 11:36:25', '2023-09-18 11:36:25'),
(116, 2, '2', '6', 'EnglishSpeedLetter40-3.docx', '3', '2023-09-18 11:36:25', '2023-09-18 11:36:25'),
(117, 2, '2', '6', 'EnglishSpeedLetter40-4.docx', '4', '2023-09-18 11:36:25', '2023-09-18 11:36:25'),
(118, 2, '2', '6', 'EnglishSpeedLetter40-5.docx', '5', '2023-09-18 11:36:25', '2023-09-18 11:36:25'),
(119, 2, '2', '6', 'EnglishSpeedLetter40-6.docx', '6', '2023-09-18 11:36:25', '2023-09-18 11:36:25'),
(120, 2, '2', '6', 'EnglishSpeedLetter40-7.docx', '7', '2023-09-18 11:36:25', '2023-09-18 11:36:25'),
(121, 2, '2', '6', 'EnglishSpeedLetter40-8.docx', '8', '2023-09-18 11:36:25', '2023-09-18 11:36:25'),
(122, 2, '2', '6', 'EnglishSpeedLetter40-9.docx', '9', '2023-09-18 11:36:25', '2023-09-18 11:36:25'),
(123, 2, '2', '6', 'EnglishSpeedLetter40-10.docx', '10', '2023-09-18 11:36:25', '2023-09-18 11:36:25'),
(124, 2, '2', '6', 'EnglishSpeedLetter40-11.docx', '11', '2023-09-18 11:36:25', '2023-09-18 11:36:25'),
(125, 2, '2', '6', 'EnglishSpeedLetter40-12.docx', '12', '2023-09-18 11:36:25', '2023-09-18 11:36:25'),
(126, 2, '3', '12', 'MarathiSpeedLetter30-1.docx', '1', '2023-09-18 11:37:04', '2023-09-18 11:37:04'),
(127, 2, '3', '12', 'MarathiSpeedLetter30-2.docx', '2', '2023-09-18 11:37:04', '2023-09-18 11:37:04'),
(128, 2, '3', '12', 'MarathiSpeedLetter30-3.docx', '3', '2023-09-18 11:37:04', '2023-09-18 11:37:04'),
(129, 2, '3', '12', 'MarathiSpeedLetter30-4.docx', '4', '2023-09-18 11:37:04', '2023-09-18 11:37:04'),
(130, 2, '3', '12', 'MarathiSpeedLetter30-5.docx', '5', '2023-09-18 11:37:04', '2023-09-18 11:37:04'),
(131, 2, '3', '12', 'MarathiSpeedLetter30-6.docx', '6', '2023-09-18 11:37:04', '2023-09-18 11:37:04'),
(132, 2, '3', '12', 'MarathiSpeedLetter30-7.docx', '7', '2023-09-18 11:37:04', '2023-09-18 11:37:04'),
(133, 2, '3', '12', 'MarathiSpeedLetter30-8.docx', '8', '2023-09-18 11:37:04', '2023-09-18 11:37:04'),
(134, 2, '3', '12', 'MarathiSpeedLetter30-9.docx', '9', '2023-09-18 11:37:04', '2023-09-18 11:37:04'),
(135, 2, '3', '12', 'MarathiSpeedLetter30-10.docx', '10', '2023-09-18 11:37:04', '2023-09-18 11:37:04'),
(136, 2, '3', '12', 'MarathiSpeedLetter30-11.docx', '11', '2023-09-18 11:37:04', '2023-09-18 11:37:04'),
(137, 2, '3', '12', 'MarathiSpeedLetter30-12.docx', '12', '2023-09-18 11:37:04', '2023-09-18 11:37:04'),
(138, 2, '3', '12', 'MarathiSpeedLetter30-13.docx', '13', '2023-09-18 11:37:04', '2023-09-18 11:37:04'),
(139, 2, '3', '12', 'MarathiSpeedLetter30-14.docx', '14', '2023-09-18 11:37:04', '2023-09-18 11:37:04'),
(140, 2, '3', '12', 'MarathiSpeedLetter30-15.docx', '15', '2023-09-18 11:37:05', '2023-09-18 11:37:05'),
(141, 2, '3', '12', 'MarathiSpeedLetter30-16.docx', '16', '2023-09-18 11:37:05', '2023-09-18 11:37:05'),
(142, 2, '3', '12', 'MarathiSpeedLetter30-17.docx', '17', '2023-09-18 11:37:05', '2023-09-18 11:37:05'),
(143, 2, '3', '12', 'MarathiSpeedLetter30-18.docx', '18', '2023-09-18 11:37:05', '2023-09-18 11:37:05'),
(144, 2, '3', '12', 'MarathiSpeedLetter30-19.docx', '19', '2023-09-18 11:37:05', '2023-09-18 11:37:05'),
(145, 2, '3', '12', 'MarathiSpeedLetter30-20.docx', '20', '2023-09-18 11:37:05', '2023-09-18 11:37:05'),
(146, 2, '4', '13', 'MarathiSpeedLetter40-1.docx', '1', '2023-09-18 11:37:48', '2023-09-18 11:37:48'),
(147, 2, '4', '13', 'MarathiSpeedLetter40-2.docx', '2', '2023-09-18 11:37:48', '2023-09-18 11:37:48'),
(148, 2, '4', '13', 'MarathiSpeedLetter40-3.docx', '3', '2023-09-18 11:37:48', '2023-09-18 11:37:48'),
(149, 2, '4', '13', 'MarathiSpeedLetter40-4.docx', '4', '2023-09-18 11:37:48', '2023-09-18 11:37:48'),
(150, 2, '4', '13', 'MarathiSpeedLetter40-5.docx', '5', '2023-09-18 11:37:48', '2023-09-18 11:37:48'),
(151, 2, '4', '13', 'MarathiSpeedLetter40-6.docx', '6', '2023-09-18 11:37:48', '2023-09-18 11:37:48'),
(152, 2, '1', '7', 'EnglishSpeedStatement30-1.xlsx', '1', '2023-09-18 11:40:20', '2023-09-18 11:40:20'),
(153, 2, '1', '7', 'EnglishSpeedStatement30-2.xlsx', '2', '2023-09-18 11:40:20', '2023-09-18 11:40:20'),
(154, 2, '1', '7', 'EnglishSpeedStatement30-3.xlsx', '3', '2023-09-18 11:40:20', '2023-09-18 11:40:20'),
(155, 2, '1', '7', 'EnglishSpeedStatement30-4.xlsx', '4', '2023-09-18 11:40:20', '2023-09-18 11:40:20'),
(156, 2, '1', '7', 'EnglishSpeedStatement30-5.xlsx', '5', '2023-09-18 11:40:20', '2023-09-18 11:40:20'),
(157, 2, '1', '7', 'EnglishSpeedStatement30-6.xlsx', '6', '2023-09-18 11:40:20', '2023-09-18 11:40:20'),
(158, 2, '1', '7', 'EnglishSpeedStatement30-7.xlsx', '7', '2023-09-18 11:40:20', '2023-09-18 11:40:20'),
(159, 2, '1', '7', 'EnglishSpeedStatement30-8.xlsx', '8', '2023-09-18 11:40:20', '2023-09-18 11:40:20'),
(160, 2, '1', '7', 'EnglishSpeedStatement30-9.xlsx', '9', '2023-09-18 11:40:20', '2023-09-18 11:40:20'),
(161, 2, '1', '7', 'EnglishSpeedStatement30-10.xlsx', '10', '2023-09-18 11:40:20', '2023-09-18 11:40:20'),
(162, 2, '1', '7', 'EnglishSpeedStatement30-11.xlsx', '11', '2023-09-18 11:40:20', '2023-09-18 11:40:20'),
(163, 2, '1', '7', 'EnglishSpeedStatement30-12.xlsx', '12', '2023-09-18 11:40:21', '2023-09-18 11:40:21'),
(164, 2, '1', '7', 'EnglishSpeedStatement30-13.xlsx', '13', '2023-09-18 11:40:21', '2023-09-18 11:40:21'),
(165, 2, '1', '7', 'EnglishSpeedStatement30-14.xlsx', '14', '2023-09-18 11:40:21', '2023-09-18 11:40:21'),
(166, 2, '1', '7', 'EnglishSpeedStatement30-15.xlsx', '15', '2023-09-18 11:40:21', '2023-09-18 11:40:21'),
(167, 2, '1', '7', 'EnglishSpeedStatement30-16.xlsx', '16', '2023-09-18 11:40:21', '2023-09-18 11:40:21'),
(168, 2, '1', '7', 'EnglishSpeedStatement30-17.xlsx', '17', '2023-09-18 11:40:21', '2023-09-18 11:40:21'),
(169, 2, '1', '7', 'EnglishSpeedStatement30-18.xlsx', '18', '2023-09-18 11:40:21', '2023-09-18 11:40:21'),
(170, 2, '1', '7', 'EnglishSpeedStatement30-19.xlsx', '19', '2023-09-18 11:40:21', '2023-09-18 11:40:21'),
(171, 2, '1', '7', 'EnglishSpeedStatement30-20.xlsx', '20', '2023-09-18 11:40:21', '2023-09-18 11:40:21'),
(172, 2, '2', '9', 'EnglishSpeedStatement40-1.xlsx', '1', '2023-09-18 11:41:30', '2023-09-18 11:41:30'),
(173, 2, '2', '9', 'EnglishSpeedStatement40-2.xlsx', '2', '2023-09-18 11:41:30', '2023-09-18 11:41:30'),
(174, 2, '2', '9', 'EnglishSpeedStatement40-3.xlsx', '3', '2023-09-18 11:41:30', '2023-09-18 11:41:30'),
(175, 2, '2', '9', 'EnglishSpeedStatement40-4.xlsx', '4', '2023-09-18 11:41:30', '2023-09-18 11:41:30'),
(176, 2, '2', '9', 'EnglishSpeedStatement40-5.xlsx', '5', '2023-09-18 11:41:30', '2023-09-18 11:41:30'),
(177, 2, '2', '9', 'EnglishSpeedStatement40-6.xlsx', '6', '2023-09-18 11:41:30', '2023-09-18 11:41:30'),
(178, 2, '2', '9', 'EnglishSpeedStatement40-7.xlsx', '7', '2023-09-18 11:41:30', '2023-09-18 11:41:30'),
(179, 2, '2', '9', 'EnglishSpeedStatement40-8.xlsx', '8', '2023-09-18 11:41:30', '2023-09-18 11:41:30'),
(180, 2, '2', '9', 'EnglishSpeedStatement40-9.xlsx', '9', '2023-09-18 11:41:30', '2023-09-18 11:41:30'),
(181, 2, '2', '9', 'EnglishSpeedStatement40-10.xlsx', '10', '2023-09-18 11:41:30', '2023-09-18 11:41:30'),
(182, 2, '2', '9', 'EnglishSpeedStatement40-11.xlsx', '11', '2023-09-18 11:41:30', '2023-09-18 11:41:30'),
(183, 2, '3', '14', 'MarathiSpeedStatement30-1.xlsx', '1', '2023-09-18 11:43:24', '2023-09-18 11:43:24'),
(184, 2, '3', '14', 'MarathiSpeedStatement30-2.xlsx', '2', '2023-09-18 11:43:24', '2023-09-18 11:43:24'),
(185, 2, '3', '14', 'MarathiSpeedStatement30-3.xlsx', '3', '2023-09-18 11:43:24', '2023-09-18 11:43:24'),
(186, 2, '3', '14', 'MarathiSpeedStatement30-4.xlsx', '4', '2023-09-18 11:43:24', '2023-09-18 11:43:24'),
(187, 2, '3', '14', 'MarathiSpeedStatement30-5.xlsx', '5', '2023-09-18 11:43:24', '2023-09-18 11:43:24'),
(188, 2, '3', '14', 'MarathiSpeedStatement30-6.xlsx', '6', '2023-09-18 11:43:24', '2023-09-18 11:43:24'),
(189, 2, '3', '14', 'MarathiSpeedStatement30-7.xlsx', '7', '2023-09-18 11:43:25', '2023-09-18 11:43:25'),
(190, 2, '3', '14', 'MarathiSpeedStatement30-8.xlsx', '8', '2023-09-18 11:43:25', '2023-09-18 11:43:25'),
(191, 2, '3', '14', 'MarathiSpeedStatement30-9.xlsx', '9', '2023-09-18 11:43:25', '2023-09-18 11:43:25'),
(192, 2, '3', '14', 'MarathiSpeedStatement30-10.xlsx', '10', '2023-09-18 11:43:25', '2023-09-18 11:43:25'),
(193, 2, '3', '14', 'MarathiSpeedStatement30-11.xlsx', '11', '2023-09-18 11:43:25', '2023-09-18 11:43:25'),
(194, 2, '3', '14', 'MarathiSpeedStatement30-12.xlsx', '12', '2023-09-18 11:43:25', '2023-09-18 11:43:25'),
(195, 2, '3', '14', 'MarathiSpeedStatement30-13.xlsx', '13', '2023-09-18 11:43:25', '2023-09-18 11:43:25'),
(196, 2, '3', '14', 'MarathiSpeedStatement30-14.xlsx', '14', '2023-09-18 11:43:25', '2023-09-18 11:43:25'),
(197, 2, '3', '14', 'MarathiSpeedStatement30-15.xlsx', '15', '2023-09-18 11:43:25', '2023-09-18 11:43:25'),
(198, 2, '3', '14', 'MarathiSpeedStatement30-16.xlsx', '16', '2023-09-18 11:43:25', '2023-09-18 11:43:25'),
(199, 2, '3', '14', 'MarathiSpeedStatement30-17.xlsx', '17', '2023-09-18 11:43:25', '2023-09-18 11:43:25'),
(200, 2, '3', '14', 'MarathiSpeedStatement30-18.xlsx', '18', '2023-09-18 11:43:25', '2023-09-18 11:43:25'),
(201, 2, '3', '14', 'MarathiSpeedStatement30-19.xlsx', '19', '2023-09-18 11:43:25', '2023-09-18 11:43:25'),
(202, 2, '3', '14', 'MarathiSpeedStatement30-20.xlsx', '20', '2023-09-18 11:43:25', '2023-09-18 11:43:25'),
(203, 2, '4', '8', 'MarathiSpeedStatement40-1.xlsx', '1', '2023-09-18 11:43:51', '2023-09-18 11:43:51'),
(204, 2, '4', '8', 'MarathiSpeedStatement40-2.xlsx', '2', '2023-09-18 11:43:51', '2023-09-18 11:43:51'),
(205, 2, '4', '8', 'MarathiSpeedStatement40-3.xlsx', '3', '2023-09-18 11:43:51', '2023-09-18 11:43:51'),
(206, 2, '4', '8', 'MarathiSpeedStatement40-4.xlsx', '4', '2023-09-18 11:43:51', '2023-09-18 11:43:51'),
(207, 2, '4', '8', 'MarathiSpeedStatement40-5.xlsx', '5', '2023-09-18 11:43:51', '2023-09-18 11:43:51'),
(208, 2, '4', '8', 'MarathiSpeedStatement40-6.xlsx', '6', '2023-09-18 11:43:51', '2023-09-18 11:43:51'),
(209, 2, '4', '8', 'MarathiSpeedStatement40-7.xlsx', '7', '2023-09-18 11:43:51', '2023-09-18 11:43:51'),
(210, 2, '4', '8', 'MarathiSpeedStatement40-8.xlsx', '8', '2023-09-18 11:43:51', '2023-09-18 11:43:51'),
(211, 2, '4', '8', 'MarathiSpeedStatement40-9.xlsx', '9', '2023-09-18 11:43:51', '2023-09-18 11:43:51'),
(212, 2, '4', '8', 'MarathiSpeedStatement40-10.xlsx', '10', '2023-09-18 11:43:51', '2023-09-18 11:43:51'),
(213, 2, '1', '10', 'EnglishSpeedEmail30-1.xls', '1', '2023-09-18 11:44:16', '2023-09-18 11:44:16'),
(214, 2, '1', '10', 'EnglishSpeedEmail30-2.xls', '2', '2023-09-18 11:44:16', '2023-09-18 11:44:16'),
(215, 2, '1', '10', 'EnglishSpeedEmail30-3.xls', '3', '2023-09-18 11:44:16', '2023-09-18 11:44:16'),
(216, 2, '2', '11', 'EnglishSpeedEmail40-1.xls', '1', '2023-09-18 11:44:35', '2023-09-18 11:44:35'),
(217, 2, '3', '15', 'MarathiSpeedEmail30-1.xls', '1', '2023-09-18 11:46:09', '2023-09-18 11:46:09'),
(218, 2, '4', '16', 'MarathiSpeedEmail40-1.xls', '1', '2023-09-18 11:46:33', '2023-09-18 11:46:33');

-- --------------------------------------------------------

--
-- Table structure for table `typing_exams`
--

CREATE TABLE `typing_exams` (
  `id` bigint(20) UNSIGNED NOT NULL,
  `institute_id` bigint(20) NOT NULL,
  `subject_id` varchar(255) NOT NULL,
  `batch_name` varchar(255) NOT NULL,
  `exam_name` varchar(255) NOT NULL,
  `practise_type` text NOT NULL,
  `exam_time` bigint(20) NOT NULL,
  `exam_mark` bigint(20) NOT NULL,
  `typingdata` text NOT NULL,
  `key` varchar(255) NOT NULL,
  `deleted_at` timestamp NULL DEFAULT NULL,
  `created_at` timestamp NULL DEFAULT NULL,
  `updated_at` timestamp NULL DEFAULT NULL
) ENGINE=InnoDB DEFAULT CHARSET=utf8mb4 COLLATE=utf8mb4_unicode_ci;

--
-- Dumping data for table `typing_exams`
--

INSERT INTO `typing_exams` (`id`, `institute_id`, `subject_id`, `batch_name`, `exam_name`, `practise_type`, `exam_time`, `exam_mark`, `typingdata`, `key`, `deleted_at`, `created_at`, `updated_at`) VALUES
(1, 2, '1', '1', '1', '2', 8, 8, 'EnglishSpeedPassage30-4.docx', '4', '2022-02-12 13:11:35', '2022-02-04 12:33:21', '2022-02-12 13:11:35'),
(2, 2, '1', '1', '1', '2', 8, 8, 'EnglishSpeedPassage30-5.docx', '5', '2022-02-12 13:11:33', '2022-02-04 12:33:21', '2022-02-12 13:11:33'),
(3, 2, '1', '1', '1', '2', 8, 8, 'EnglishSpeedPassage30-6.docx', '6', '2022-02-12 13:11:29', '2022-02-04 12:33:21', '2022-02-12 13:11:29'),
(4, 2, '1', '11', '3', '2', 8, 8, 'EnglishSpeedPassage30-4.docx', '4', '2022-02-12 13:11:27', '2022-02-04 12:35:12', '2022-02-12 13:11:27'),
(5, 2, '1', '11', '3', '2', 8, 8, 'EnglishSpeedPassage30-5.docx', '5', '2022-02-12 13:11:24', '2022-02-04 12:35:13', '2022-02-12 13:11:24'),
(6, 2, '1', '11', '3', '2', 8, 8, 'EnglishSpeedPassage30-6.docx', '6', '2022-02-12 13:11:22', '2022-02-04 12:35:13', '2022-02-12 13:11:22'),
(7, 2, '1', '1', '1', '2', 7, 20, 'EnglishSpeedPassage30-4.docx', '4', NULL, '2022-02-12 13:12:50', '2022-02-12 13:12:50'),
(8, 2, '1', '1', '1', '2', 7, 20, 'EnglishSpeedPassage30-5.docx', '5', NULL, '2022-02-12 13:12:50', '2022-02-12 13:12:50'),
(9, 2, '1', '1', '1', '2', 7, 20, 'EnglishSpeedPassage30-6.docx', '6', NULL, '2022-02-12 13:12:50', '2022-02-12 13:12:50'),
(10, 2, '1', '1', '1', '2', 7, 20, 'EnglishSpeedPassage30-7.docx', '7', NULL, '2022-02-12 13:12:50', '2022-02-12 13:12:50'),
(11, 2, '1', '1', '1', '2', 7, 20, 'EnglishSpeedPassage30-8.docx', '8', NULL, '2022-02-12 13:12:50', '2022-02-12 13:12:50'),
(12, 2, '1', '1', '1', '4', 30, 15, 'EnglishSpeedLetter30-27.docx', '27', NULL, '2022-02-12 13:13:20', '2022-02-12 13:13:20'),
(13, 2, '1', '1', '1', '4', 30, 15, 'EnglishSpeedLetter30-28.docx', '28', NULL, '2022-02-12 13:13:20', '2022-02-12 13:13:20'),
(14, 2, '1', '1', '1', '4', 30, 15, 'EnglishSpeedLetter30-29.docx', '29', NULL, '2022-02-12 13:13:20', '2022-02-12 13:13:20'),
(15, 2, '1', '1', '1', '4', 30, 15, 'EnglishSpeedLetter30-30.docx', '30', NULL, '2022-02-12 13:13:20', '2022-02-12 13:13:20'),
(16, 2, '1', '1', '1', '4', 30, 15, 'EnglishSpeedLetter30-31.docx', '31', NULL, '2022-02-12 13:13:20', '2022-02-12 13:13:20'),
(17, 2, '1', '1', '1', '4', 30, 15, 'EnglishSpeedLetter30-32.docx', '32', NULL, '2022-02-12 13:13:20', '2022-02-12 13:13:20'),
(18, 2, '1', '1', '1', '8', 8, 5, 'EnglishSpeedEmail30-2.xls', '2', NULL, '2022-02-12 13:13:53', '2022-02-12 13:13:53'),
(19, 2, '1', '1', '1', '6', 20, 10, 'EnglishSpeedStatement30-8.xlsx', '8', NULL, '2022-02-12 13:14:31', '2022-02-12 13:14:31'),
(20, 2, '1', '1', '1', '6', 20, 10, 'EnglishSpeedStatement30-9.xlsx', '9', NULL, '2022-02-12 13:14:31', '2022-02-12 13:14:31'),
(21, 2, '1', '1', '1', '6', 20, 10, 'EnglishSpeedStatement30-10.xlsx', '10', NULL, '2022-02-12 13:14:31', '2022-02-12 13:14:31'),
(22, 2, '1', '1', '1', '6', 20, 10, 'EnglishSpeedStatement30-11.xlsx', '11', NULL, '2022-02-12 13:14:31', '2022-02-12 13:14:31'),
(23, 2, '1', '1', '1', '6', 20, 10, 'EnglishSpeedStatement30-12.xlsx', '12', NULL, '2022-02-12 13:14:31', '2022-02-12 13:14:31');

-- --------------------------------------------------------

--
-- Table structure for table `typing_practises`
--

CREATE TABLE `typing_practises` (
  `id` bigint(20) UNSIGNED NOT NULL,
  `institute_id` bigint(20) NOT NULL,
  `subject_id` varchar(255) NOT NULL,
  `practise_type` text NOT NULL,
  `typingdata` text NOT NULL,
  `key` varchar(255) NOT NULL,
  `created_at` timestamp NULL DEFAULT NULL,
  `updated_at` timestamp NULL DEFAULT NULL
) ENGINE=InnoDB DEFAULT CHARSET=utf8mb4 COLLATE=utf8mb4_unicode_ci;

--
-- Dumping data for table `typing_practises`
--

INSERT INTO `typing_practises` (`id`, `institute_id`, `subject_id`, `practise_type`, `typingdata`, `key`, `created_at`, `updated_at`) VALUES
(2, 2, '1', '1', 'EnglishSpeedPassage30-1.bin', '1', '2023-09-18 07:29:28', '2023-09-18 07:29:28'),
(3, 2, '1', '1', 'EnglishSpeedPassage30-2.docx', '2', '2023-09-18 07:36:58', '2023-09-18 07:36:58'),
(4, 2, '1', '1', 'EnglishSpeedPassage30-3.docx', '3', '2023-09-18 07:38:42', '2023-09-18 07:38:42'),
(5, 2, '1', '1', 'EnglishSpeedPassage30-4.doc', '4', '2023-09-18 07:38:42', '2023-09-18 07:38:42'),
(6, 2, '1', '1', 'EnglishSpeedPassage30-5.docx', '5', '2023-09-18 07:38:42', '2023-09-18 07:38:42'),
(7, 2, '1', '1', 'EnglishSpeedPassage30-6.docx', '6', '2023-09-18 07:38:42', '2023-09-18 07:38:42'),
(8, 2, '1', '1', 'EnglishSpeedPassage30-7.docx', '7', '2023-09-18 07:38:42', '2023-09-18 07:38:42'),
(9, 2, '1', '1', 'EnglishSpeedPassage30-8.docx', '8', '2023-09-18 07:38:42', '2023-09-18 07:38:42'),
(10, 2, '1', '1', 'EnglishSpeedPassage30-9.doc', '9', '2023-09-18 07:38:42', '2023-09-18 07:38:42'),
(11, 2, '1', '1', 'EnglishSpeedPassage30-10.docx', '10', '2023-09-18 07:38:42', '2023-09-18 07:38:42'),
(12, 2, '1', '1', 'EnglishSpeedPassage30-11.docx', '11', '2023-09-18 07:38:42', '2023-09-18 07:38:42'),
(13, 2, '1', '1', 'EnglishSpeedPassage30-12.docx', '12', '2023-09-18 07:38:42', '2023-09-18 07:38:42'),
(14, 2, '1', '1', 'EnglishSpeedPassage30-13.docx', '13', '2023-09-18 07:38:42', '2023-09-18 07:38:42'),
(15, 2, '1', '1', 'EnglishSpeedPassage30-14.docx', '14', '2023-09-18 07:38:42', '2023-09-18 07:38:42'),
(16, 2, '1', '1', 'EnglishSpeedPassage30-15.docx', '15', '2023-09-18 07:38:42', '2023-09-18 07:38:42'),
(17, 2, '1', '1', 'EnglishSpeedPassage30-16.docx', '16', '2023-09-18 07:38:42', '2023-09-18 07:38:42'),
(18, 2, '1', '1', 'EnglishSpeedPassage30-17.docx', '17', '2023-09-18 07:38:42', '2023-09-18 07:38:42'),
(19, 2, '1', '1', 'EnglishSpeedPassage30-18.docx', '18', '2023-09-18 07:38:42', '2023-09-18 07:38:42'),
(20, 2, '1', '1', 'EnglishSpeedPassage30-19.docx', '19', '2023-09-18 07:38:42', '2023-09-18 07:38:42'),
(21, 2, '1', '1', 'EnglishSpeedPassage30-20.docx', '20', '2023-09-18 07:38:42', '2023-09-18 07:38:42'),
(22, 2, '1', '1', 'EnglishSpeedPassage30-21.docx', '21', '2023-09-18 07:38:42', '2023-09-18 07:38:42'),
(23, 2, '1', '1', 'EnglishSpeedPassage30-22.docx', '22', '2023-09-18 07:38:42', '2023-09-18 07:38:42'),
(24, 2, '3', '2', 'MarathiSpeedPassage30-1.docx', '1', '2023-09-18 07:40:19', '2023-09-18 07:40:19'),
(25, 2, '2', '3', 'EnglishSpeedPassage40-1.docx', '1', '2023-09-18 07:53:02', '2023-09-18 07:53:02'),
(26, 2, '1', '1', 'EnglishSpeedPassage30-23.docx', '23', '2023-09-18 07:55:09', '2023-09-18 07:55:09'),
(27, 2, '3', '2', 'MarathiSpeedPassage30-2.docx', '2', '2023-09-18 08:23:58', '2023-09-18 08:23:58'),
(28, 2, '3', '2', 'MarathiSpeedPassage30-3.docx', '3', '2023-09-18 08:23:58', '2023-09-18 08:23:58'),
(29, 2, '3', '2', 'MarathiSpeedPassage30-4.docx', '4', '2023-09-18 08:23:58', '2023-09-18 08:23:58'),
(30, 2, '3', '2', 'MarathiSpeedPassage30-5.docx', '5', '2023-09-18 08:23:58', '2023-09-18 08:23:58'),
(31, 2, '3', '2', 'MarathiSpeedPassage30-6.docx', '6', '2023-09-18 08:23:58', '2023-09-18 08:23:58'),
(32, 2, '3', '2', 'MarathiSpeedPassage30-7.docx', '7', '2023-09-18 08:23:58', '2023-09-18 08:23:58'),
(33, 2, '3', '2', 'MarathiSpeedPassage30-8.docx', '8', '2023-09-18 08:23:58', '2023-09-18 08:23:58'),
(34, 2, '3', '2', 'MarathiSpeedPassage30-9.docx', '9', '2023-09-18 08:23:58', '2023-09-18 08:23:58'),
(35, 2, '3', '2', 'MarathiSpeedPassage30-10.docx', '10', '2023-09-18 08:23:58', '2023-09-18 08:23:58'),
(36, 2, '3', '2', 'MarathiSpeedPassage30-11.docx', '11', '2023-09-18 08:23:58', '2023-09-18 08:23:58'),
(37, 2, '3', '2', 'MarathiSpeedPassage30-12.docx', '12', '2023-09-18 08:23:58', '2023-09-18 08:23:58'),
(38, 2, '3', '2', 'MarathiSpeedPassage30-13.docx', '13', '2023-09-18 08:23:58', '2023-09-18 08:23:58'),
(39, 2, '3', '2', 'MarathiSpeedPassage30-14.docx', '14', '2023-09-18 08:23:58', '2023-09-18 08:23:58'),
(40, 2, '3', '2', 'MarathiSpeedPassage30-15.docx', '15', '2023-09-18 08:23:58', '2023-09-18 08:23:58'),
(41, 2, '3', '2', 'MarathiSpeedPassage30-16.docx', '16', '2023-09-18 08:23:58', '2023-09-18 08:23:58'),
(42, 2, '3', '2', 'MarathiSpeedPassage30-17.docx', '17', '2023-09-18 08:23:58', '2023-09-18 08:23:58'),
(43, 2, '3', '2', 'MarathiSpeedPassage30-18.docx', '18', '2023-09-18 08:23:59', '2023-09-18 08:23:59'),
(44, 2, '3', '2', 'MarathiSpeedPassage30-19.docx', '19', '2023-09-18 08:23:59', '2023-09-18 08:23:59'),
(45, 2, '3', '2', 'MarathiSpeedPassage30-20.docx', '20', '2023-09-18 08:23:59', '2023-09-18 08:23:59'),
(46, 2, '3', '2', 'MarathiSpeedPassage30-21.docx', '21', '2023-09-18 08:23:59', '2023-09-18 08:23:59'),
(47, 2, '2', '3', 'EnglishSpeedPassage40-2.docx', '2', '2023-09-18 08:25:44', '2023-09-18 08:25:44'),
(48, 2, '2', '3', 'EnglishSpeedPassage40-3.docx', '3', '2023-09-18 08:25:44', '2023-09-18 08:25:44'),
(49, 2, '2', '3', 'EnglishSpeedPassage40-4.docx', '4', '2023-09-18 08:25:44', '2023-09-18 08:25:44'),
(50, 2, '2', '3', 'EnglishSpeedPassage40-5.docx', '5', '2023-09-18 08:25:44', '2023-09-18 08:25:44'),
(51, 2, '2', '3', 'EnglishSpeedPassage40-6.docx', '6', '2023-09-18 08:25:44', '2023-09-18 08:25:44'),
(52, 2, '2', '3', 'EnglishSpeedPassage40-7.docx', '7', '2023-09-18 08:25:44', '2023-09-18 08:25:44'),
(53, 2, '2', '3', 'EnglishSpeedPassage40-8.docx', '8', '2023-09-18 08:25:44', '2023-09-18 08:25:44'),
(54, 2, '2', '3', 'EnglishSpeedPassage40-9.docx', '9', '2023-09-18 08:25:44', '2023-09-18 08:25:44'),
(55, 2, '2', '3', 'EnglishSpeedPassage40-10.docx', '10', '2023-09-18 08:25:44', '2023-09-18 08:25:44'),
(56, 2, '2', '3', 'EnglishSpeedPassage40-11.docx', '11', '2023-09-18 08:25:44', '2023-09-18 08:25:44'),
(57, 2, '2', '3', 'EnglishSpeedPassage40-12.docx', '12', '2023-09-18 08:25:44', '2023-09-18 08:25:44'),
(58, 2, '2', '3', 'EnglishSpeedPassage40-13.docx', '13', '2023-09-18 08:25:44', '2023-09-18 08:25:44'),
(59, 2, '2', '3', 'EnglishSpeedPassage40-14.docx', '14', '2023-09-18 08:25:44', '2023-09-18 08:25:44'),
(60, 2, '2', '3', 'EnglishSpeedPassage40-15.docx', '15', '2023-09-18 08:25:44', '2023-09-18 08:25:44'),
(61, 2, '2', '3', 'EnglishSpeedPassage40-16.docx', '16', '2023-09-18 08:25:44', '2023-09-18 08:25:44'),
(62, 2, '2', '3', 'EnglishSpeedPassage40-17.docx', '17', '2023-09-18 08:25:44', '2023-09-18 08:25:44'),
(63, 2, '2', '3', 'EnglishSpeedPassage40-18.docx', '18', '2023-09-18 08:25:44', '2023-09-18 08:25:44'),
(64, 2, '2', '3', 'EnglishSpeedPassage40-19.docx', '19', '2023-09-18 08:25:44', '2023-09-18 08:25:44'),
(65, 2, '2', '3', 'EnglishSpeedPassage40-20.docx', '20', '2023-09-18 08:25:44', '2023-09-18 08:25:44'),
(66, 2, '2', '3', 'EnglishSpeedPassage40-21.docx', '21', '2023-09-18 08:25:44', '2023-09-18 08:25:44'),
(67, 2, '4', '4', 'MarathiSpeedPassage40-1.docx', '1', '2023-09-18 08:30:59', '2023-09-18 08:30:59'),
(68, 2, '4', '4', 'MarathiSpeedPassage40-2.docx', '2', '2023-09-18 08:30:59', '2023-09-18 08:30:59'),
(69, 2, '4', '4', 'MarathiSpeedPassage40-3.docx', '3', '2023-09-18 08:30:59', '2023-09-18 08:30:59'),
(70, 2, '4', '4', 'MarathiSpeedPassage40-4.docx', '4', '2023-09-18 08:30:59', '2023-09-18 08:30:59'),
(71, 2, '4', '4', 'MarathiSpeedPassage40-5.docx', '5', '2023-09-18 08:30:59', '2023-09-18 08:30:59'),
(72, 2, '4', '4', 'MarathiSpeedPassage40-6.docx', '6', '2023-09-18 08:30:59', '2023-09-18 08:30:59'),
(73, 2, '4', '4', 'MarathiSpeedPassage40-7.docx', '7', '2023-09-18 08:30:59', '2023-09-18 08:30:59'),
(74, 2, '4', '4', 'MarathiSpeedPassage40-8.docx', '8', '2023-09-18 08:30:59', '2023-09-18 08:30:59'),
(75, 2, '4', '4', 'MarathiSpeedPassage40-9.docx', '9', '2023-09-18 08:30:59', '2023-09-18 08:30:59'),
(76, 2, '4', '4', 'MarathiSpeedPassage40-10.docx', '10', '2023-09-18 08:30:59', '2023-09-18 08:30:59'),
(77, 2, '4', '4', 'MarathiSpeedPassage40-11.docx', '11', '2023-09-18 08:30:59', '2023-09-18 08:30:59'),
(78, 2, '4', '4', 'MarathiSpeedPassage40-12.docx', '12', '2023-09-18 08:30:59', '2023-09-18 08:30:59'),
(79, 2, '4', '4', 'MarathiSpeedPassage40-13.docx', '13', '2023-09-18 08:30:59', '2023-09-18 08:30:59'),
(80, 2, '4', '4', 'MarathiSpeedPassage40-14.docx', '14', '2023-09-18 08:30:59', '2023-09-18 08:30:59'),
(81, 2, '4', '4', 'MarathiSpeedPassage40-15.docx', '15', '2023-09-18 08:30:59', '2023-09-18 08:30:59'),
(82, 2, '4', '4', 'MarathiSpeedPassage40-16.docx', '16', '2023-09-18 08:30:59', '2023-09-18 08:30:59'),
(83, 2, '4', '4', 'MarathiSpeedPassage40-17.docx', '17', '2023-09-18 08:30:59', '2023-09-18 08:30:59'),
(84, 2, '4', '4', 'MarathiSpeedPassage40-18.docx', '18', '2023-09-18 08:30:59', '2023-09-18 08:30:59'),
(85, 2, '4', '4', 'MarathiSpeedPassage40-19.docx', '19', '2023-09-18 08:30:59', '2023-09-18 08:30:59'),
(86, 2, '4', '4', 'MarathiSpeedPassage40-20.docx', '20', '2023-09-18 08:30:59', '2023-09-18 08:30:59'),
(87, 2, '5', '17', 'HindiSpeedPassage30-1.docx', '1', '2023-09-18 09:22:02', '2023-09-18 09:22:02'),
(88, 2, '5', '17', 'HindiSpeedPassage30-2.docx', '2', '2023-09-18 09:22:02', '2023-09-18 09:22:02'),
(89, 2, '5', '17', 'HindiSpeedPassage30-3.docx', '3', '2023-09-18 09:22:02', '2023-09-18 09:22:02'),
(90, 2, '5', '17', 'HindiSpeedPassage30-4.docx', '4', '2023-09-18 09:22:02', '2023-09-18 09:22:02'),
(91, 2, '5', '17', 'HindiSpeedPassage30-5.docx', '5', '2023-09-18 09:22:02', '2023-09-18 09:22:02'),
(92, 2, '5', '17', 'HindiSpeedPassage30-6.docx', '6', '2023-09-18 09:22:02', '2023-09-18 09:22:02'),
(93, 2, '5', '17', 'HindiSpeedPassage30-7.docx', '7', '2023-09-18 09:22:02', '2023-09-18 09:22:02'),
(94, 2, '5', '17', 'HindiSpeedPassage30-8.docx', '8', '2023-09-18 09:22:02', '2023-09-18 09:22:02'),
(95, 2, '5', '17', 'HindiSpeedPassage30-9.docx', '9', '2023-09-18 09:22:02', '2023-09-18 09:22:02'),
(96, 2, '5', '17', 'HindiSpeedPassage30-10.docx', '10', '2023-09-18 09:22:02', '2023-09-18 09:22:02'),
(97, 2, '5', '17', 'HindiSpeedPassage30-11.docx', '11', '2023-09-18 09:22:02', '2023-09-18 09:22:02'),
(98, 2, '5', '17', 'HindiSpeedPassage30-12.docx', '12', '2023-09-18 09:22:02', '2023-09-18 09:22:02'),
(99, 2, '5', '17', 'HindiSpeedPassage30-13.docx', '13', '2023-09-18 09:22:02', '2023-09-18 09:22:02'),
(100, 2, '1', '5', 'EnglishSpeedLetter30-1.docx', '1', '2023-09-18 09:23:35', '2023-09-18 09:23:35'),
(101, 2, '1', '5', 'EnglishSpeedLetter30-2.docx', '2', '2023-09-18 09:23:35', '2023-09-18 09:23:35'),
(102, 2, '1', '5', 'EnglishSpeedLetter30-3.docx', '3', '2023-09-18 09:23:35', '2023-09-18 09:23:35'),
(103, 2, '1', '5', 'EnglishSpeedLetter30-4.docx', '4', '2023-09-18 09:23:35', '2023-09-18 09:23:35'),
(104, 2, '1', '5', 'EnglishSpeedLetter30-5.docx', '5', '2023-09-18 09:23:35', '2023-09-18 09:23:35'),
(105, 2, '1', '5', 'EnglishSpeedLetter30-6.docx', '6', '2023-09-18 09:23:35', '2023-09-18 09:23:35'),
(106, 2, '1', '5', 'EnglishSpeedLetter30-7.docx', '7', '2023-09-18 09:23:35', '2023-09-18 09:23:35'),
(107, 2, '1', '5', 'EnglishSpeedLetter30-8.docx', '8', '2023-09-18 09:23:36', '2023-09-18 09:23:36'),
(108, 2, '1', '5', 'EnglishSpeedLetter30-9.docx', '9', '2023-09-18 09:23:36', '2023-09-18 09:23:36'),
(109, 2, '1', '5', 'EnglishSpeedLetter30-10.docx', '10', '2023-09-18 09:23:36', '2023-09-18 09:23:36'),
(110, 2, '1', '5', 'EnglishSpeedLetter30-11.docx', '11', '2023-09-18 09:23:36', '2023-09-18 09:23:36'),
(111, 2, '1', '5', 'EnglishSpeedLetter30-12.docx', '12', '2023-09-18 09:23:36', '2023-09-18 09:23:36'),
(112, 2, '1', '5', 'EnglishSpeedLetter30-13.docx', '13', '2023-09-18 09:23:36', '2023-09-18 09:23:36'),
(113, 2, '1', '5', 'EnglishSpeedLetter30-14.docx', '14', '2023-09-18 09:23:36', '2023-09-18 09:23:36'),
(114, 2, '1', '5', 'EnglishSpeedLetter30-15.docx', '15', '2023-09-18 09:23:36', '2023-09-18 09:23:36'),
(115, 2, '1', '5', 'EnglishSpeedLetter30-16.docx', '16', '2023-09-18 09:23:36', '2023-09-18 09:23:36'),
(116, 2, '1', '5', 'EnglishSpeedLetter30-17.docx', '17', '2023-09-18 09:23:36', '2023-09-18 09:23:36'),
(117, 2, '1', '5', 'EnglishSpeedLetter30-18.docx', '18', '2023-09-18 09:23:36', '2023-09-18 09:23:36'),
(118, 2, '1', '5', 'EnglishSpeedLetter30-19.docx', '19', '2023-09-18 09:23:36', '2023-09-18 09:23:36'),
(119, 2, '1', '5', 'EnglishSpeedLetter30-20.docx', '20', '2023-09-18 09:23:36', '2023-09-18 09:23:36'),
(120, 2, '2', '6', 'EnglishSpeedLetter40-1.doc', '1', '2023-09-18 09:24:06', '2023-09-18 09:24:06'),
(121, 2, '2', '6', 'EnglishSpeedLetter40-2.docx', '2', '2023-09-18 09:24:06', '2023-09-18 09:24:06'),
(122, 2, '2', '6', 'EnglishSpeedLetter40-3.bin', '3', '2023-09-18 09:24:06', '2023-09-18 09:24:06'),
(123, 2, '2', '6', 'EnglishSpeedLetter40-4.docx', '4', '2023-09-18 09:24:06', '2023-09-18 09:24:06'),
(124, 2, '3', '12', 'MarathiSpeedLetter30-1.docx', '1', '2023-09-18 09:25:09', '2023-09-18 09:25:09'),
(125, 2, '3', '12', 'MarathiSpeedLetter30-2.docx', '2', '2023-09-18 09:25:09', '2023-09-18 09:25:09'),
(126, 2, '3', '12', 'MarathiSpeedLetter30-3.docx', '3', '2023-09-18 09:25:09', '2023-09-18 09:25:09'),
(127, 2, '3', '12', 'MarathiSpeedLetter30-4.docx', '4', '2023-09-18 09:25:09', '2023-09-18 09:25:09'),
(128, 2, '3', '12', 'MarathiSpeedLetter30-5.docx', '5', '2023-09-18 09:25:09', '2023-09-18 09:25:09'),
(129, 2, '3', '12', 'MarathiSpeedLetter30-6.docx', '6', '2023-09-18 09:25:09', '2023-09-18 09:25:09'),
(130, 2, '3', '12', 'MarathiSpeedLetter30-7.docx', '7', '2023-09-18 09:25:09', '2023-09-18 09:25:09'),
(131, 2, '3', '12', 'MarathiSpeedLetter30-8.docx', '8', '2023-09-18 09:25:09', '2023-09-18 09:25:09'),
(132, 2, '3', '12', 'MarathiSpeedLetter30-9.docx', '9', '2023-09-18 09:25:09', '2023-09-18 09:25:09'),
(133, 2, '3', '12', 'MarathiSpeedLetter30-10.docx', '10', '2023-09-18 09:25:09', '2023-09-18 09:25:09'),
(134, 2, '3', '12', 'MarathiSpeedLetter30-11.docx', '11', '2023-09-18 09:25:09', '2023-09-18 09:25:09'),
(135, 2, '3', '12', 'MarathiSpeedLetter30-12.docx', '12', '2023-09-18 09:25:09', '2023-09-18 09:25:09'),
(136, 2, '3', '12', 'MarathiSpeedLetter30-13.docx', '13', '2023-09-18 09:25:09', '2023-09-18 09:25:09'),
(137, 2, '3', '12', 'MarathiSpeedLetter30-14.docx', '14', '2023-09-18 09:25:09', '2023-09-18 09:25:09'),
(138, 2, '3', '12', 'MarathiSpeedLetter30-15.docx', '15', '2023-09-18 09:25:09', '2023-09-18 09:25:09'),
(139, 2, '3', '12', 'MarathiSpeedLetter30-16.docx', '16', '2023-09-18 09:25:09', '2023-09-18 09:25:09'),
(140, 2, '3', '12', 'MarathiSpeedLetter30-17.docx', '17', '2023-09-18 09:25:09', '2023-09-18 09:25:09'),
(141, 2, '3', '12', 'MarathiSpeedLetter30-18.docx', '18', '2023-09-18 09:25:09', '2023-09-18 09:25:09'),
(142, 2, '3', '12', 'MarathiSpeedLetter30-19.docx', '19', '2023-09-18 09:25:09', '2023-09-18 09:25:09'),
(143, 2, '3', '12', 'MarathiSpeedLetter30-20.docx', '20', '2023-09-18 09:25:10', '2023-09-18 09:25:10'),
(144, 2, '5', '18', 'HindiSpeedLetter30-1.docx', '1', '2023-09-18 09:25:54', '2023-09-18 09:25:54'),
(145, 2, '5', '18', 'HindiSpeedLetter30-2.docx', '2', '2023-09-18 09:25:54', '2023-09-18 09:25:54'),
(146, 2, '5', '18', 'HindiSpeedLetter30-3.docx', '3', '2023-09-18 09:25:54', '2023-09-18 09:25:54'),
(147, 2, '5', '18', 'HindiSpeedLetter30-4.docx', '4', '2023-09-18 09:25:54', '2023-09-18 09:25:54'),
(148, 2, '5', '18', 'HindiSpeedLetter30-5.docx', '5', '2023-09-18 09:25:54', '2023-09-18 09:25:54'),
(149, 2, '5', '18', 'HindiSpeedLetter30-6.docx', '6', '2023-09-18 09:25:54', '2023-09-18 09:25:54'),
(150, 2, '5', '18', 'HindiSpeedLetter30-7.docx', '7', '2023-09-18 09:25:54', '2023-09-18 09:25:54'),
(151, 2, '1', '7', 'EnglishSpeedStatement30-1.xlsx', '1', '2023-09-18 09:30:23', '2023-09-18 09:30:23'),
(152, 2, '1', '7', 'EnglishSpeedStatement30-2.xlsx', '2', '2023-09-18 09:30:23', '2023-09-18 09:30:23'),
(153, 2, '1', '7', 'EnglishSpeedStatement30-3.xlsx', '3', '2023-09-18 09:30:24', '2023-09-18 09:30:24'),
(154, 2, '1', '7', 'EnglishSpeedStatement30-4.xlsx', '4', '2023-09-18 09:30:24', '2023-09-18 09:30:24'),
(155, 2, '1', '7', 'EnglishSpeedStatement30-5.xlsx', '5', '2023-09-18 09:30:24', '2023-09-18 09:30:24'),
(156, 2, '1', '7', 'EnglishSpeedStatement30-6.xlsx', '6', '2023-09-18 09:30:24', '2023-09-18 09:30:24'),
(157, 2, '1', '7', 'EnglishSpeedStatement30-7.xlsx', '7', '2023-09-18 09:30:24', '2023-09-18 09:30:24'),
(158, 2, '1', '7', 'EnglishSpeedStatement30-8.xlsx', '8', '2023-09-18 09:30:24', '2023-09-18 09:30:24'),
(159, 2, '1', '7', 'EnglishSpeedStatement30-9.xlsx', '9', '2023-09-18 09:30:24', '2023-09-18 09:30:24'),
(160, 2, '1', '7', 'EnglishSpeedStatement30-10.xlsx', '10', '2023-09-18 09:30:24', '2023-09-18 09:30:24'),
(161, 2, '1', '7', 'EnglishSpeedStatement30-11.xlsx', '11', '2023-09-18 09:30:24', '2023-09-18 09:30:24'),
(162, 2, '1', '7', 'EnglishSpeedStatement30-12.xlsx', '12', '2023-09-18 09:30:24', '2023-09-18 09:30:24'),
(163, 2, '1', '7', 'EnglishSpeedStatement30-13.xlsx', '13', '2023-09-18 09:30:24', '2023-09-18 09:30:24'),
(164, 2, '1', '7', 'EnglishSpeedStatement30-14.xlsx', '14', '2023-09-18 09:30:24', '2023-09-18 09:30:24'),
(165, 2, '1', '7', 'EnglishSpeedStatement30-15.xlsx', '15', '2023-09-18 09:30:24', '2023-09-18 09:30:24'),
(166, 2, '1', '7', 'EnglishSpeedStatement30-16.xlsx', '16', '2023-09-18 09:30:24', '2023-09-18 09:30:24'),
(167, 2, '1', '7', 'EnglishSpeedStatement30-17.xlsx', '17', '2023-09-18 09:30:24', '2023-09-18 09:30:24'),
(168, 2, '1', '7', 'EnglishSpeedStatement30-18.xlsx', '18', '2023-09-18 09:30:24', '2023-09-18 09:30:24'),
(169, 2, '1', '7', 'EnglishSpeedStatement30-19.xlsx', '19', '2023-09-18 09:30:24', '2023-09-18 09:30:24'),
(170, 2, '1', '7', 'EnglishSpeedStatement30-20.xlsx', '20', '2023-09-18 09:30:24', '2023-09-18 09:30:24'),
(171, 2, '2', '9', 'EnglishSpeedStatement40-1.docx', '1', '2023-09-18 09:31:07', '2023-09-18 09:31:07'),
(172, 2, '2', '9', 'EnglishSpeedStatement40-2.xlsx', '2', '2023-09-18 09:31:07', '2023-09-18 09:31:07'),
(173, 2, '2', '9', 'EnglishSpeedStatement40-3.docx', '3', '2023-09-18 09:31:07', '2023-09-18 09:31:07'),
(174, 2, '2', '9', 'EnglishSpeedStatement40-4.xlsx', '4', '2023-09-18 09:31:07', '2023-09-18 09:31:07'),
(175, 2, '2', '9', 'EnglishSpeedStatement40-5.docx', '5', '2023-09-18 09:31:07', '2023-09-18 09:31:07'),
(176, 2, '2', '9', 'EnglishSpeedStatement40-6.xlsx', '6', '2023-09-18 09:31:07', '2023-09-18 09:31:07'),
(177, 2, '2', '9', 'EnglishSpeedStatement40-7.docx', '7', '2023-09-18 09:31:07', '2023-09-18 09:31:07'),
(178, 2, '2', '9', 'EnglishSpeedStatement40-8.xlsx', '8', '2023-09-18 09:31:07', '2023-09-18 09:31:07'),
(179, 2, '2', '9', 'EnglishSpeedStatement40-9.docx', '9', '2023-09-18 09:31:07', '2023-09-18 09:31:07'),
(180, 2, '2', '9', 'EnglishSpeedStatement40-10.xlsx', '10', '2023-09-18 09:31:07', '2023-09-18 09:31:07'),
(181, 2, '2', '9', 'EnglishSpeedStatement40-11.xlsx', '11', '2023-09-18 09:31:07', '2023-09-18 09:31:07'),
(182, 2, '2', '9', 'EnglishSpeedStatement40-12.xlsx', '12', '2023-09-18 09:31:07', '2023-09-18 09:31:07'),
(183, 2, '2', '9', 'EnglishSpeedStatement40-13.xlsx', '13', '2023-09-18 09:31:07', '2023-09-18 09:31:07'),
(184, 2, '2', '9', 'EnglishSpeedStatement40-14.xlsx', '14', '2023-09-18 09:31:07', '2023-09-18 09:31:07'),
(185, 2, '2', '9', 'EnglishSpeedStatement40-15.xlsx', '15', '2023-09-18 09:31:07', '2023-09-18 09:31:07'),
(186, 2, '2', '9', 'EnglishSpeedStatement40-16.xlsx', '16', '2023-09-18 09:31:07', '2023-09-18 09:31:07'),
(187, 2, '2', '9', 'EnglishSpeedStatement40-17.xlsx', '17', '2023-09-18 09:31:07', '2023-09-18 09:31:07'),
(188, 2, '2', '9', 'EnglishSpeedStatement40-18.xlsx', '18', '2023-09-18 09:31:07', '2023-09-18 09:31:07'),
(189, 2, '2', '9', 'EnglishSpeedStatement40-19.xlsx', '19', '2023-09-18 09:31:07', '2023-09-18 09:31:07'),
(190, 2, '2', '9', 'EnglishSpeedStatement40-20.xlsx', '20', '2023-09-18 09:31:07', '2023-09-18 09:31:07'),
(191, 2, '3', '14', 'MarathiSpeedStatement30-1.xlsx', '1', '2023-09-18 09:32:02', '2023-09-18 09:32:02'),
(192, 2, '3', '14', 'MarathiSpeedStatement30-2.xlsx', '2', '2023-09-18 09:32:02', '2023-09-18 09:32:02'),
(193, 2, '3', '14', 'MarathiSpeedStatement30-3.xlsx', '3', '2023-09-18 09:32:02', '2023-09-18 09:32:02'),
(194, 2, '3', '14', 'MarathiSpeedStatement30-4.xlsx', '4', '2023-09-18 09:32:02', '2023-09-18 09:32:02'),
(195, 2, '3', '14', 'MarathiSpeedStatement30-5.xlsx', '5', '2023-09-18 09:32:02', '2023-09-18 09:32:02'),
(196, 2, '3', '14', 'MarathiSpeedStatement30-6.xlsx', '6', '2023-09-18 09:32:02', '2023-09-18 09:32:02'),
(197, 2, '3', '14', 'MarathiSpeedStatement30-7.xlsx', '7', '2023-09-18 09:32:02', '2023-09-18 09:32:02'),
(198, 2, '3', '14', 'MarathiSpeedStatement30-8.xlsx', '8', '2023-09-18 09:32:02', '2023-09-18 09:32:02'),
(199, 2, '3', '14', 'MarathiSpeedStatement30-9.xlsx', '9', '2023-09-18 09:32:02', '2023-09-18 09:32:02'),
(200, 2, '3', '14', 'MarathiSpeedStatement30-10.xlsx', '10', '2023-09-18 09:32:02', '2023-09-18 09:32:02'),
(201, 2, '3', '14', 'MarathiSpeedStatement30-11.xlsx', '11', '2023-09-18 09:32:02', '2023-09-18 09:32:02'),
(202, 2, '3', '14', 'MarathiSpeedStatement30-12.xlsx', '12', '2023-09-18 09:32:02', '2023-09-18 09:32:02'),
(203, 2, '3', '14', 'MarathiSpeedStatement30-13.xlsx', '13', '2023-09-18 09:32:02', '2023-09-18 09:32:02'),
(204, 2, '3', '14', 'MarathiSpeedStatement30-14.xlsx', '14', '2023-09-18 09:32:02', '2023-09-18 09:32:02'),
(205, 2, '3', '14', 'MarathiSpeedStatement30-15.xlsx', '15', '2023-09-18 09:32:02', '2023-09-18 09:32:02'),
(206, 2, '3', '14', 'MarathiSpeedStatement30-16.xlsx', '16', '2023-09-18 09:32:02', '2023-09-18 09:32:02'),
(207, 2, '3', '14', 'MarathiSpeedStatement30-17.xlsx', '17', '2023-09-18 09:32:02', '2023-09-18 09:32:02'),
(208, 2, '3', '14', 'MarathiSpeedStatement30-18.xlsx', '18', '2023-09-18 09:32:02', '2023-09-18 09:32:02'),
(209, 2, '3', '14', 'MarathiSpeedStatement30-19.xlsx', '19', '2023-09-18 09:32:02', '2023-09-18 09:32:02'),
(210, 2, '3', '14', 'MarathiSpeedStatement30-20.xlsx', '20', '2023-09-18 09:32:02', '2023-09-18 09:32:02'),
(211, 2, '4', '8', 'MarathiSpeedStatement40-1.xlsx', '1', '2023-09-18 09:32:31', '2023-09-18 09:32:31'),
(212, 2, '4', '8', 'MarathiSpeedStatement40-2.xlsx', '2', '2023-09-18 09:32:31', '2023-09-18 09:32:31'),
(213, 2, '4', '8', 'MarathiSpeedStatement40-3.xlsx', '3', '2023-09-18 09:32:31', '2023-09-18 09:32:31'),
(214, 2, '4', '8', 'MarathiSpeedStatement40-4.xlsx', '4', '2023-09-18 09:32:31', '2023-09-18 09:32:31'),
(215, 2, '4', '8', 'MarathiSpeedStatement40-5.xlsx', '5', '2023-09-18 09:32:31', '2023-09-18 09:32:31'),
(216, 2, '4', '8', 'MarathiSpeedStatement40-6.xlsx', '6', '2023-09-18 09:32:31', '2023-09-18 09:32:31'),
(217, 2, '4', '8', 'MarathiSpeedStatement40-7.xlsx', '7', '2023-09-18 09:32:31', '2023-09-18 09:32:31'),
(218, 2, '4', '8', 'MarathiSpeedStatement40-8.xlsx', '8', '2023-09-18 09:32:31', '2023-09-18 09:32:31'),
(219, 2, '4', '8', 'MarathiSpeedStatement40-9.xlsx', '9', '2023-09-18 09:32:31', '2023-09-18 09:32:31'),
(220, 2, '5', '19', 'HindiSpeedStatement30-1.xlsx', '1', '2023-09-18 09:33:31', '2023-09-18 09:33:31'),
(221, 2, '5', '19', 'HindiSpeedStatement30-2.xlsx', '2', '2023-09-18 09:33:31', '2023-09-18 09:33:31'),
(222, 2, '5', '19', 'HindiSpeedStatement30-3.xlsx', '3', '2023-09-18 09:33:31', '2023-09-18 09:33:31'),
(223, 2, '5', '19', 'HindiSpeedStatement30-4.xlsx', '4', '2023-09-18 09:33:31', '2023-09-18 09:33:31'),
(224, 2, '5', '19', 'HindiSpeedStatement30-5.xlsx', '5', '2023-09-18 09:33:31', '2023-09-18 09:33:31'),
(225, 2, '5', '19', 'HindiSpeedStatement30-6.xlsx', '6', '2023-09-18 09:33:31', '2023-09-18 09:33:31'),
(226, 2, '5', '19', 'HindiSpeedStatement30-7.xlsx', '7', '2023-09-18 09:33:31', '2023-09-18 09:33:31'),
(227, 2, '1', '10', 'EnglishSpeedEmail30-1.xls', '1', '2023-09-18 09:34:44', '2023-09-18 09:34:44'),
(228, 2, '1', '10', 'EnglishSpeedEmail30-2.xls', '2', '2023-09-18 09:34:44', '2023-09-18 09:34:44'),
(229, 2, '1', '10', 'EnglishSpeedEmail30-3.xls', '3', '2023-09-18 09:34:44', '2023-09-18 09:34:44'),
(230, 2, '1', '10', 'EnglishSpeedEmail30-4.xls', '4', '2023-09-18 09:34:44', '2023-09-18 09:34:44'),
(231, 2, '2', '11', 'EnglishSpeedEmail40-1.xls', '1', '2023-09-18 09:35:21', '2023-09-18 09:35:21'),
(232, 2, '2', '11', 'EnglishSpeedEmail40-2.xls', '2', '2023-09-18 09:35:21', '2023-09-18 09:35:21'),
(233, 2, '2', '11', 'EnglishSpeedEmail40-3.xls', '3', '2023-09-18 09:35:21', '2023-09-18 09:35:21'),
(234, 2, '3', '15', 'MarathiSpeedEmail30-1.xls', '1', '2023-09-18 09:36:16', '2023-09-18 09:36:16'),
(235, 2, '4', '16', 'MarathiSpeedEmail40-1.xls', '1', '2023-09-18 09:36:42', '2023-09-18 09:36:42');

-- --------------------------------------------------------

--
-- Table structure for table `typing_practise_results`
--

CREATE TABLE `typing_practise_results` (
  `id` bigint(20) UNSIGNED NOT NULL,
  `student_id` bigint(20) UNSIGNED NOT NULL,
  `institute_id` bigint(20) UNSIGNED NOT NULL,
  `subject_id` bigint(20) UNSIGNED NOT NULL,
  `typing_practise_id` bigint(20) UNSIGNED NOT NULL,
  `practise_type` bigint(20) UNSIGNED NOT NULL,
  `time` varchar(255) NOT NULL,
  `tmark` varchar(255) NOT NULL,
  `obtmark` varchar(255) NOT NULL,
  `countmistake` varchar(255) NOT NULL,
  `countlength` varchar(255) DEFAULT NULL,
  `created_at` timestamp NULL DEFAULT NULL,
  `updated_at` timestamp NULL DEFAULT NULL
) ENGINE=InnoDB DEFAULT CHARSET=utf8mb4 COLLATE=utf8mb4_unicode_ci;

--
-- Dumping data for table `typing_practise_results`
--

INSERT INTO `typing_practise_results` (`id`, `student_id`, `institute_id`, `subject_id`, `typing_practise_id`, `practise_type`, `time`, `tmark`, `obtmark`, `countmistake`, `countlength`, `created_at`, `updated_at`) VALUES
(1, 7, 2, 1, 227, 10, '0 : 0', '5', '1', '4', NULL, '2023-09-26 09:44:55', '2023-09-26 09:44:55'),
(2, 7, 2, 1, 227, 10, '0 : 0', '5', '1', '4', NULL, '2023-09-26 09:45:06', '2023-09-26 09:45:06'),
(3, 7, 2, 1, 227, 10, '1 : 11', '5', '4', '1', NULL, '2023-09-26 10:12:44', '2023-09-26 10:12:44'),
(4, 7, 2, 1, 228, 10, '0 : 1', '5', '1', '4', NULL, '2023-09-26 10:14:32', '2023-09-26 10:14:32'),
(5, 7, 2, 1, 227, 10, '0 : 0', '5', '1', '4', NULL, '2023-09-26 10:18:05', '2023-09-26 10:18:05'),
(6, 7, 2, 1, 227, 10, '0 : 0', '5', '1', '4', NULL, '2023-09-26 10:32:04', '2023-09-26 10:32:04'),
(7, 7, 2, 1, 227, 10, '0 : 0', '5', '1', '4', NULL, '2023-09-26 10:33:24', '2023-09-26 10:33:24'),
(8, 7, 2, 2, 232, 11, '0 : 21', '5', '0', '5', NULL, '2023-09-26 11:33:12', '2023-09-26 11:33:12'),
(9, 7, 2, 2, 232, 11, '0 : 13', '5', '0', '5', NULL, '2023-09-26 11:33:54', '2023-09-26 11:33:54'),
(10, 7, 2, 2, 232, 11, '1 : 4', '5', '0', '5', NULL, '2023-09-26 11:35:45', '2023-09-26 11:35:45'),
(11, 7, 2, 2, 232, 11, '0 : 13', '5', '0', '5', NULL, '2023-09-26 11:45:36', '2023-09-26 11:45:36'),
(12, 7, 2, 1, 227, 10, '0 : 8', '5', '1', '4', NULL, '2023-09-27 06:57:34', '2023-09-27 06:57:34'),
(13, 7, 2, 1, 227, 10, '0 : 1', '5', '1', '4', NULL, '2023-09-27 07:01:45', '2023-09-27 07:01:45'),
(14, 7, 2, 1, 227, 10, '0 : 1', '5', '1', '4', NULL, '2023-09-27 07:04:28', '2023-09-27 07:04:28'),
(15, 7, 2, 1, 227, 10, '0 : 18', '5', '1', '4', NULL, '2023-09-27 07:12:34', '2023-09-27 07:12:34'),
(16, 7, 2, 2, 231, 11, '0 : 0', '5', '0', '5', NULL, '2023-09-27 07:20:49', '2023-09-27 07:20:49'),
(17, 7, 2, 2, 231, 11, '0 : 0', '5', '0', '5', NULL, '2023-09-27 07:23:30', '2023-09-27 07:23:30'),
(18, 7, 2, 1, 227, 10, '0 : 1', '5', '1', '4', NULL, '2023-09-27 11:49:35', '2023-09-27 11:49:35');

-- --------------------------------------------------------

--
-- Table structure for table `typing_results`
--

CREATE TABLE `typing_results` (
  `id` bigint(20) UNSIGNED NOT NULL,
  `created_at` timestamp NULL DEFAULT NULL,
  `updated_at` timestamp NULL DEFAULT NULL
) ENGINE=InnoDB DEFAULT CHARSET=utf8mb4 COLLATE=utf8mb4_unicode_ci;

-- --------------------------------------------------------

--
-- Table structure for table `typing_test_results`
--

CREATE TABLE `typing_test_results` (
  `id` bigint(20) UNSIGNED NOT NULL,
  `student_id` bigint(20) UNSIGNED NOT NULL,
  `institute_id` bigint(20) UNSIGNED NOT NULL,
  `subject_id` bigint(20) UNSIGNED NOT NULL,
  `typingtest_id` bigint(20) UNSIGNED NOT NULL,
  `practise_type` bigint(20) UNSIGNED NOT NULL,
  `time` varchar(255) NOT NULL,
  `tmark` varchar(255) NOT NULL,
  `obtmark` varchar(255) NOT NULL,
  `countmistake` varchar(255) NOT NULL,
  `created_at` timestamp NULL DEFAULT NULL,
  `updated_at` timestamp NULL DEFAULT NULL
) ENGINE=InnoDB DEFAULT CHARSET=utf8mb4 COLLATE=utf8mb4_unicode_ci;

--
-- Dumping data for table `typing_test_results`
--

INSERT INTO `typing_test_results` (`id`, `student_id`, `institute_id`, `subject_id`, `typingtest_id`, `practise_type`, `time`, `tmark`, `obtmark`, `countmistake`, `created_at`, `updated_at`) VALUES
(1, 7, 2, 1, 7, 1, '0:92', '20', '0', '40+', '2023-09-20 05:17:40', '2023-09-20 05:17:40'),
(2, 7, 2, 1, 213, 10, '0 : 2', '5', '1', '4', '2023-09-20 05:58:16', '2023-09-20 05:58:16'),
(3, 7, 2, 1, 214, 10, '0 : 4', '5', '1', '4', '2023-09-20 06:47:17', '2023-09-20 06:47:17'),
(4, 7, 2, 1, 215, 10, '0 : 0', '5', '1', '4', '2023-09-20 06:48:37', '2023-09-20 06:48:37'),
(5, 7, 2, 1, 5, 1, '0:53', '20', '0', '40+', '2023-09-21 10:49:44', '2023-09-21 10:49:44'),
(6, 7, 2, 1, 10, 1, '6 : 34', '20', '0', '40+', '2023-09-23 06:52:13', '2023-09-23 06:52:13'),
(7, 7, 2, 1, 10, 1, '6 : 58', '20', '0', '40+', '2023-09-23 06:59:03', '2023-09-23 06:59:03'),
(8, 7, 2, 1, 10, 1, '0:82', '20', '0', '40+', '2023-09-23 07:02:01', '2023-09-23 07:02:01'),
(9, 7, 2, 1, 10, 1, '6 : 55', '20', '0', '40+', '2023-09-23 07:06:42', '2023-09-23 07:06:42'),
(10, 7, 2, 1, 10, 1, '6 : 53', '20', '0', '40+', '2023-09-23 07:08:54', '2023-09-23 07:08:54'),
(11, 7, 2, 1, 10, 1, '6 : 55', '20', '0', '40+', '2023-09-23 07:11:45', '2023-09-23 07:11:45'),
(12, 7, 2, 1, 10, 1, '6 : 59', '20', '0', '40+', '2023-09-23 07:14:04', '2023-09-23 07:14:04'),
(13, 7, 2, 1, 10, 1, '6 : 59', '20', '0', '40+', '2023-09-23 07:16:55', '2023-09-23 07:16:55'),
(14, 7, 2, 1, 10, 1, '6 : 59', '20', '0', '40+', '2023-09-23 07:19:54', '2023-09-23 07:19:54'),
(15, 7, 2, 1, 10, 1, '6 : 52', '20', '0', '40+', '2023-09-23 07:24:19', '2023-09-23 07:24:19'),
(16, 7, 2, 1, 10, 1, '4 : 28', '20', '0', '40+', '2023-09-23 12:13:52', '2023-09-23 12:13:52'),
(17, 7, 2, 1, 10, 1, '0:83', '20', '0', '40+', '2023-09-23 12:20:20', '2023-09-23 12:20:20'),
(18, 7, 2, 1, 213, 10, '0 : 0', '5', '1', '4', '2023-09-25 06:45:56', '2023-09-25 06:45:56'),
(19, 7, 2, 1, 215, 10, '0 : 3', '5', '1', '4', '2023-09-25 09:45:21', '2023-09-25 09:45:21'),
(20, 7, 2, 1, 213, 10, '0 : 3', '5', '1', '4', '2023-09-25 11:18:37', '2023-09-25 11:18:37'),
(21, 7, 2, 1, 214, 10, '0 : 6', '5', '1', '4', '2023-09-26 05:35:53', '2023-09-26 05:35:53'),
(22, 7, 2, 1, 105, 5, '29 : 58', '15', '0', '15+', '2023-09-26 05:38:09', '2023-09-26 05:38:09'),
(23, 7, 2, 1, 105, 5, '29 : 58', '15', '0', '15+', '2023-09-26 05:45:10', '2023-09-26 05:45:10'),
(24, 7, 2, 1, 105, 5, '29 : 58', '15', '0', '15+', '2023-09-26 05:52:56', '2023-09-26 05:52:56'),
(25, 7, 2, 1, 105, 5, '29 : 59', '15', '0', '15+', '2023-09-26 06:05:31', '2023-09-26 06:05:31'),
(26, 7, 2, 1, 105, 5, '29 : 59', '15', '0', '15+', '2023-09-26 06:16:55', '2023-09-26 06:16:55'),
(27, 7, 2, 1, 15, 1, '6 : 56', '20', '0', '40+', '2023-09-26 06:37:15', '2023-09-26 06:37:15'),
(28, 7, 2, 1, 214, 10, '0 : 3', '5', '1', '4', '2023-09-26 08:03:18', '2023-09-26 08:03:18'),
(29, 7, 2, 1, 108, 5, '29 : 56', '15', '0', '15+', '2023-09-26 08:03:43', '2023-09-26 08:03:43'),
(30, 7, 2, 1, 19, 1, '6 : 57', '20', '0', '40+', '2023-09-26 08:04:18', '2023-09-26 08:04:18'),
(31, 7, 2, 1, 215, 10, '0 : 2', '5', '1', '4', '2023-09-26 08:22:26', '2023-09-26 08:22:26'),
(32, 7, 2, 1, 104, 5, '30 : 0', '15', '0', '15+', '2023-09-26 08:22:48', '2023-09-26 08:22:48'),
(33, 7, 2, 1, 15, 1, '6 : 59', '20', '0', '40+', '2023-09-26 08:23:23', '2023-09-26 08:23:23'),
(34, 7, 2, 1, 213, 10, '0 : 8', '5', '1', '4', '2023-09-26 09:23:39', '2023-09-26 09:23:39'),
(35, 7, 2, 1, 103, 5, '29 : 59', '15', '0', '15+', '2023-09-26 09:24:08', '2023-09-26 09:24:08'),
(36, 7, 2, 1, 7, 1, '7 : 0', '20', '0', '40+', '2023-09-26 09:25:00', '2023-09-26 09:25:00'),
(37, 7, 2, 1, 214, 10, '0 : 2', '5', '1', '4', '2023-09-26 09:53:44', '2023-09-26 09:53:44'),
(38, 7, 2, 1, 107, 5, ':0', '15', '0', '15+', '2023-09-26 09:54:04', '2023-09-26 09:54:04'),
(39, 7, 2, 1, 20, 1, '6 : 58', '20', '0', '40+', '2023-09-26 09:54:55', '2023-09-26 09:54:55'),
(40, 7, 2, 1, 215, 10, '0 : 1', '5', '1', '4', '2023-09-27 08:00:35', '2023-09-27 08:00:35'),
(41, 7, 2, 1, 108, 5, '29 : 12', '15', '0', '15+', '2023-09-27 08:01:55', '2023-09-27 08:01:55'),
(42, 7, 2, 1, 20, 1, '7 : 0', '20', '0', '40+', '2023-09-27 08:03:52', '2023-09-27 08:03:52'),
(43, 7, 2, 1, 215, 10, '0 : 0', '5', '1', '4', '2023-09-27 11:35:54', '2023-09-27 11:35:54'),
(44, 7, 2, 1, 98, 5, '0:33', '15', '0', '15+', '2023-09-27 11:36:53', '2023-09-27 11:36:53'),
(45, 7, 2, 1, 11, 1, '6 : 59', '20', '0', '40+', '2023-09-27 11:37:57', '2023-09-27 11:37:57'),
(46, 7, 2, 1, 214, 10, '0 : 1', '5', '1', '4', '2023-09-27 12:00:05', '2023-09-27 12:00:05'),
(47, 7, 2, 1, 214, 10, '0 : 9', '5', '1', '4', '2023-09-27 12:03:15', '2023-09-27 12:03:15'),
(48, 7, 2, 1, 113, 5, '0:27', '15', '0', '15+', '2023-09-27 12:03:54', '2023-09-27 12:03:54'),
(49, 7, 2, 1, 7, 1, '6 : 57', '20', '0', '40+', '2023-09-27 12:04:51', '2023-09-27 12:04:51'),
(50, 7, 2, 1, 213, 10, '0 : 0', '5', '1', '4', '2023-09-27 12:27:27', '2023-09-27 12:27:27'),
(51, 7, 2, 1, 110, 5, '29 : 54', '15', '0', '15+', '2023-09-27 12:28:15', '2023-09-27 12:28:15'),
(52, 7, 2, 1, 12, 1, '6 : 57', '20', '0', '40+', '2023-09-27 12:29:08', '2023-09-27 12:29:08'),
(53, 7, 2, 1, 215, 10, '0 : 1', '5', '1', '4', '2023-09-27 12:32:00', '2023-09-27 12:32:00'),
(54, 7, 2, 1, 113, 5, '29 : 59', '15', '0', '15+', '2023-09-27 12:32:24', '2023-09-27 12:32:24'),
(55, 7, 2, 1, 2, 1, '6 : 56', '20', '0', '40+', '2023-09-27 12:33:37', '2023-09-27 12:33:37'),
(56, 7, 2, 1, 213, 10, '0 : 9', '5', '1', '4', '2023-09-29 05:01:32', '2023-09-29 05:01:32'),
(57, 7, 2, 1, 111, 5, '28 : 38', '15', '0', '15+', '2023-09-29 05:03:24', '2023-09-29 05:03:24'),
(58, 7, 2, 1, 3, 1, '6 : 59', '20', '0', '40+', '2023-09-29 05:05:48', '2023-09-29 05:05:48'),
(59, 7, 2, 1, 213, 10, '0 : 10', '5', '1', '4', '2023-09-29 05:28:36', '2023-09-29 05:28:36'),
(60, 7, 2, 1, 113, 5, '29 : 59', '15', '0', '15+', '2023-09-29 05:29:20', '2023-09-29 05:29:20'),
(61, 7, 2, 1, 215, 10, '0 : 3', '5', '1', '4', '2023-09-29 05:38:03', '2023-09-29 05:38:03'),
(62, 7, 2, 1, 98, 5, '29 : 57', '15', '0', '15+', '2023-09-29 05:38:41', '2023-09-29 05:38:41'),
(63, 7, 2, 1, 215, 10, '0 : 3', '5', '1', '4', '2023-09-29 05:43:48', '2023-09-29 05:43:48'),
(64, 7, 2, 1, 214, 10, '0 : 0', '5', '1', '4', '2023-09-29 05:54:03', '2023-09-29 05:54:03'),
(65, 7, 2, 1, 215, 10, '0 : 3', '5', '1', '4', '2023-09-29 05:55:57', '2023-09-29 05:55:57'),
(66, 7, 2, 1, 96, 5, '29 : 49', '15', '0', '15+', '2023-09-29 05:56:36', '2023-09-29 05:56:36'),
(67, 7, 2, 1, 7, 1, '6 : 57', '20', '0', '40+', '2023-09-29 05:57:59', '2023-09-29 05:57:59'),
(68, 7, 2, 1, 215, 10, '0 : 0', '5', '1', '4', '2023-09-29 05:58:36', '2023-09-29 05:58:36'),
(69, 7, 2, 1, 100, 5, '27 : 18', '15', '0', '15+', '2023-09-29 06:01:48', '2023-09-29 06:01:48'),
(70, 7, 2, 1, 214, 10, '0 : 7', '5', '1', '4', '2023-09-29 06:07:45', '2023-09-29 06:07:45'),
(71, 7, 2, 1, 111, 5, '29 : 29', '15', '0', '15+', '2023-09-29 06:08:46', '2023-09-29 06:08:46'),
(72, 7, 2, 1, 215, 10, '0 : 2', '5', '1', '4', '2023-09-29 06:11:29', '2023-09-29 06:11:29'),
(73, 7, 2, 1, 111, 5, '29 : 50', '15', '0', '15+', '2023-09-29 06:12:11', '2023-09-29 06:12:11'),
(74, 7, 2, 1, 4, 1, '7 : 0', '20', '0', '40+', '2023-09-29 06:13:34', '2023-09-29 06:13:34'),
(75, 7, 2, 1, 215, 10, '0 : 2', '5', '1', '4', '2023-09-29 06:14:44', '2023-09-29 06:14:44'),
(76, 7, 2, 1, 95, 5, '29 : 54', '15', '0', '15+', '2023-09-29 06:15:22', '2023-09-29 06:15:22'),
(77, 7, 2, 1, 19, 1, '7 : 0', '20', '0', '40+', '2023-09-29 06:16:10', '2023-09-29 06:16:10');

-- --------------------------------------------------------

--
-- Table structure for table `typing_word_practices`
--

CREATE TABLE `typing_word_practices` (
  `id` bigint(20) UNSIGNED NOT NULL,
  `user_id` bigint(20) UNSIGNED NOT NULL,
  `institute_id` bigint(20) NOT NULL,
  `wordpractice` longtext NOT NULL,
  `created_at` timestamp NULL DEFAULT NULL,
  `updated_at` timestamp NULL DEFAULT NULL
) ENGINE=InnoDB DEFAULT CHARSET=utf8mb4 COLLATE=utf8mb4_unicode_ci;

-- --------------------------------------------------------

--
-- Table structure for table `upload_typingpractises`
--

CREATE TABLE `upload_typingpractises` (
  `id` bigint(20) UNSIGNED NOT NULL,
  `typing_practise_id` bigint(20) UNSIGNED NOT NULL,
  `typingdata` varchar(255) NOT NULL,
  `created_at` timestamp NULL DEFAULT NULL,
  `updated_at` timestamp NULL DEFAULT NULL
) ENGINE=InnoDB DEFAULT CHARSET=utf8mb4 COLLATE=utf8mb4_unicode_ci;

-- --------------------------------------------------------

--
-- Table structure for table `upperkeys`
--

CREATE TABLE `upperkeys` (
  `id` bigint(20) UNSIGNED NOT NULL,
  `institute_id` bigint(20) NOT NULL,
  `language_id` varchar(255) NOT NULL,
  `name` varchar(255) NOT NULL,
  `desc` text NOT NULL,
  `created_at` timestamp NULL DEFAULT NULL,
  `updated_at` timestamp NULL DEFAULT NULL
) ENGINE=InnoDB DEFAULT CHARSET=utf8mb4 COLLATE=utf8mb4_unicode_ci;

-- --------------------------------------------------------

--
-- Table structure for table `upper_key_results`
--

CREATE TABLE `upper_key_results` (
  `id` bigint(20) UNSIGNED NOT NULL,
  `student_id` bigint(20) NOT NULL,
  `institute_id` bigint(20) NOT NULL,
  `language_id` bigint(20) NOT NULL,
  `speed` bigint(20) NOT NULL,
  `wordsCount` bigint(20) NOT NULL,
  `correctWords` bigint(20) NOT NULL,
  `time` bigint(20) NOT NULL,
  `acc` bigint(20) NOT NULL,
  `created_at` timestamp NULL DEFAULT NULL,
  `updated_at` timestamp NULL DEFAULT NULL
) ENGINE=InnoDB DEFAULT CHARSET=utf8mb4 COLLATE=utf8mb4_unicode_ci;

-- --------------------------------------------------------

--
-- Table structure for table `users`
--

CREATE TABLE `users` (
  `id` bigint(20) UNSIGNED NOT NULL,
  `name` varchar(255) NOT NULL,
  `email` varchar(255) NOT NULL,
  `userType` tinyint(4) NOT NULL DEFAULT 4,
  `email_verified_at` timestamp NULL DEFAULT NULL,
  `password` varchar(255) NOT NULL,
  `show_password` varchar(255) DEFAULT NULL,
  `two_factor_secret` text DEFAULT NULL,
  `two_factor_recovery_codes` text DEFAULT NULL,
  `token` int(11) DEFAULT NULL,
  `otp` int(11) DEFAULT NULL,
  `typing_id` int(11) DEFAULT NULL,
  `remember_token` varchar(100) DEFAULT NULL,
  `current_team_id` bigint(20) UNSIGNED DEFAULT NULL,
  `profile_photo_path` text DEFAULT NULL,
  `deleted_at` timestamp NULL DEFAULT NULL,
  `created_at` timestamp NULL DEFAULT NULL,
  `updated_at` timestamp NULL DEFAULT NULL
) ENGINE=InnoDB DEFAULT CHARSET=utf8mb4 COLLATE=utf8mb4_unicode_ci;

--
-- Dumping data for table `users`
--

INSERT INTO `users` (`id`, `name`, `email`, `userType`, `email_verified_at`, `password`, `show_password`, `two_factor_secret`, `two_factor_recovery_codes`, `token`, `otp`, `typing_id`, `remember_token`, `current_team_id`, `profile_photo_path`, `deleted_at`, `created_at`, `updated_at`) VALUES
(1, 'Admin', 'admin@gmail.com', 1, '2022-01-20 07:39:15', '$2y$10$LmUR4VRmSuIQxvU4iN9H1uXy5NB/SG9vsDaI7CBmRzuzBiy.grNzS', NULL, NULL, NULL, NULL, 5149, NULL, 'D0sN3wFh3bFT8rlJuDttICfi11I9U3ZHPdPcevUxaefocrZo0Vry5hGFo3S2', NULL, NULL, NULL, '2022-01-20 07:39:15', '2022-06-28 06:20:25'),
(2, 'Wankar Computer Typing Institute', 'wankarinstitute@gmail.com', 2, '2022-01-20 07:42:23', '$2y$10$eBs9uOde1M1/BL3dGBz4MOZKKeM4xlhrF9J63a1BmTZI2zCpki3M6', NULL, NULL, NULL, NULL, NULL, NULL, NULL, NULL, NULL, NULL, '2022-01-20 07:42:23', '2023-09-22 10:18:59'),
(3, 'Anagha', 'anagha@gmail.com', 4, '2022-01-20 07:48:44', '$2y$10$lOBzgMXiW7FHTPtmH5xVsOWW7YHrcLzy0YlgNYNMQFYW28QIYCaVW', '123456', NULL, NULL, NULL, 7443, NULL, NULL, NULL, NULL, '2022-07-04 08:33:37', '2022-01-20 07:48:44', '2022-07-04 08:33:37'),
(4, 'SIPNA', 'sipna@gmail.com', 2, '2022-01-20 09:32:22', '$2y$10$RnPEwqa/GMwU9O.eNHSLB.FXj5UXkXLhLsQ4unGr/FDS9AvvVsJjK', NULL, NULL, NULL, NULL, NULL, NULL, NULL, NULL, NULL, NULL, '2022-01-20 09:32:22', '2022-01-20 09:32:22'),
(5, 'Rahul', 'rahul@gmail.com', 3, '2022-01-20 09:38:14', '$2y$10$/zcfzxQaXMQcr2xBADGWauzDz4Lr.5Hk9vIR3XSjjsUOm.F9EUeU6', NULL, NULL, NULL, NULL, NULL, NULL, NULL, NULL, NULL, NULL, '2022-01-20 09:38:14', '2022-05-14 11:49:33'),
(7, 'Rutuja', 'rutu@gmail.com', 4, '2022-01-24 12:17:05', '$2y$10$5wBPHZMSqTOTUarYDFmaPOajS98vi7QshECJ5mT6KVCjTgUGeMKlO', '123456', NULL, NULL, NULL, 9858, NULL, NULL, NULL, NULL, NULL, '2022-01-24 12:17:05', '2023-09-29 07:08:37'),
(8, 'Nakul', 'nakul@gmail.com', 4, '2022-01-28 05:33:22', '$2y$10$guo3yJ0DvXLtNpnKq18mNOEY.MFSR0kyJTb2LZfA.81Cj6WvzUxhi', '12345678', NULL, NULL, NULL, NULL, NULL, NULL, NULL, NULL, NULL, '2022-01-28 05:33:22', '2022-05-16 13:30:46'),
(9, 'utkarsha', 'utkarsha1@gmail.com', 4, '2022-01-28 05:36:52', '$2y$10$98cHjZx3v0GnC6h/TN.nHONG1fj3gop1yCHGIZkQkBpy5SrhLeQ22', '12345678', NULL, NULL, NULL, 4113, NULL, NULL, NULL, NULL, NULL, '2022-01-28 05:36:52', '2022-04-27 12:12:47'),
(10, 'Neha', 'neha@gmail.com', 4, '2022-01-31 09:46:44', '$2y$10$0MB2R.PD7MSjZ9AalFl/nuUqCPStxzj1sCovoniugnRwtmFrM/yeO', '12345678', NULL, NULL, NULL, 6668, NULL, NULL, NULL, NULL, NULL, '2022-01-31 09:46:44', '2022-05-16 07:51:58'),
(12, 'Trupti', 'tupi@gmail.com', 4, '2022-04-28 05:56:06', '$2y$10$q.Ufstjgxdu4dVBXkIU5B.EnOiaFpFnDf8DXm5V8lCqSCDjqxSwWC', '123456', NULL, NULL, NULL, 8848, NULL, NULL, NULL, NULL, NULL, '2022-04-28 05:56:06', '2023-08-26 11:06:21'),
(13, 'nikita', 'nikita@gmail.com', 4, '2022-05-16 07:46:19', '$2y$10$siM216mpMstzdNJEY0UfS.6odbandY0Tmh01cJaJ0SqqgvzN4cgJq', '12345678', NULL, NULL, NULL, NULL, NULL, NULL, NULL, NULL, NULL, '2022-05-16 07:46:19', '2022-05-16 07:46:19');

--
-- Indexes for dumped tables
--

--
-- Indexes for table `answers`
--
ALTER TABLE `answers`
  ADD PRIMARY KEY (`id`),
  ADD KEY `answers_question_id_foreign` (`question_id`);

--
-- Indexes for table `attendances`
--
ALTER TABLE `attendances`
  ADD PRIMARY KEY (`id`);

--
-- Indexes for table `attendance_records`
--
ALTER TABLE `attendance_records`
  ADD PRIMARY KEY (`id`);

--
-- Indexes for table `authorities`
--
ALTER TABLE `authorities`
  ADD PRIMARY KEY (`id`);

--
-- Indexes for table `capitalwords`
--
ALTER TABLE `capitalwords`
  ADD PRIMARY KEY (`id`);

--
-- Indexes for table `capital_word_results`
--
ALTER TABLE `capital_word_results`
  ADD PRIMARY KEY (`id`);

--
-- Indexes for table `coursefees`
--
ALTER TABLE `coursefees`
  ADD PRIMARY KEY (`id`);

--
-- Indexes for table `courses`
--
ALTER TABLE `courses`
  ADD PRIMARY KEY (`id`);

--
-- Indexes for table `documents`
--
ALTER TABLE `documents`
  ADD PRIMARY KEY (`id`);

--
-- Indexes for table `email30test_results`
--
ALTER TABLE `email30test_results`
  ADD PRIMARY KEY (`id`),
  ADD KEY `email30test_results_typing_test_result_id_foreign` (`typing_test_result_id`);

--
-- Indexes for table `email30_results`
--
ALTER TABLE `email30_results`
  ADD PRIMARY KEY (`id`);

--
-- Indexes for table `email40test_results`
--
ALTER TABLE `email40test_results`
  ADD PRIMARY KEY (`id`),
  ADD KEY `email40test_results_typing_test_result_id_foreign` (`typing_test_result_id`);

--
-- Indexes for table `email40_results`
--
ALTER TABLE `email40_results`
  ADD PRIMARY KEY (`id`);

--
-- Indexes for table `exams`
--
ALTER TABLE `exams`
  ADD PRIMARY KEY (`id`);

--
-- Indexes for table `exam_batches`
--
ALTER TABLE `exam_batches`
  ADD PRIMARY KEY (`id`);

--
-- Indexes for table `exam_names`
--
ALTER TABLE `exam_names`
  ADD PRIMARY KEY (`id`);

--
-- Indexes for table `exam_students`
--
ALTER TABLE `exam_students`
  ADD PRIMARY KEY (`id`),
  ADD KEY `exam_students_user_id_foreign` (`user_id`);

--
-- Indexes for table `failed_jobs`
--
ALTER TABLE `failed_jobs`
  ADD PRIMARY KEY (`id`),
  ADD UNIQUE KEY `failed_jobs_uuid_unique` (`uuid`);

--
-- Indexes for table `grnumbers`
--
ALTER TABLE `grnumbers`
  ADD PRIMARY KEY (`id`);

--
-- Indexes for table `halltickets`
--
ALTER TABLE `halltickets`
  ADD PRIMARY KEY (`id`),
  ADD KEY `halltickets_student_id_foreign` (`student_id`);

--
-- Indexes for table `handicaps`
--
ALTER TABLE `handicaps`
  ADD PRIMARY KEY (`id`);

--
-- Indexes for table `homekeys`
--
ALTER TABLE `homekeys`
  ADD PRIMARY KEY (`id`);

--
-- Indexes for table `home_key_results`
--
ALTER TABLE `home_key_results`
  ADD PRIMARY KEY (`id`);

--
-- Indexes for table `incrments`
--
ALTER TABLE `incrments`
  ADD PRIMARY KEY (`id`);

--
-- Indexes for table `institutes`
--
ALTER TABLE `institutes`
  ADD PRIMARY KEY (`id`),
  ADD UNIQUE KEY `institutes_principle_mob_unique` (`principle_mob`),
  ADD UNIQUE KEY `institutes_principle_email_unique` (`principle_email`),
  ADD KEY `institutes_user_id_foreign` (`user_id`);

--
-- Indexes for table `institute_courses`
--
ALTER TABLE `institute_courses`
  ADD PRIMARY KEY (`id`),
  ADD KEY `institute_courses_institute_id_foreign` (`institute_id`);

--
-- Indexes for table `instructorpayments`
--
ALTER TABLE `instructorpayments`
  ADD PRIMARY KEY (`id`),
  ADD KEY `instructorpayments_instructor_id_foreign` (`instructor_id`);

--
-- Indexes for table `instructors`
--
ALTER TABLE `instructors`
  ADD PRIMARY KEY (`id`),
  ADD UNIQUE KEY `instructors_phone_no_unique` (`phone_no`),
  ADD KEY `instructors_user_id_foreign` (`user_id`);

--
-- Indexes for table `isessions`
--
ALTER TABLE `isessions`
  ADD PRIMARY KEY (`id`);

--
-- Indexes for table `itimings`
--
ALTER TABLE `itimings`
  ADD PRIMARY KEY (`id`);

--
-- Indexes for table `jobs`
--
ALTER TABLE `jobs`
  ADD PRIMARY KEY (`id`),
  ADD KEY `jobs_queue_index` (`queue`);

--
-- Indexes for table `keboard_practices`
--
ALTER TABLE `keboard_practices`
  ADD PRIMARY KEY (`id`);

--
-- Indexes for table `keyboard_practise_results`
--
ALTER TABLE `keyboard_practise_results`
  ADD PRIMARY KEY (`id`);

--
-- Indexes for table `languages`
--
ALTER TABLE `languages`
  ADD PRIMARY KEY (`id`);

--
-- Indexes for table `letter30test_results`
--
ALTER TABLE `letter30test_results`
  ADD PRIMARY KEY (`id`),
  ADD KEY `letter30test_results_typing_test_result_id_foreign` (`typing_test_result_id`);

--
-- Indexes for table `letter_results`
--
ALTER TABLE `letter_results`
  ADD PRIMARY KEY (`id`);

--
-- Indexes for table `licenses`
--
ALTER TABLE `licenses`
  ADD PRIMARY KEY (`id`);

--
-- Indexes for table `license_payments`
--
ALTER TABLE `license_payments`
  ADD PRIMARY KEY (`id`),
  ADD KEY `license_payments_total_payment_id_foreign` (`total_payment_id`),
  ADD KEY `license_payments_student_id_foreign` (`student_id`);

--
-- Indexes for table `lowerkeys`
--
ALTER TABLE `lowerkeys`
  ADD PRIMARY KEY (`id`);

--
-- Indexes for table `lower_key_results`
--
ALTER TABLE `lower_key_results`
  ADD PRIMARY KEY (`id`);

--
-- Indexes for table `mcqexamstudents`
--
ALTER TABLE `mcqexamstudents`
  ADD PRIMARY KEY (`id`),
  ADD KEY `mcqexamstudents_user_id_foreign` (`user_id`),
  ADD KEY `mcqexamstudents_exam_id_foreign` (`exam_id`),
  ADD KEY `mcqexamstudents_student_batch_allocation_id_foreign` (`student_batch_allocation_id`);

--
-- Indexes for table `mcqtests`
--
ALTER TABLE `mcqtests`
  ADD PRIMARY KEY (`id`);

--
-- Indexes for table `mcqtypes`
--
ALTER TABLE `mcqtypes`
  ADD PRIMARY KEY (`id`);

--
-- Indexes for table `mcq_answers`
--
ALTER TABLE `mcq_answers`
  ADD PRIMARY KEY (`id`),
  ADD KEY `mcq_answers_practisemcq_id_foreign` (`practisemcq_id`);

--
-- Indexes for table `mcq_banks`
--
ALTER TABLE `mcq_banks`
  ADD PRIMARY KEY (`id`),
  ADD KEY `mcq_banks_user_id_foreign` (`user_id`);

--
-- Indexes for table `migrations`
--
ALTER TABLE `migrations`
  ADD PRIMARY KEY (`id`);

--
-- Indexes for table `months`
--
ALTER TABLE `months`
  ADD PRIMARY KEY (`id`);

--
-- Indexes for table `m_c_q_practise_exams`
--
ALTER TABLE `m_c_q_practise_exams`
  ADD PRIMARY KEY (`id`);

--
-- Indexes for table `notifications`
--
ALTER TABLE `notifications`
  ADD PRIMARY KEY (`id`),
  ADD KEY `notifications_notifiable_type_notifiable_id_index` (`notifiable_type`,`notifiable_id`);

--
-- Indexes for table `papers`
--
ALTER TABLE `papers`
  ADD PRIMARY KEY (`id`),
  ADD KEY `papers_exam_id_foreign` (`exam_id`);

--
-- Indexes for table `password_resets`
--
ALTER TABLE `password_resets`
  ADD KEY `password_resets_email_index` (`email`);

--
-- Indexes for table `personal_access_tokens`
--
ALTER TABLE `personal_access_tokens`
  ADD PRIMARY KEY (`id`),
  ADD UNIQUE KEY `personal_access_tokens_token_unique` (`token`),
  ADD KEY `personal_access_tokens_tokenable_type_tokenable_id_index` (`tokenable_type`,`tokenable_id`);

--
-- Indexes for table `practisemcqs`
--
ALTER TABLE `practisemcqs`
  ADD PRIMARY KEY (`id`),
  ADD KEY `practisemcqs_subject_id_foreign` (`subject_id`);

--
-- Indexes for table `practise_exams`
--
ALTER TABLE `practise_exams`
  ADD PRIMARY KEY (`id`);

--
-- Indexes for table `practise_m_c_q_tests`
--
ALTER TABLE `practise_m_c_q_tests`
  ADD PRIMARY KEY (`id`),
  ADD KEY `practise_m_c_q_tests_user_id_foreign` (`user_id`);

--
-- Indexes for table `practise_papers`
--
ALTER TABLE `practise_papers`
  ADD PRIMARY KEY (`id`);

--
-- Indexes for table `practise_students`
--
ALTER TABLE `practise_students`
  ADD PRIMARY KEY (`id`),
  ADD KEY `practise_students_user_id_foreign` (`user_id`);

--
-- Indexes for table `practise_types`
--
ALTER TABLE `practise_types`
  ADD PRIMARY KEY (`id`);

--
-- Indexes for table `practis_type_names`
--
ALTER TABLE `practis_type_names`
  ADD PRIMARY KEY (`id`);

--
-- Indexes for table `questions`
--
ALTER TABLE `questions`
  ADD PRIMARY KEY (`id`);

--
-- Indexes for table `question_banks`
--
ALTER TABLE `question_banks`
  ADD PRIMARY KEY (`id`),
  ADD KEY `question_banks_user_id_foreign` (`user_id`);

--
-- Indexes for table `receipts`
--
ALTER TABLE `receipts`
  ADD PRIMARY KEY (`id`);

--
-- Indexes for table `revenues`
--
ALTER TABLE `revenues`
  ADD PRIMARY KEY (`id`),
  ADD KEY `revenues_student_id_foreign` (`student_id`);

--
-- Indexes for table `roles`
--
ALTER TABLE `roles`
  ADD PRIMARY KEY (`id`);

--
-- Indexes for table `sections`
--
ALTER TABLE `sections`
  ADD PRIMARY KEY (`id`);

--
-- Indexes for table `sessions`
--
ALTER TABLE `sessions`
  ADD PRIMARY KEY (`id`),
  ADD KEY `sessions_user_id_index` (`user_id`),
  ADD KEY `sessions_last_activity_index` (`last_activity`);

--
-- Indexes for table `statement30test_results`
--
ALTER TABLE `statement30test_results`
  ADD PRIMARY KEY (`id`),
  ADD KEY `statement30test_results_typing_test_result_id_foreign` (`typing_test_result_id`);

--
-- Indexes for table `statement30_results`
--
ALTER TABLE `statement30_results`
  ADD PRIMARY KEY (`id`);

--
-- Indexes for table `statement40test_results`
--
ALTER TABLE `statement40test_results`
  ADD PRIMARY KEY (`id`),
  ADD KEY `statement40test_results_typing_test_result_id_foreign` (`typing_test_result_id`);

--
-- Indexes for table `statement40_results`
--
ALTER TABLE `statement40_results`
  ADD PRIMARY KEY (`id`);

--
-- Indexes for table `studentfees`
--
ALTER TABLE `studentfees`
  ADD PRIMARY KEY (`id`);

--
-- Indexes for table `studentinstallments`
--
ALTER TABLE `studentinstallments`
  ADD PRIMARY KEY (`id`),
  ADD KEY `studentinstallments_student_id_foreign` (`student_id`);

--
-- Indexes for table `students`
--
ALTER TABLE `students`
  ADD PRIMARY KEY (`id`),
  ADD UNIQUE KEY `students_student_mob_unique` (`student_mob`),
  ADD KEY `students_user_id_foreign` (`user_id`);

--
-- Indexes for table `student_attendance_records`
--
ALTER TABLE `student_attendance_records`
  ADD PRIMARY KEY (`id`),
  ADD KEY `student_attendance_records_attendance_records_id_foreign` (`attendance_records_id`);

--
-- Indexes for table `student_batches`
--
ALTER TABLE `student_batches`
  ADD PRIMARY KEY (`id`),
  ADD KEY `student_batches_student_id_foreign` (`student_id`);

--
-- Indexes for table `student_batch_allocations`
--
ALTER TABLE `student_batch_allocations`
  ADD PRIMARY KEY (`id`);

--
-- Indexes for table `student_courses`
--
ALTER TABLE `student_courses`
  ADD PRIMARY KEY (`id`),
  ADD KEY `student_courses_student_id_foreign` (`student_id`);

--
-- Indexes for table `student_grnos`
--
ALTER TABLE `student_grnos`
  ADD PRIMARY KEY (`id`),
  ADD KEY `student_grnos_student_id_foreign` (`student_id`);

--
-- Indexes for table `student_infos`
--
ALTER TABLE `student_infos`
  ADD PRIMARY KEY (`id`);

--
-- Indexes for table `student_keyboard_practises`
--
ALTER TABLE `student_keyboard_practises`
  ADD PRIMARY KEY (`id`);

--
-- Indexes for table `student_reappears`
--
ALTER TABLE `student_reappears`
  ADD PRIMARY KEY (`id`),
  ADD KEY `student_reappears_student_id_foreign` (`student_id`);

--
-- Indexes for table `student_sessions`
--
ALTER TABLE `student_sessions`
  ADD PRIMARY KEY (`id`);

--
-- Indexes for table `student_student_types`
--
ALTER TABLE `student_student_types`
  ADD PRIMARY KEY (`id`),
  ADD KEY `student_student_types_student_id_foreign` (`student_id`);

--
-- Indexes for table `student_subjects`
--
ALTER TABLE `student_subjects`
  ADD PRIMARY KEY (`id`),
  ADD KEY `student_subjects_student_id_foreign` (`student_id`);

--
-- Indexes for table `student_types`
--
ALTER TABLE `student_types`
  ADD PRIMARY KEY (`id`);

--
-- Indexes for table `student__repeats`
--
ALTER TABLE `student__repeats`
  ADD PRIMARY KEY (`id`),
  ADD KEY `student__repeats_student_id_foreign` (`student_id`);

--
-- Indexes for table `subjects`
--
ALTER TABLE `subjects`
  ADD PRIMARY KEY (`id`);

--
-- Indexes for table `test_papers`
--
ALTER TABLE `test_papers`
  ADD PRIMARY KEY (`id`),
  ADD KEY `test_papers_m_c_q_practise_exam_id_foreign` (`m_c_q_practise_exam_id`);

--
-- Indexes for table `test_students`
--
ALTER TABLE `test_students`
  ADD PRIMARY KEY (`id`),
  ADD KEY `test_students_user_id_foreign` (`user_id`);

--
-- Indexes for table `total_payments`
--
ALTER TABLE `total_payments`
  ADD PRIMARY KEY (`id`);

--
-- Indexes for table `typingtests`
--
ALTER TABLE `typingtests`
  ADD PRIMARY KEY (`id`);

--
-- Indexes for table `typing_exams`
--
ALTER TABLE `typing_exams`
  ADD PRIMARY KEY (`id`);

--
-- Indexes for table `typing_practises`
--
ALTER TABLE `typing_practises`
  ADD PRIMARY KEY (`id`);

--
-- Indexes for table `typing_practise_results`
--
ALTER TABLE `typing_practise_results`
  ADD PRIMARY KEY (`id`),
  ADD KEY `typing_practise_results_typing_practise_id_foreign` (`typing_practise_id`);

--
-- Indexes for table `typing_results`
--
ALTER TABLE `typing_results`
  ADD PRIMARY KEY (`id`);

--
-- Indexes for table `typing_test_results`
--
ALTER TABLE `typing_test_results`
  ADD PRIMARY KEY (`id`),
  ADD KEY `typing_test_results_typingtest_id_foreign` (`typingtest_id`);

--
-- Indexes for table `typing_word_practices`
--
ALTER TABLE `typing_word_practices`
  ADD PRIMARY KEY (`id`);

--
-- Indexes for table `upload_typingpractises`
--
ALTER TABLE `upload_typingpractises`
  ADD PRIMARY KEY (`id`),
  ADD KEY `upload_typingpractises_typing_practise_id_foreign` (`typing_practise_id`);

--
-- Indexes for table `upperkeys`
--
ALTER TABLE `upperkeys`
  ADD PRIMARY KEY (`id`);

--
-- Indexes for table `upper_key_results`
--
ALTER TABLE `upper_key_results`
  ADD PRIMARY KEY (`id`);

--
-- Indexes for table `users`
--
ALTER TABLE `users`
  ADD PRIMARY KEY (`id`),
  ADD UNIQUE KEY `users_email_unique` (`email`);

--
-- AUTO_INCREMENT for dumped tables
--

--
-- AUTO_INCREMENT for table `answers`
--
ALTER TABLE `answers`
  MODIFY `id` bigint(20) UNSIGNED NOT NULL AUTO_INCREMENT, AUTO_INCREMENT=101;

--
-- AUTO_INCREMENT for table `attendances`
--
ALTER TABLE `attendances`
  MODIFY `id` bigint(20) UNSIGNED NOT NULL AUTO_INCREMENT, AUTO_INCREMENT=1578;

--
-- AUTO_INCREMENT for table `attendance_records`
--
ALTER TABLE `attendance_records`
  MODIFY `id` bigint(20) UNSIGNED NOT NULL AUTO_INCREMENT;

--
-- AUTO_INCREMENT for table `authorities`
--
ALTER TABLE `authorities`
  MODIFY `id` bigint(20) UNSIGNED NOT NULL AUTO_INCREMENT;

--
-- AUTO_INCREMENT for table `capitalwords`
--
ALTER TABLE `capitalwords`
  MODIFY `id` bigint(20) UNSIGNED NOT NULL AUTO_INCREMENT;

--
-- AUTO_INCREMENT for table `capital_word_results`
--
ALTER TABLE `capital_word_results`
  MODIFY `id` bigint(20) UNSIGNED NOT NULL AUTO_INCREMENT;

--
-- AUTO_INCREMENT for table `coursefees`
--
ALTER TABLE `coursefees`
  MODIFY `id` bigint(20) UNSIGNED NOT NULL AUTO_INCREMENT, AUTO_INCREMENT=10;

--
-- AUTO_INCREMENT for table `courses`
--
ALTER TABLE `courses`
  MODIFY `id` bigint(20) UNSIGNED NOT NULL AUTO_INCREMENT, AUTO_INCREMENT=5;

--
-- AUTO_INCREMENT for table `documents`
--
ALTER TABLE `documents`
  MODIFY `id` bigint(20) UNSIGNED NOT NULL AUTO_INCREMENT, AUTO_INCREMENT=2;

--
-- AUTO_INCREMENT for table `email30test_results`
--
ALTER TABLE `email30test_results`
  MODIFY `id` bigint(20) UNSIGNED NOT NULL AUTO_INCREMENT, AUTO_INCREMENT=34;

--
-- AUTO_INCREMENT for table `email30_results`
--
ALTER TABLE `email30_results`
  MODIFY `id` bigint(20) UNSIGNED NOT NULL AUTO_INCREMENT, AUTO_INCREMENT=22;

--
-- AUTO_INCREMENT for table `email40test_results`
--
ALTER TABLE `email40test_results`
  MODIFY `id` bigint(20) UNSIGNED NOT NULL AUTO_INCREMENT, AUTO_INCREMENT=4;

--
-- AUTO_INCREMENT for table `email40_results`
--
ALTER TABLE `email40_results`
  MODIFY `id` bigint(20) UNSIGNED NOT NULL AUTO_INCREMENT, AUTO_INCREMENT=10;

--
-- AUTO_INCREMENT for table `exams`
--
ALTER TABLE `exams`
  MODIFY `id` bigint(20) UNSIGNED NOT NULL AUTO_INCREMENT, AUTO_INCREMENT=26;

--
-- AUTO_INCREMENT for table `exam_batches`
--
ALTER TABLE `exam_batches`
  MODIFY `id` bigint(20) UNSIGNED NOT NULL AUTO_INCREMENT, AUTO_INCREMENT=12;

--
-- AUTO_INCREMENT for table `exam_names`
--
ALTER TABLE `exam_names`
  MODIFY `id` bigint(20) UNSIGNED NOT NULL AUTO_INCREMENT, AUTO_INCREMENT=4;

--
-- AUTO_INCREMENT for table `exam_students`
--
ALTER TABLE `exam_students`
  MODIFY `id` bigint(20) UNSIGNED NOT NULL AUTO_INCREMENT, AUTO_INCREMENT=25;

--
-- AUTO_INCREMENT for table `failed_jobs`
--
ALTER TABLE `failed_jobs`
  MODIFY `id` bigint(20) UNSIGNED NOT NULL AUTO_INCREMENT;

--
-- AUTO_INCREMENT for table `grnumbers`
--
ALTER TABLE `grnumbers`
  MODIFY `id` bigint(20) UNSIGNED NOT NULL AUTO_INCREMENT, AUTO_INCREMENT=2;

--
-- AUTO_INCREMENT for table `halltickets`
--
ALTER TABLE `halltickets`
  MODIFY `id` bigint(20) UNSIGNED NOT NULL AUTO_INCREMENT;

--
-- AUTO_INCREMENT for table `handicaps`
--
ALTER TABLE `handicaps`
  MODIFY `id` bigint(20) UNSIGNED NOT NULL AUTO_INCREMENT;

--
-- AUTO_INCREMENT for table `homekeys`
--
ALTER TABLE `homekeys`
  MODIFY `id` bigint(20) UNSIGNED NOT NULL AUTO_INCREMENT;

--
-- AUTO_INCREMENT for table `home_key_results`
--
ALTER TABLE `home_key_results`
  MODIFY `id` bigint(20) UNSIGNED NOT NULL AUTO_INCREMENT;

--
-- AUTO_INCREMENT for table `incrments`
--
ALTER TABLE `incrments`
  MODIFY `id` bigint(20) UNSIGNED NOT NULL AUTO_INCREMENT;

--
-- AUTO_INCREMENT for table `institutes`
--
ALTER TABLE `institutes`
  MODIFY `id` bigint(20) UNSIGNED NOT NULL AUTO_INCREMENT, AUTO_INCREMENT=3;

--
-- AUTO_INCREMENT for table `institute_courses`
--
ALTER TABLE `institute_courses`
  MODIFY `id` bigint(20) UNSIGNED NOT NULL AUTO_INCREMENT, AUTO_INCREMENT=5;

--
-- AUTO_INCREMENT for table `instructorpayments`
--
ALTER TABLE `instructorpayments`
  MODIFY `id` bigint(20) UNSIGNED NOT NULL AUTO_INCREMENT, AUTO_INCREMENT=2;

--
-- AUTO_INCREMENT for table `instructors`
--
ALTER TABLE `instructors`
  MODIFY `id` bigint(20) UNSIGNED NOT NULL AUTO_INCREMENT, AUTO_INCREMENT=2;

--
-- AUTO_INCREMENT for table `isessions`
--
ALTER TABLE `isessions`
  MODIFY `id` bigint(20) UNSIGNED NOT NULL AUTO_INCREMENT, AUTO_INCREMENT=3;

--
-- AUTO_INCREMENT for table `itimings`
--
ALTER TABLE `itimings`
  MODIFY `id` bigint(20) UNSIGNED NOT NULL AUTO_INCREMENT, AUTO_INCREMENT=13;

--
-- AUTO_INCREMENT for table `jobs`
--
ALTER TABLE `jobs`
  MODIFY `id` bigint(20) UNSIGNED NOT NULL AUTO_INCREMENT, AUTO_INCREMENT=25;

--
-- AUTO_INCREMENT for table `keboard_practices`
--
ALTER TABLE `keboard_practices`
  MODIFY `id` bigint(20) UNSIGNED NOT NULL AUTO_INCREMENT, AUTO_INCREMENT=4;

--
-- AUTO_INCREMENT for table `keyboard_practise_results`
--
ALTER TABLE `keyboard_practise_results`
  MODIFY `id` bigint(20) UNSIGNED NOT NULL AUTO_INCREMENT;

--
-- AUTO_INCREMENT for table `languages`
--
ALTER TABLE `languages`
  MODIFY `id` bigint(20) UNSIGNED NOT NULL AUTO_INCREMENT;

--
-- AUTO_INCREMENT for table `letter30test_results`
--
ALTER TABLE `letter30test_results`
  MODIFY `id` bigint(20) UNSIGNED NOT NULL AUTO_INCREMENT, AUTO_INCREMENT=27;

--
-- AUTO_INCREMENT for table `letter_results`
--
ALTER TABLE `letter_results`
  MODIFY `id` bigint(20) UNSIGNED NOT NULL AUTO_INCREMENT, AUTO_INCREMENT=11;

--
-- AUTO_INCREMENT for table `licenses`
--
ALTER TABLE `licenses`
  MODIFY `id` bigint(20) UNSIGNED NOT NULL AUTO_INCREMENT, AUTO_INCREMENT=2;

--
-- AUTO_INCREMENT for table `license_payments`
--
ALTER TABLE `license_payments`
  MODIFY `id` bigint(20) UNSIGNED NOT NULL AUTO_INCREMENT, AUTO_INCREMENT=9;

--
-- AUTO_INCREMENT for table `lowerkeys`
--
ALTER TABLE `lowerkeys`
  MODIFY `id` bigint(20) UNSIGNED NOT NULL AUTO_INCREMENT;

--
-- AUTO_INCREMENT for table `lower_key_results`
--
ALTER TABLE `lower_key_results`
  MODIFY `id` bigint(20) UNSIGNED NOT NULL AUTO_INCREMENT;

--
-- AUTO_INCREMENT for table `mcqexamstudents`
--
ALTER TABLE `mcqexamstudents`
  MODIFY `id` bigint(20) UNSIGNED NOT NULL AUTO_INCREMENT, AUTO_INCREMENT=117;

--
-- AUTO_INCREMENT for table `mcqtests`
--
ALTER TABLE `mcqtests`
  MODIFY `id` bigint(20) UNSIGNED NOT NULL AUTO_INCREMENT;

--
-- AUTO_INCREMENT for table `mcqtypes`
--
ALTER TABLE `mcqtypes`
  MODIFY `id` bigint(20) UNSIGNED NOT NULL AUTO_INCREMENT, AUTO_INCREMENT=7;

--
-- AUTO_INCREMENT for table `mcq_answers`
--
ALTER TABLE `mcq_answers`
  MODIFY `id` bigint(20) UNSIGNED NOT NULL AUTO_INCREMENT, AUTO_INCREMENT=25;

--
-- AUTO_INCREMENT for table `mcq_banks`
--
ALTER TABLE `mcq_banks`
  MODIFY `id` bigint(20) UNSIGNED NOT NULL AUTO_INCREMENT;

--
-- AUTO_INCREMENT for table `migrations`
--
ALTER TABLE `migrations`
  MODIFY `id` int(10) UNSIGNED NOT NULL AUTO_INCREMENT, AUTO_INCREMENT=140;

--
-- AUTO_INCREMENT for table `months`
--
ALTER TABLE `months`
  MODIFY `id` bigint(20) UNSIGNED NOT NULL AUTO_INCREMENT, AUTO_INCREMENT=13;

--
-- AUTO_INCREMENT for table `m_c_q_practise_exams`
--
ALTER TABLE `m_c_q_practise_exams`
  MODIFY `id` bigint(20) UNSIGNED NOT NULL AUTO_INCREMENT, AUTO_INCREMENT=7;

--
-- AUTO_INCREMENT for table `papers`
--
ALTER TABLE `papers`
  MODIFY `id` bigint(20) UNSIGNED NOT NULL AUTO_INCREMENT, AUTO_INCREMENT=120;

--
-- AUTO_INCREMENT for table `personal_access_tokens`
--
ALTER TABLE `personal_access_tokens`
  MODIFY `id` bigint(20) UNSIGNED NOT NULL AUTO_INCREMENT, AUTO_INCREMENT=1786;

--
-- AUTO_INCREMENT for table `practisemcqs`
--
ALTER TABLE `practisemcqs`
  MODIFY `id` bigint(20) UNSIGNED NOT NULL AUTO_INCREMENT, AUTO_INCREMENT=7;

--
-- AUTO_INCREMENT for table `practise_exams`
--
ALTER TABLE `practise_exams`
  MODIFY `id` bigint(20) UNSIGNED NOT NULL AUTO_INCREMENT;

--
-- AUTO_INCREMENT for table `practise_m_c_q_tests`
--
ALTER TABLE `practise_m_c_q_tests`
  MODIFY `id` bigint(20) UNSIGNED NOT NULL AUTO_INCREMENT, AUTO_INCREMENT=7;

--
-- AUTO_INCREMENT for table `practise_papers`
--
ALTER TABLE `practise_papers`
  MODIFY `id` bigint(20) UNSIGNED NOT NULL AUTO_INCREMENT, AUTO_INCREMENT=13;

--
-- AUTO_INCREMENT for table `practise_students`
--
ALTER TABLE `practise_students`
  MODIFY `id` bigint(20) UNSIGNED NOT NULL AUTO_INCREMENT;

--
-- AUTO_INCREMENT for table `practise_types`
--
ALTER TABLE `practise_types`
  MODIFY `id` bigint(20) UNSIGNED NOT NULL AUTO_INCREMENT, AUTO_INCREMENT=53;

--
-- AUTO_INCREMENT for table `practis_type_names`
--
ALTER TABLE `practis_type_names`
  MODIFY `id` bigint(20) UNSIGNED NOT NULL AUTO_INCREMENT, AUTO_INCREMENT=9;

--
-- AUTO_INCREMENT for table `questions`
--
ALTER TABLE `questions`
  MODIFY `id` bigint(20) UNSIGNED NOT NULL AUTO_INCREMENT, AUTO_INCREMENT=6;

--
-- AUTO_INCREMENT for table `question_banks`
--
ALTER TABLE `question_banks`
  MODIFY `id` bigint(20) UNSIGNED NOT NULL AUTO_INCREMENT, AUTO_INCREMENT=4;

--
-- AUTO_INCREMENT for table `receipts`
--
ALTER TABLE `receipts`
  MODIFY `id` bigint(20) UNSIGNED NOT NULL AUTO_INCREMENT;

--
-- AUTO_INCREMENT for table `revenues`
--
ALTER TABLE `revenues`
  MODIFY `id` bigint(20) UNSIGNED NOT NULL AUTO_INCREMENT;

--
-- AUTO_INCREMENT for table `roles`
--
ALTER TABLE `roles`
  MODIFY `id` bigint(20) UNSIGNED NOT NULL AUTO_INCREMENT;

--
-- AUTO_INCREMENT for table `sections`
--
ALTER TABLE `sections`
  MODIFY `id` bigint(20) UNSIGNED NOT NULL AUTO_INCREMENT;

--
-- AUTO_INCREMENT for table `statement30test_results`
--
ALTER TABLE `statement30test_results`
  MODIFY `id` bigint(20) UNSIGNED NOT NULL AUTO_INCREMENT, AUTO_INCREMENT=4;

--
-- AUTO_INCREMENT for table `statement30_results`
--
ALTER TABLE `statement30_results`
  MODIFY `id` bigint(20) UNSIGNED NOT NULL AUTO_INCREMENT, AUTO_INCREMENT=16;

--
-- AUTO_INCREMENT for table `statement40test_results`
--
ALTER TABLE `statement40test_results`
  MODIFY `id` bigint(20) UNSIGNED NOT NULL AUTO_INCREMENT, AUTO_INCREMENT=2;

--
-- AUTO_INCREMENT for table `statement40_results`
--
ALTER TABLE `statement40_results`
  MODIFY `id` bigint(20) UNSIGNED NOT NULL AUTO_INCREMENT, AUTO_INCREMENT=2;

--
-- AUTO_INCREMENT for table `studentfees`
--
ALTER TABLE `studentfees`
  MODIFY `id` bigint(20) UNSIGNED NOT NULL AUTO_INCREMENT;

--
-- AUTO_INCREMENT for table `studentinstallments`
--
ALTER TABLE `studentinstallments`
  MODIFY `id` bigint(20) UNSIGNED NOT NULL AUTO_INCREMENT, AUTO_INCREMENT=78;

--
-- AUTO_INCREMENT for table `students`
--
ALTER TABLE `students`
  MODIFY `id` bigint(20) UNSIGNED NOT NULL AUTO_INCREMENT, AUTO_INCREMENT=10;

--
-- AUTO_INCREMENT for table `student_attendance_records`
--
ALTER TABLE `student_attendance_records`
  MODIFY `id` bigint(20) UNSIGNED NOT NULL AUTO_INCREMENT;

--
-- AUTO_INCREMENT for table `student_batches`
--
ALTER TABLE `student_batches`
  MODIFY `id` bigint(20) UNSIGNED NOT NULL AUTO_INCREMENT, AUTO_INCREMENT=388;

--
-- AUTO_INCREMENT for table `student_batch_allocations`
--
ALTER TABLE `student_batch_allocations`
  MODIFY `id` bigint(20) UNSIGNED NOT NULL AUTO_INCREMENT, AUTO_INCREMENT=11;

--
-- AUTO_INCREMENT for table `student_courses`
--
ALTER TABLE `student_courses`
  MODIFY `id` bigint(20) UNSIGNED NOT NULL AUTO_INCREMENT, AUTO_INCREMENT=22;

--
-- AUTO_INCREMENT for table `student_grnos`
--
ALTER TABLE `student_grnos`
  MODIFY `id` bigint(20) UNSIGNED NOT NULL AUTO_INCREMENT, AUTO_INCREMENT=10;

--
-- AUTO_INCREMENT for table `student_infos`
--
ALTER TABLE `student_infos`
  MODIFY `id` bigint(20) UNSIGNED NOT NULL AUTO_INCREMENT;

--
-- AUTO_INCREMENT for table `student_keyboard_practises`
--
ALTER TABLE `student_keyboard_practises`
  MODIFY `id` bigint(20) UNSIGNED NOT NULL AUTO_INCREMENT, AUTO_INCREMENT=436;

--
-- AUTO_INCREMENT for table `student_reappears`
--
ALTER TABLE `student_reappears`
  MODIFY `id` bigint(20) UNSIGNED NOT NULL AUTO_INCREMENT;

--
-- AUTO_INCREMENT for table `student_sessions`
--
ALTER TABLE `student_sessions`
  MODIFY `id` bigint(20) UNSIGNED NOT NULL AUTO_INCREMENT, AUTO_INCREMENT=162;

--
-- AUTO_INCREMENT for table `student_student_types`
--
ALTER TABLE `student_student_types`
  MODIFY `id` bigint(20) UNSIGNED NOT NULL AUTO_INCREMENT, AUTO_INCREMENT=10;

--
-- AUTO_INCREMENT for table `student_subjects`
--
ALTER TABLE `student_subjects`
  MODIFY `id` bigint(20) UNSIGNED NOT NULL AUTO_INCREMENT, AUTO_INCREMENT=64;

--
-- AUTO_INCREMENT for table `student_types`
--
ALTER TABLE `student_types`
  MODIFY `id` bigint(20) UNSIGNED NOT NULL AUTO_INCREMENT, AUTO_INCREMENT=7;

--
-- AUTO_INCREMENT for table `student__repeats`
--
ALTER TABLE `student__repeats`
  MODIFY `id` bigint(20) UNSIGNED NOT NULL AUTO_INCREMENT;

--
-- AUTO_INCREMENT for table `subjects`
--
ALTER TABLE `subjects`
  MODIFY `id` bigint(20) UNSIGNED NOT NULL AUTO_INCREMENT, AUTO_INCREMENT=11;

--
-- AUTO_INCREMENT for table `test_papers`
--
ALTER TABLE `test_papers`
  MODIFY `id` bigint(20) UNSIGNED NOT NULL AUTO_INCREMENT, AUTO_INCREMENT=37;

--
-- AUTO_INCREMENT for table `test_students`
--
ALTER TABLE `test_students`
  MODIFY `id` bigint(20) UNSIGNED NOT NULL AUTO_INCREMENT, AUTO_INCREMENT=21;

--
-- AUTO_INCREMENT for table `total_payments`
--
ALTER TABLE `total_payments`
  MODIFY `id` bigint(20) UNSIGNED NOT NULL AUTO_INCREMENT, AUTO_INCREMENT=3;

--
-- AUTO_INCREMENT for table `typingtests`
--
ALTER TABLE `typingtests`
  MODIFY `id` bigint(20) UNSIGNED NOT NULL AUTO_INCREMENT, AUTO_INCREMENT=219;

--
-- AUTO_INCREMENT for table `typing_exams`
--
ALTER TABLE `typing_exams`
  MODIFY `id` bigint(20) UNSIGNED NOT NULL AUTO_INCREMENT, AUTO_INCREMENT=24;

--
-- AUTO_INCREMENT for table `typing_practises`
--
ALTER TABLE `typing_practises`
  MODIFY `id` bigint(20) UNSIGNED NOT NULL AUTO_INCREMENT, AUTO_INCREMENT=236;

--
-- AUTO_INCREMENT for table `typing_practise_results`
--
ALTER TABLE `typing_practise_results`
  MODIFY `id` bigint(20) UNSIGNED NOT NULL AUTO_INCREMENT, AUTO_INCREMENT=19;

--
-- AUTO_INCREMENT for table `typing_results`
--
ALTER TABLE `typing_results`
  MODIFY `id` bigint(20) UNSIGNED NOT NULL AUTO_INCREMENT;

--
-- AUTO_INCREMENT for table `typing_test_results`
--
ALTER TABLE `typing_test_results`
  MODIFY `id` bigint(20) UNSIGNED NOT NULL AUTO_INCREMENT, AUTO_INCREMENT=78;

--
-- AUTO_INCREMENT for table `typing_word_practices`
--
ALTER TABLE `typing_word_practices`
  MODIFY `id` bigint(20) UNSIGNED NOT NULL AUTO_INCREMENT;

--
-- AUTO_INCREMENT for table `upload_typingpractises`
--
ALTER TABLE `upload_typingpractises`
  MODIFY `id` bigint(20) UNSIGNED NOT NULL AUTO_INCREMENT;

--
-- AUTO_INCREMENT for table `upperkeys`
--
ALTER TABLE `upperkeys`
  MODIFY `id` bigint(20) UNSIGNED NOT NULL AUTO_INCREMENT;

--
-- AUTO_INCREMENT for table `upper_key_results`
--
ALTER TABLE `upper_key_results`
  MODIFY `id` bigint(20) UNSIGNED NOT NULL AUTO_INCREMENT;

--
-- AUTO_INCREMENT for table `users`
--
ALTER TABLE `users`
  MODIFY `id` bigint(20) UNSIGNED NOT NULL AUTO_INCREMENT, AUTO_INCREMENT=14;

--
-- Constraints for dumped tables
--

--
-- Constraints for table `answers`
--
ALTER TABLE `answers`
  ADD CONSTRAINT `answers_question_id_foreign` FOREIGN KEY (`question_id`) REFERENCES `questions` (`id`) ON DELETE CASCADE;

--
-- Constraints for table `email30test_results`
--
ALTER TABLE `email30test_results`
  ADD CONSTRAINT `email30test_results_typing_test_result_id_foreign` FOREIGN KEY (`typing_test_result_id`) REFERENCES `typing_test_results` (`id`) ON DELETE CASCADE;

--
-- Constraints for table `email40test_results`
--
ALTER TABLE `email40test_results`
  ADD CONSTRAINT `email40test_results_typing_test_result_id_foreign` FOREIGN KEY (`typing_test_result_id`) REFERENCES `typing_test_results` (`id`) ON DELETE CASCADE;

--
-- Constraints for table `exam_students`
--
ALTER TABLE `exam_students`
  ADD CONSTRAINT `exam_students_user_id_foreign` FOREIGN KEY (`user_id`) REFERENCES `users` (`id`) ON DELETE CASCADE;

--
-- Constraints for table `halltickets`
--
ALTER TABLE `halltickets`
  ADD CONSTRAINT `halltickets_student_id_foreign` FOREIGN KEY (`student_id`) REFERENCES `students` (`id`) ON DELETE CASCADE;

--
-- Constraints for table `institutes`
--
ALTER TABLE `institutes`
  ADD CONSTRAINT `institutes_user_id_foreign` FOREIGN KEY (`user_id`) REFERENCES `users` (`id`) ON DELETE CASCADE;

--
-- Constraints for table `institute_courses`
--
ALTER TABLE `institute_courses`
  ADD CONSTRAINT `institute_courses_institute_id_foreign` FOREIGN KEY (`institute_id`) REFERENCES `institutes` (`id`) ON DELETE CASCADE;

--
-- Constraints for table `instructorpayments`
--
ALTER TABLE `instructorpayments`
  ADD CONSTRAINT `instructorpayments_instructor_id_foreign` FOREIGN KEY (`instructor_id`) REFERENCES `instructors` (`id`) ON DELETE CASCADE;

--
-- Constraints for table `instructors`
--
ALTER TABLE `instructors`
  ADD CONSTRAINT `instructors_user_id_foreign` FOREIGN KEY (`user_id`) REFERENCES `users` (`id`) ON DELETE CASCADE;

--
-- Constraints for table `letter30test_results`
--
ALTER TABLE `letter30test_results`
  ADD CONSTRAINT `letter30test_results_typing_test_result_id_foreign` FOREIGN KEY (`typing_test_result_id`) REFERENCES `typing_test_results` (`id`) ON DELETE CASCADE;

--
-- Constraints for table `license_payments`
--
ALTER TABLE `license_payments`
  ADD CONSTRAINT `license_payments_student_id_foreign` FOREIGN KEY (`student_id`) REFERENCES `students` (`id`) ON DELETE CASCADE,
  ADD CONSTRAINT `license_payments_total_payment_id_foreign` FOREIGN KEY (`total_payment_id`) REFERENCES `total_payments` (`id`) ON DELETE CASCADE;

--
-- Constraints for table `mcqexamstudents`
--
ALTER TABLE `mcqexamstudents`
  ADD CONSTRAINT `mcqexamstudents_exam_id_foreign` FOREIGN KEY (`exam_id`) REFERENCES `exams` (`id`) ON DELETE CASCADE,
  ADD CONSTRAINT `mcqexamstudents_student_batch_allocation_id_foreign` FOREIGN KEY (`student_batch_allocation_id`) REFERENCES `student_batch_allocations` (`id`) ON DELETE CASCADE,
  ADD CONSTRAINT `mcqexamstudents_user_id_foreign` FOREIGN KEY (`user_id`) REFERENCES `users` (`id`) ON DELETE CASCADE;

--
-- Constraints for table `mcq_answers`
--
ALTER TABLE `mcq_answers`
  ADD CONSTRAINT `mcq_answers_practisemcq_id_foreign` FOREIGN KEY (`practisemcq_id`) REFERENCES `practisemcqs` (`id`) ON DELETE CASCADE;

--
-- Constraints for table `mcq_banks`
--
ALTER TABLE `mcq_banks`
  ADD CONSTRAINT `mcq_banks_user_id_foreign` FOREIGN KEY (`user_id`) REFERENCES `users` (`id`) ON DELETE CASCADE;

--
-- Constraints for table `papers`
--
ALTER TABLE `papers`
  ADD CONSTRAINT `papers_exam_id_foreign` FOREIGN KEY (`exam_id`) REFERENCES `exams` (`id`) ON DELETE CASCADE;

--
-- Constraints for table `practisemcqs`
--
ALTER TABLE `practisemcqs`
  ADD CONSTRAINT `practisemcqs_subject_id_foreign` FOREIGN KEY (`subject_id`) REFERENCES `subjects` (`id`) ON DELETE CASCADE;

--
-- Constraints for table `practise_m_c_q_tests`
--
ALTER TABLE `practise_m_c_q_tests`
  ADD CONSTRAINT `practise_m_c_q_tests_user_id_foreign` FOREIGN KEY (`user_id`) REFERENCES `users` (`id`) ON DELETE CASCADE;

--
-- Constraints for table `practise_students`
--
ALTER TABLE `practise_students`
  ADD CONSTRAINT `practise_students_user_id_foreign` FOREIGN KEY (`user_id`) REFERENCES `users` (`id`) ON DELETE CASCADE;

--
-- Constraints for table `question_banks`
--
ALTER TABLE `question_banks`
  ADD CONSTRAINT `question_banks_user_id_foreign` FOREIGN KEY (`user_id`) REFERENCES `users` (`id`) ON DELETE CASCADE;

--
-- Constraints for table `revenues`
--
ALTER TABLE `revenues`
  ADD CONSTRAINT `revenues_student_id_foreign` FOREIGN KEY (`student_id`) REFERENCES `students` (`id`) ON DELETE CASCADE;

--
-- Constraints for table `statement30test_results`
--
ALTER TABLE `statement30test_results`
  ADD CONSTRAINT `statement30test_results_typing_test_result_id_foreign` FOREIGN KEY (`typing_test_result_id`) REFERENCES `typing_test_results` (`id`) ON DELETE CASCADE;

--
-- Constraints for table `statement40test_results`
--
ALTER TABLE `statement40test_results`
  ADD CONSTRAINT `statement40test_results_typing_test_result_id_foreign` FOREIGN KEY (`typing_test_result_id`) REFERENCES `typing_test_results` (`id`) ON DELETE CASCADE;

--
-- Constraints for table `studentinstallments`
--
ALTER TABLE `studentinstallments`
  ADD CONSTRAINT `studentinstallments_student_id_foreign` FOREIGN KEY (`student_id`) REFERENCES `students` (`id`) ON DELETE CASCADE;

--
-- Constraints for table `students`
--
ALTER TABLE `students`
  ADD CONSTRAINT `students_user_id_foreign` FOREIGN KEY (`user_id`) REFERENCES `users` (`id`) ON DELETE CASCADE;

--
-- Constraints for table `student_attendance_records`
--
ALTER TABLE `student_attendance_records`
  ADD CONSTRAINT `student_attendance_records_attendance_records_id_foreign` FOREIGN KEY (`attendance_records_id`) REFERENCES `attendance_records` (`id`) ON DELETE CASCADE;

--
-- Constraints for table `student_batches`
--
ALTER TABLE `student_batches`
  ADD CONSTRAINT `student_batches_student_id_foreign` FOREIGN KEY (`student_id`) REFERENCES `students` (`id`) ON DELETE CASCADE;

--
-- Constraints for table `student_courses`
--
ALTER TABLE `student_courses`
  ADD CONSTRAINT `student_courses_student_id_foreign` FOREIGN KEY (`student_id`) REFERENCES `students` (`id`) ON DELETE CASCADE;

--
-- Constraints for table `student_grnos`
--
ALTER TABLE `student_grnos`
  ADD CONSTRAINT `student_grnos_student_id_foreign` FOREIGN KEY (`student_id`) REFERENCES `students` (`id`) ON DELETE CASCADE;

--
-- Constraints for table `student_reappears`
--
ALTER TABLE `student_reappears`
  ADD CONSTRAINT `student_reappears_student_id_foreign` FOREIGN KEY (`student_id`) REFERENCES `students` (`id`) ON DELETE CASCADE;

--
-- Constraints for table `student_student_types`
--
ALTER TABLE `student_student_types`
  ADD CONSTRAINT `student_student_types_student_id_foreign` FOREIGN KEY (`student_id`) REFERENCES `students` (`id`) ON DELETE CASCADE;

--
-- Constraints for table `student_subjects`
--
ALTER TABLE `student_subjects`
  ADD CONSTRAINT `student_subjects_student_id_foreign` FOREIGN KEY (`student_id`) REFERENCES `students` (`id`) ON DELETE CASCADE;

--
-- Constraints for table `student__repeats`
--
ALTER TABLE `student__repeats`
  ADD CONSTRAINT `student__repeats_student_id_foreign` FOREIGN KEY (`student_id`) REFERENCES `students` (`id`) ON DELETE CASCADE;

--
-- Constraints for table `test_papers`
--
ALTER TABLE `test_papers`
  ADD CONSTRAINT `test_papers_m_c_q_practise_exam_id_foreign` FOREIGN KEY (`m_c_q_practise_exam_id`) REFERENCES `m_c_q_practise_exams` (`id`) ON DELETE CASCADE;

--
-- Constraints for table `test_students`
--
ALTER TABLE `test_students`
  ADD CONSTRAINT `test_students_user_id_foreign` FOREIGN KEY (`user_id`) REFERENCES `users` (`id`) ON DELETE CASCADE;

--
-- Constraints for table `typing_practise_results`
--
ALTER TABLE `typing_practise_results`
  ADD CONSTRAINT `typing_practise_results_typing_practise_id_foreign` FOREIGN KEY (`typing_practise_id`) REFERENCES `typing_practises` (`id`) ON DELETE CASCADE;

--
-- Constraints for table `typing_test_results`
--
ALTER TABLE `typing_test_results`
  ADD CONSTRAINT `typing_test_results_typingtest_id_foreign` FOREIGN KEY (`typingtest_id`) REFERENCES `typingtests` (`id`) ON DELETE CASCADE;

--
-- Constraints for table `upload_typingpractises`
--
ALTER TABLE `upload_typingpractises`
  ADD CONSTRAINT `upload_typingpractises_typing_practise_id_foreign` FOREIGN KEY (`typing_practise_id`) REFERENCES `typing_practises` (`id`) ON DELETE CASCADE;
COMMIT;

/*!40101 SET CHARACTER_SET_CLIENT=@OLD_CHARACTER_SET_CLIENT */;
/*!40101 SET CHARACTER_SET_RESULTS=@OLD_CHARACTER_SET_RESULTS */;
/*!40101 SET COLLATION_CONNECTION=@OLD_COLLATION_CONNECTION */;
